Registry_Namespace,Qualified_Original_Reference,Original_Reference,Canonical_Definition_Present,Candidate_Qualified_Experiment_ID,Alias_Resolution,Qualified_Referencing_Claims,Required_Action,Execution_Eligible,Audit_Source
STAR-PDF-v0.2,STAR-PDF-v0.2:EXP-CORE-A01,EXP-CORE-A01,false,,NO ALIAS ASSIGNED,STAR-PDF-v0.2:CORE-001,Preserve original reference and reconcile/register its complete protocol explicitly. A related canonical experiment is not a confirmed alias.,false,historical/r&d/docs/provenance_audit/crosswalk_updates.json
STAR-PDF-v0.2,STAR-PDF-v0.2:EXP-RANK-A03,EXP-RANK-A03,false,,NO ALIAS ASSIGNED,STAR-PDF-v0.2:RANK-003,Preserve original reference and reconcile/register its complete protocol explicitly. A related canonical experiment is not a confirmed alias.,false,historical/r&d/docs/provenance_audit/crosswalk_updates.json
STAR-PDF-v0.2,STAR-PDF-v0.2:EXP-TOPO-A02,EXP-TOPO-A02,false,,NO ALIAS ASSIGNED,STAR-PDF-v0.2:TOPO-002,Preserve original reference and reconcile/register its complete protocol explicitly. A related canonical experiment is not a confirmed alias.,false,historical/r&d/docs/provenance_audit/crosswalk_updates.json
STAR-PDF-v0.2,STAR-PDF-v0.2:EXP-TOPO-A03,EXP-TOPO-A03,false,,NO ALIAS ASSIGNED,STAR-PDF-v0.2:TOPO-003,Preserve original reference and reconcile/register its complete protocol explicitly. A related canonical experiment is not a confirmed alias.,false,historical/r&d/docs/provenance_audit/crosswalk_updates.json
STAR-PDF-v0.2,STAR-PDF-v0.2:EXP-K002,EXP-K002,false,,NO ALIAS ASSIGNED,STAR-PDF-v0.2:MATH-K003,Preserve original reference and reconcile/register its complete protocol explicitly. A related canonical experiment is not a confirmed alias.,false,historical/r&d/docs/provenance_audit/crosswalk_updates.json
STAR-PDF-v0.2,STAR-PDF-v0.2:CTRL-COSMO-001,CTRL-COSMO-001,false,,NO ALIAS ASSIGNED,STAR-PDF-v0.2:COSMO-R001,Preserve original reference and reconcile/register its complete protocol explicitly. A related canonical experiment is not a confirmed alias.,false,historical/r&d/docs/provenance_audit/crosswalk_updates.json
STAR-PDF-v0.2,STAR-PDF-v0.2:DATA-PROV-001,DATA-PROV-001,false,STAR-PDF-v0.2:EXP-DATA-A02,UNCONFIRMED,STAR-PDF-v0.2:DATA-M002,Preserve original reference and reconcile/register its complete protocol explicitly. A related canonical experiment is not a confirmed alias.,false,historical/r&d/docs/provenance_audit/crosswalk_updates.json
STAR-PDF-v0.2,STAR-PDF-v0.2:EXP-FIELD-B03,EXP-FIELD-B03,false,,NO ALIAS ASSIGNED,STAR-PDF-v0.2:FIELD-003,Preserve original reference and reconcile/register its complete protocol explicitly. A related canonical experiment is not a confirmed alias.,false,historical/r&d/docs/provenance_audit/crosswalk_updates.json
STAR-PDF-v0.2,STAR-PDF-v0.2:EXP-ECC-B02,EXP-ECC-B02,false,,NO ALIAS ASSIGNED,STAR-PDF-v0.2:ECC-003,Preserve original reference and reconcile/register its complete protocol explicitly. A related canonical experiment is not a confirmed alias.,false,historical/r&d/docs/provenance_audit/crosswalk_updates.json
STAR-PDF-v0.2,STAR-PDF-v0.2:EXP-COSMO-B02,EXP-COSMO-B02,false,STAR-PDF-v0.2:EXP-COSMO-C01,UNCONFIRMED,STAR-PDF-v0.2:COSMO-E002,Preserve original reference and reconcile/register its complete protocol explicitly. A related canonical experiment is not a confirmed alias.,false,historical/r&d/docs/provenance_audit/crosswalk_updates.json
