Qualified_ID,Audit_Source,Recovery_Status,Recovery_Assessment,Audit_Reference,Controlled_Support_Eligible,Physical_Support_Eligible,Recovery_Candidate_Group,Recovery_Candidate_Count,Unresolved_Binding
STAR-PDF-v0.2:CORE-001,claim_evidence_audit_v0.3.csv,historical_recovered_pending_lineage_review,"New whole scripts, query records and saved outputs are archival context; existing negative/null, hypothesis and quarantined assessments retained; no independently validated empirical support.",historical/r&d/docs/recovered_corpus_audit_2026-10-08/README.md,false,false,,0,candidate_artifact_groups.json records topic locators only; exact protocol/data/result/environment binding and independent validation remain unresolved
STAR-PDF-v0.2:RANK-001,claim_evidence_audit_v0.3.csv,historical_recovered_pending_lineage_review,"New whole scripts, query records and saved outputs are archival context; existing negative/null, hypothesis and quarantined assessments retained; no independently validated empirical support.",historical/r&d/docs/recovered_corpus_audit_2026-10-08/README.md,false,false,,0,candidate_artifact_groups.json records topic locators only; exact protocol/data/result/environment binding and independent validation remain unresolved
STAR-PDF-v0.2:RANK-002,claim_evidence_audit_v0.3.csv,historical_recovered_pending_lineage_review,"New whole scripts, query records and saved outputs are archival context; existing negative/null, hypothesis and quarantined assessments retained; no independently validated empirical support.",historical/r&d/docs/recovered_corpus_audit_2026-10-08/README.md,false,false,,0,candidate_artifact_groups.json records topic locators only; exact protocol/data/result/environment binding and independent validation remain unresolved
STAR-PDF-v0.2:RANK-003,claim_evidence_audit_v0.3.csv,historical_recovered_pending_lineage_review,"New whole scripts, query records and saved outputs are archival context; existing negative/null, hypothesis and quarantined assessments retained; no independently validated empirical support.",historical/r&d/docs/recovered_corpus_audit_2026-10-08/README.md,false,false,,0,candidate_artifact_groups.json records topic locators only; exact protocol/data/result/environment binding and independent validation remain unresolved
STAR-PDF-v0.2:MAP-001,claim_evidence_audit_v0.3.csv,historical_recovered_pending_lineage_review,Recovered arithmetic/mapping programs and saved outputs are scoped candidates. Other curves are not equated with the short benchmark. The period-normalization correction test is retained; existing superseded fragments stay superseded. The locked operational EXP-MAP-A01 source is separate from the historical PDF mapping-family definition.,historical/r&d/docs/recovered_corpus_audit_2026-10-08/README.md,false,false,benchmark_arithmetic,148,candidate_artifact_groups.json records topic locators only; exact protocol/data/result/environment binding and independent validation remain unresolved
STAR-PDF-v0.2:MAP-002,claim_evidence_audit_v0.3.csv,historical_recovered_pending_lineage_review,Recovered arithmetic/mapping programs and saved outputs are scoped candidates. Other curves are not equated with the short benchmark. The period-normalization correction test is retained; existing superseded fragments stay superseded. The locked operational EXP-MAP-A01 source is separate from the historical PDF mapping-family definition.,historical/r&d/docs/recovered_corpus_audit_2026-10-08/README.md,false,false,benchmark_arithmetic,148,candidate_artifact_groups.json records topic locators only; exact protocol/data/result/environment binding and independent validation remain unresolved
STAR-PDF-v0.2:MAP-003,claim_evidence_audit_v0.3.csv,historical_recovered_pending_lineage_review,Recovered arithmetic/mapping programs and saved outputs are scoped candidates. Other curves are not equated with the short benchmark. The period-normalization correction test is retained; existing superseded fragments stay superseded. The locked operational EXP-MAP-A01 source is separate from the historical PDF mapping-family definition.,historical/r&d/docs/recovered_corpus_audit_2026-10-08/README.md,false,false,benchmark_arithmetic,148,candidate_artifact_groups.json records topic locators only; exact protocol/data/result/environment binding and independent validation remain unresolved
STAR-PDF-v0.2:MAP-004,claim_evidence_audit_v0.3.csv,historical_recovered_pending_lineage_review,Recovered arithmetic/mapping programs and saved outputs are scoped candidates. Other curves are not equated with the short benchmark. The period-normalization correction test is retained; existing superseded fragments stay superseded. The locked operational EXP-MAP-A01 source is separate from the historical PDF mapping-family definition.,historical/r&d/docs/recovered_corpus_audit_2026-10-08/README.md,false,false,benchmark_arithmetic,148,candidate_artifact_groups.json records topic locators only; exact protocol/data/result/environment binding and independent validation remain unresolved
STAR-PDF-v0.2:MAP-005,claim_evidence_audit_v0.3.csv,historical_recovered_pending_lineage_review,Recovered arithmetic/mapping programs and saved outputs are scoped candidates. Other curves are not equated with the short benchmark. The period-normalization correction test is retained; existing superseded fragments stay superseded. The locked operational EXP-MAP-A01 source is separate from the historical PDF mapping-family definition.,historical/r&d/docs/recovered_corpus_audit_2026-10-08/README.md,false,false,benchmark_arithmetic,148,candidate_artifact_groups.json records topic locators only; exact protocol/data/result/environment binding and independent validation remain unresolved
STAR-PDF-v0.2:ARITH-001,claim_evidence_audit_v0.3.csv,historical_recovered_pending_lineage_review,Recovered arithmetic/mapping programs and saved outputs are scoped candidates. Other curves are not equated with the short benchmark. The period-normalization correction test is retained; existing superseded fragments stay superseded. The locked operational EXP-MAP-A01 source is separate from the historical PDF mapping-family definition.,historical/r&d/docs/recovered_corpus_audit_2026-10-08/README.md,false,false,benchmark_arithmetic,148,candidate_artifact_groups.json records topic locators only; exact protocol/data/result/environment binding and independent validation remain unresolved
STAR-PDF-v0.2:TOPO-001,claim_evidence_audit_v0.3.csv,historical_recovered_pending_lineage_review,"New whole scripts, query records and saved outputs are archival context; existing negative/null, hypothesis and quarantined assessments retained; no independently validated empirical support.",historical/r&d/docs/recovered_corpus_audit_2026-10-08/README.md,false,false,,0,candidate_artifact_groups.json records topic locators only; exact protocol/data/result/environment binding and independent validation remain unresolved
STAR-PDF-v0.2:TOPO-002,claim_evidence_audit_v0.3.csv,historical_recovered_pending_lineage_review,"New whole scripts, query records and saved outputs are archival context; existing negative/null, hypothesis and quarantined assessments retained; no independently validated empirical support.",historical/r&d/docs/recovered_corpus_audit_2026-10-08/README.md,false,false,,0,candidate_artifact_groups.json records topic locators only; exact protocol/data/result/environment binding and independent validation remain unresolved
STAR-PDF-v0.2:TOPO-003,claim_evidence_audit_v0.3.csv,historical_recovered_pending_lineage_review,"New whole scripts, query records and saved outputs are archival context; existing negative/null, hypothesis and quarantined assessments retained; no independently validated empirical support.",historical/r&d/docs/recovered_corpus_audit_2026-10-08/README.md,false,false,,0,candidate_artifact_groups.json records topic locators only; exact protocol/data/result/environment binding and independent validation remain unresolved
STAR-PDF-v0.2:MATH-K001,claim_evidence_audit_v0.3.csv,historical_recovered_pending_lineage_review,"New whole scripts, query records and saved outputs are archival context; existing negative/null, hypothesis and quarantined assessments retained; no independently validated empirical support.",historical/r&d/docs/recovered_corpus_audit_2026-10-08/README.md,false,false,,0,candidate_artifact_groups.json records topic locators only; exact protocol/data/result/environment binding and independent validation remain unresolved
STAR-PDF-v0.2:MATH-K002,claim_evidence_audit_v0.3.csv,historical_recovered_pending_lineage_review,"New whole scripts, query records and saved outputs are archival context; existing negative/null, hypothesis and quarantined assessments retained; no independently validated empirical support.",historical/r&d/docs/recovered_corpus_audit_2026-10-08/README.md,false,false,,0,candidate_artifact_groups.json records topic locators only; exact protocol/data/result/environment binding and independent validation remain unresolved
STAR-PDF-v0.2:MATH-K003,claim_evidence_audit_v0.3.csv,historical_recovered_pending_lineage_review,"New whole scripts, query records and saved outputs are archival context; existing negative/null, hypothesis and quarantined assessments retained; no independently validated empirical support.",historical/r&d/docs/recovered_corpus_audit_2026-10-08/README.md,false,false,,0,candidate_artifact_groups.json records topic locators only; exact protocol/data/result/environment binding and independent validation remain unresolved
STAR-PDF-v0.2:COSMO-L001,claim_evidence_audit_v0.3.csv,historical_recovered_pending_lineage_review,"New whole scripts, query records and saved outputs are archival context; existing negative/null, hypothesis and quarantined assessments retained; no independently validated empirical support.",historical/r&d/docs/recovered_corpus_audit_2026-10-08/README.md,false,false,,0,candidate_artifact_groups.json records topic locators only; exact protocol/data/result/environment binding and independent validation remain unresolved
STAR-PDF-v0.2:COSMO-L002,claim_evidence_audit_v0.3.csv,historical_recovered_pending_lineage_review,"Recovered whole scripts, models and saved outputs expose target/feature/null review candidates. Stellar-mass baselines and true SFR targets still require separated keyed datasets, leakage-free splits and independently reproduced metrics; historical fits grant no support.",historical/r&d/docs/recovered_corpus_audit_2026-10-08/README.md,false,false,sfr_target_review,130,candidate_artifact_groups.json records topic locators only; exact protocol/data/result/environment binding and independent validation remain unresolved
STAR-PDF-v0.2:COSMO-R001,claim_evidence_audit_v0.3.csv,historical_recovered_pending_lineage_review,"New whole scripts, query records and saved outputs are archival context; existing negative/null, hypothesis and quarantined assessments retained; no independently validated empirical support.",historical/r&d/docs/recovered_corpus_audit_2026-10-08/README.md,false,false,,0,candidate_artifact_groups.json records topic locators only; exact protocol/data/result/environment binding and independent validation remain unresolved
STAR-PDF-v0.2:SFR-A001,claim_evidence_audit_v0.3.csv,historical_recovered_pending_lineage_review,"Recovered whole scripts, models and saved outputs expose target/feature/null review candidates. Stellar-mass baselines and true SFR targets still require separated keyed datasets, leakage-free splits and independently reproduced metrics; historical fits grant no support.",historical/r&d/docs/recovered_corpus_audit_2026-10-08/README.md,false,false,sfr_target_review,130,candidate_artifact_groups.json records topic locators only; exact protocol/data/result/environment binding and independent validation remain unresolved
STAR-PDF-v0.2:SFR-A002,claim_evidence_audit_v0.3.csv,historical_recovered_pending_lineage_review,"Recovered whole scripts, models and saved outputs expose target/feature/null review candidates. Stellar-mass baselines and true SFR targets still require separated keyed datasets, leakage-free splits and independently reproduced metrics; historical fits grant no support.",historical/r&d/docs/recovered_corpus_audit_2026-10-08/README.md,false,false,sfr_target_review,130,candidate_artifact_groups.json records topic locators only; exact protocol/data/result/environment binding and independent validation remain unresolved
STAR-PDF-v0.2:SFR-E001,claim_evidence_audit_v0.3.csv,historical_recovered_pending_lineage_review,"Recovered whole scripts, models and saved outputs expose target/feature/null review candidates. Stellar-mass baselines and true SFR targets still require separated keyed datasets, leakage-free splits and independently reproduced metrics; historical fits grant no support.",historical/r&d/docs/recovered_corpus_audit_2026-10-08/README.md,false,false,sfr_target_review,130,candidate_artifact_groups.json records topic locators only; exact protocol/data/result/environment binding and independent validation remain unresolved
STAR-PDF-v0.2:SFR-A003,claim_evidence_audit_v0.3.csv,historical_recovered_pending_lineage_review,"Recovered whole scripts, models and saved outputs expose target/feature/null review candidates. Stellar-mass baselines and true SFR targets still require separated keyed datasets, leakage-free splits and independently reproduced metrics; historical fits grant no support.",historical/r&d/docs/recovered_corpus_audit_2026-10-08/README.md,false,false,sfr_target_review,130,candidate_artifact_groups.json records topic locators only; exact protocol/data/result/environment binding and independent validation remain unresolved
STAR-PDF-v0.2:CTRL-RF001,claim_evidence_audit_v0.3.csv,historical_recovered_pending_lineage_review,"Recovered whole scripts, models and saved outputs expose target/feature/null review candidates. Stellar-mass baselines and true SFR targets still require separated keyed datasets, leakage-free splits and independently reproduced metrics; historical fits grant no support.",historical/r&d/docs/recovered_corpus_audit_2026-10-08/README.md,false,false,sfr_target_review,130,candidate_artifact_groups.json records topic locators only; exact protocol/data/result/environment binding and independent validation remain unresolved
STAR-PDF-v0.2:CTRL-A001,claim_evidence_audit_v0.3.csv,historical_recovered_pending_lineage_review,"Recovered whole scripts, models and saved outputs expose target/feature/null review candidates. Stellar-mass baselines and true SFR targets still require separated keyed datasets, leakage-free splits and independently reproduced metrics; historical fits grant no support.",historical/r&d/docs/recovered_corpus_audit_2026-10-08/README.md,false,false,sfr_target_review,130,candidate_artifact_groups.json records topic locators only; exact protocol/data/result/environment binding and independent validation remain unresolved
STAR-PDF-v0.2:CTRL-A002,claim_evidence_audit_v0.3.csv,historical_recovered_pending_lineage_review,"Recovered whole scripts, models and saved outputs expose target/feature/null review candidates. Stellar-mass baselines and true SFR targets still require separated keyed datasets, leakage-free splits and independently reproduced metrics; historical fits grant no support.",historical/r&d/docs/recovered_corpus_audit_2026-10-08/README.md,false,false,sfr_target_review,130,candidate_artifact_groups.json records topic locators only; exact protocol/data/result/environment binding and independent validation remain unresolved
STAR-PDF-v0.2:DATA-M001,claim_evidence_audit_v0.3.csv,historical_recovered_pending_lineage_review,"Five recovered SDSS/HI source candidates and CasJobs query histories are hashed. The archived pip.py uses Euclidean distance on raw RA/Dec radians, not a spherical metric. This is static source evidence of a reconstruction risk, not proof that it generated the quarantined tables. Spherical recheck leaves every inspected 1495-row table entry outside 2 arcsec; quarantine retained.",historical/r&d/docs/recovered_corpus_audit_2026-10-08/README.md,false,false,sdss_hi_matching,86,candidate_artifact_groups.json records topic locators only; exact protocol/data/result/environment binding and independent validation remain unresolved
STAR-PDF-v0.2:DATA-M002,claim_evidence_audit_v0.3.csv,historical_recovered_pending_lineage_review,"Five recovered SDSS/HI source candidates and CasJobs query histories are hashed. The archived pip.py uses Euclidean distance on raw RA/Dec radians, not a spherical metric. This is static source evidence of a reconstruction risk, not proof that it generated the quarantined tables. Spherical recheck leaves every inspected 1495-row table entry outside 2 arcsec; quarantine retained.",historical/r&d/docs/recovered_corpus_audit_2026-10-08/README.md,false,false,sdss_hi_matching,86,candidate_artifact_groups.json records topic locators only; exact protocol/data/result/environment binding and independent validation remain unresolved
STAR-PDF-v0.2:RTCH-M001,claim_evidence_audit_v0.3.csv,historical_recovered_pending_lineage_review,"New whole scripts, query records and saved outputs are archival context; existing negative/null, hypothesis and quarantined assessments retained; no independently validated empirical support.",historical/r&d/docs/recovered_corpus_audit_2026-10-08/README.md,false,false,,0,candidate_artifact_groups.json records topic locators only; exact protocol/data/result/environment binding and independent validation remain unresolved
STAR-PDF-v0.2:RTCH-M002,claim_evidence_audit_v0.3.csv,historical_recovered_pending_lineage_review,"New whole scripts, query records and saved outputs are archival context; existing negative/null, hypothesis and quarantined assessments retained; no independently validated empirical support.",historical/r&d/docs/recovered_corpus_audit_2026-10-08/README.md,false,false,,0,candidate_artifact_groups.json records topic locators only; exact protocol/data/result/environment binding and independent validation remain unresolved
STAR-PDF-v0.2:RTCH-H001,claim_evidence_audit_v0.3.csv,historical_recovered_pending_lineage_review,"New whole scripts, query records and saved outputs are archival context; existing negative/null, hypothesis and quarantined assessments retained; no independently validated empirical support.",historical/r&d/docs/recovered_corpus_audit_2026-10-08/README.md,false,false,,0,candidate_artifact_groups.json records topic locators only; exact protocol/data/result/environment binding and independent validation remain unresolved
STAR-PDF-v0.2:RTCH-H002,claim_evidence_audit_v0.3.csv,historical_recovered_pending_lineage_review,"New whole scripts, query records and saved outputs are archival context; existing negative/null, hypothesis and quarantined assessments retained; no independently validated empirical support.",historical/r&d/docs/recovered_corpus_audit_2026-10-08/README.md,false,false,,0,candidate_artifact_groups.json records topic locators only; exact protocol/data/result/environment binding and independent validation remain unresolved
STAR-PDF-v0.2:RTCH-H003,claim_evidence_audit_v0.3.csv,historical_recovered_pending_lineage_review,"New whole scripts, query records and saved outputs are archival context; existing negative/null, hypothesis and quarantined assessments retained; no independently validated empirical support.",historical/r&d/docs/recovered_corpus_audit_2026-10-08/README.md,false,false,,0,candidate_artifact_groups.json records topic locators only; exact protocol/data/result/environment binding and independent validation remain unresolved
STAR-PDF-v0.2:RTCH-H004,claim_evidence_audit_v0.3.csv,historical_recovered_pending_lineage_review,"New whole scripts, query records and saved outputs are archival context; existing negative/null, hypothesis and quarantined assessments retained; no independently validated empirical support.",historical/r&d/docs/recovered_corpus_audit_2026-10-08/README.md,false,false,,0,candidate_artifact_groups.json records topic locators only; exact protocol/data/result/environment binding and independent validation remain unresolved
STAR-PDF-v0.2:FIELD-001,claim_evidence_audit_v0.3.csv,historical_recovered_pending_lineage_review,"New whole scripts, query records and saved outputs are archival context; existing negative/null, hypothesis and quarantined assessments retained; no independently validated empirical support.",historical/r&d/docs/recovered_corpus_audit_2026-10-08/README.md,false,false,,0,candidate_artifact_groups.json records topic locators only; exact protocol/data/result/environment binding and independent validation remain unresolved
STAR-PDF-v0.2:FIELD-002,claim_evidence_audit_v0.3.csv,historical_recovered_pending_lineage_review,"New whole scripts, query records and saved outputs are archival context; existing negative/null, hypothesis and quarantined assessments retained; no independently validated empirical support.",historical/r&d/docs/recovered_corpus_audit_2026-10-08/README.md,false,false,,0,candidate_artifact_groups.json records topic locators only; exact protocol/data/result/environment binding and independent validation remain unresolved
STAR-PDF-v0.2:FIELD-003,claim_evidence_audit_v0.3.csv,historical_recovered_pending_lineage_review,"New whole scripts, query records and saved outputs are archival context; existing negative/null, hypothesis and quarantined assessments retained; no independently validated empirical support.",historical/r&d/docs/recovered_corpus_audit_2026-10-08/README.md,false,false,,0,candidate_artifact_groups.json records topic locators only; exact protocol/data/result/environment binding and independent validation remain unresolved
STAR-PDF-v0.2:ECC-001,claim_evidence_audit_v0.3.csv,historical_recovered_pending_lineage_review,"New whole scripts, query records and saved outputs are archival context; existing negative/null, hypothesis and quarantined assessments retained; no independently validated empirical support.",historical/r&d/docs/recovered_corpus_audit_2026-10-08/README.md,false,false,,0,candidate_artifact_groups.json records topic locators only; exact protocol/data/result/environment binding and independent validation remain unresolved
STAR-PDF-v0.2:ECC-002,claim_evidence_audit_v0.3.csv,historical_recovered_pending_lineage_review,"New whole scripts, query records and saved outputs are archival context; existing negative/null, hypothesis and quarantined assessments retained; no independently validated empirical support.",historical/r&d/docs/recovered_corpus_audit_2026-10-08/README.md,false,false,,0,candidate_artifact_groups.json records topic locators only; exact protocol/data/result/environment binding and independent validation remain unresolved
STAR-PDF-v0.2:ECC-003,claim_evidence_audit_v0.3.csv,historical_recovered_pending_lineage_review,"New whole scripts, query records and saved outputs are archival context; existing negative/null, hypothesis and quarantined assessments retained; no independently validated empirical support.",historical/r&d/docs/recovered_corpus_audit_2026-10-08/README.md,false,false,,0,candidate_artifact_groups.json records topic locators only; exact protocol/data/result/environment binding and independent validation remain unresolved
STAR-PDF-v0.2:ENERGY-001,claim_evidence_audit_v0.3.csv,historical_recovered_pending_lineage_review,"New whole scripts, query records and saved outputs are archival context; existing negative/null, hypothesis and quarantined assessments retained; no independently validated empirical support.",historical/r&d/docs/recovered_corpus_audit_2026-10-08/README.md,false,false,,0,candidate_artifact_groups.json records topic locators only; exact protocol/data/result/environment binding and independent validation remain unresolved
STAR-PDF-v0.2:COSMO-E001,claim_evidence_audit_v0.3.csv,historical_recovered_pending_lineage_review,"New whole scripts, query records and saved outputs are archival context; existing negative/null, hypothesis and quarantined assessments retained; no independently validated empirical support.",historical/r&d/docs/recovered_corpus_audit_2026-10-08/README.md,false,false,,0,candidate_artifact_groups.json records topic locators only; exact protocol/data/result/environment binding and independent validation remain unresolved
STAR-PDF-v0.2:COSMO-E002,claim_evidence_audit_v0.3.csv,historical_recovered_pending_lineage_review,"New whole scripts, query records and saved outputs are archival context; existing negative/null, hypothesis and quarantined assessments retained; no independently validated empirical support.",historical/r&d/docs/recovered_corpus_audit_2026-10-08/README.md,false,false,,0,candidate_artifact_groups.json records topic locators only; exact protocol/data/result/environment binding and independent validation remain unresolved
STAR-PDF-v0.2:HIST-001,claim_evidence_audit_v0.3.csv,historical_recovered_pending_lineage_review,"New whole scripts, query records and saved outputs are archival context; existing negative/null, hypothesis and quarantined assessments retained; no independently validated empirical support.",historical/r&d/docs/recovered_corpus_audit_2026-10-08/README.md,false,false,,0,candidate_artifact_groups.json records topic locators only; exact protocol/data/result/environment binding and independent validation remain unresolved
STAR-PDF-v0.2:HIST-002,claim_evidence_audit_v0.3.csv,historical_recovered_pending_lineage_review,"New whole scripts, query records and saved outputs are archival context; existing negative/null, hypothesis and quarantined assessments retained; no independently validated empirical support.",historical/r&d/docs/recovered_corpus_audit_2026-10-08/README.md,false,false,,0,candidate_artifact_groups.json records topic locators only; exact protocol/data/result/environment binding and independent validation remain unresolved
STAR-PDF-v0.2:HIST-003,claim_evidence_audit_v0.3.csv,historical_recovered_pending_lineage_review,"New whole scripts, query records and saved outputs are archival context; existing negative/null, hypothesis and quarantined assessments retained; no independently validated empirical support.",historical/r&d/docs/recovered_corpus_audit_2026-10-08/README.md,false,false,,0,candidate_artifact_groups.json records topic locators only; exact protocol/data/result/environment binding and independent validation remain unresolved
STAR-PDF-v0.2:HIST-004,claim_evidence_audit_v0.3.csv,historical_recovered_pending_lineage_review,"New whole scripts, query records and saved outputs are archival context; existing negative/null, hypothesis and quarantined assessments retained; no independently validated empirical support.",historical/r&d/docs/recovered_corpus_audit_2026-10-08/README.md,false,false,,0,candidate_artifact_groups.json records topic locators only; exact protocol/data/result/environment binding and independent validation remain unresolved
STAR-PDF-v0.2:HIST-005,claim_evidence_audit_v0.3.csv,historical_recovered_pending_lineage_review,"New whole scripts, query records and saved outputs are archival context; existing negative/null, hypothesis and quarantined assessments retained; no independently validated empirical support.",historical/r&d/docs/recovered_corpus_audit_2026-10-08/README.md,false,false,,0,candidate_artifact_groups.json records topic locators only; exact protocol/data/result/environment binding and independent validation remain unresolved
STAR-PDF-v0.2:HIST-006,claim_evidence_audit_v0.3.csv,historical_recovered_pending_lineage_review,"New whole scripts, query records and saved outputs are archival context; existing negative/null, hypothesis and quarantined assessments retained; no independently validated empirical support.",historical/r&d/docs/recovered_corpus_audit_2026-10-08/README.md,false,false,,0,candidate_artifact_groups.json records topic locators only; exact protocol/data/result/environment binding and independent validation remain unresolved
STAR-PDF-v0.2:HIST-007,claim_evidence_audit_v0.3.csv,historical_recovered_pending_lineage_review,"New whole scripts, query records and saved outputs are archival context; existing negative/null, hypothesis and quarantined assessments retained; no independently validated empirical support.",historical/r&d/docs/recovered_corpus_audit_2026-10-08/README.md,false,false,,0,candidate_artifact_groups.json records topic locators only; exact protocol/data/result/environment binding and independent validation remain unresolved
STAR-PDF-v0.2:HIST-008,claim_evidence_audit_v0.3.csv,historical_recovered_pending_lineage_review,"New whole scripts, query records and saved outputs are archival context; existing negative/null, hypothesis and quarantined assessments retained; no independently validated empirical support.",historical/r&d/docs/recovered_corpus_audit_2026-10-08/README.md,false,false,,0,candidate_artifact_groups.json records topic locators only; exact protocol/data/result/environment binding and independent validation remain unresolved
