Claim_ID,Experiment_ID,Role,Required_Control,Registry_Namespace,Qualified_Claim_ID,Qualified_Experiment_ID,Relationship,Controlled_Support_Eligible,Physical_Support_Eligible,Recovery_Audit_Reference
CLAIM-ACSC-001,EXP-DATA-A01,primary,Registered dataset matching parameters and reproducible arithmetic inputs,REPO-CSV-v0.2,REPO-CSV-v0.2:CLAIM-ACSC-001,REPO-CSV-v0.2:EXP-DATA-A01,within_repo_control_namespace,false,false,historical/r&d/docs/recovered_corpus_audit_2026-10-08/README.md; REC-001; REC-005; REC-007; scope relationships remain non-aliases
CLAIM-ACSC-001,EXP-DATA-A02,primary,Registered dataset matching parameters and reproducible arithmetic inputs,REPO-CSV-v0.2,REPO-CSV-v0.2:CLAIM-ACSC-001,REPO-CSV-v0.2:EXP-DATA-A02,within_repo_control_namespace,false,false,historical/r&d/docs/recovered_corpus_audit_2026-10-08/README.md; REC-001; REC-005; REC-007; scope relationships remain non-aliases
CLAIM-ACSC-001,EXP-CTRL-A01,control,Provenance control and permutation procedure,REPO-CSV-v0.2,REPO-CSV-v0.2:CLAIM-ACSC-001,REPO-CSV-v0.2:EXP-CTRL-A01,within_repo_control_namespace,false,false,historical/r&d/docs/recovered_corpus_audit_2026-10-08/README.md; REC-001; REC-005; REC-007; scope relationships remain non-aliases
CLAIM-ACSC-001,EXP-CTRL-A02,control,Leakage detection and exclusion procedure,REPO-CSV-v0.2,REPO-CSV-v0.2:CLAIM-ACSC-001,REPO-CSV-v0.2:EXP-CTRL-A02,within_repo_control_namespace,false,false,historical/r&d/docs/recovered_corpus_audit_2026-10-08/README.md; REC-001; REC-005; REC-007; scope relationships remain non-aliases
CLAIM-ACSC-001,EXP-CTRL-A03,control,Registered model/control parameters and arithmetic inputs,REPO-CSV-v0.2,REPO-CSV-v0.2:CLAIM-ACSC-001,REPO-CSV-v0.2:EXP-CTRL-A03,within_repo_control_namespace,false,false,historical/r&d/docs/recovered_corpus_audit_2026-10-08/README.md; REC-001; REC-005; REC-007; scope relationships remain non-aliases
CLAIM-ACSC-001,EXP-K001,primary,Registered K mapping definition and null model,REPO-CSV-v0.2,REPO-CSV-v0.2:CLAIM-ACSC-001,REPO-CSV-v0.2:EXP-K001,within_repo_control_namespace,false,false,historical/r&d/docs/recovered_corpus_audit_2026-10-08/README.md; REC-001; REC-005; REC-007; scope relationships remain non-aliases
CLAIM-ACSC-001,EXP-L001,primary,Registered Lcosmo mapping definition and null model,REPO-CSV-v0.2,REPO-CSV-v0.2:CLAIM-ACSC-001,REPO-CSV-v0.2:EXP-L001,within_repo_control_namespace,false,false,historical/r&d/docs/recovered_corpus_audit_2026-10-08/README.md; REC-001; REC-005; REC-007; scope relationships remain non-aliases
CLAIM-SFR-001,EXP-SFR-A01,primary,Train/test separation and baseline comparison,REPO-CSV-v0.2,REPO-CSV-v0.2:CLAIM-SFR-001,REPO-CSV-v0.2:EXP-SFR-A01,within_repo_control_namespace,false,false,historical/r&d/docs/recovered_corpus_audit_2026-10-08/README.md; REC-001; REC-005; REC-007; scope relationships remain non-aliases
CLAIM-SFR-001,EXP-SFR-A02,primary,Arithmetic/cosmological feature model with leakage controls,REPO-CSV-v0.2,REPO-CSV-v0.2:CLAIM-SFR-001,REPO-CSV-v0.2:EXP-SFR-A02,within_repo_control_namespace,false,false,historical/r&d/docs/recovered_corpus_audit_2026-10-08/README.md; REC-001; REC-005; REC-007; scope relationships remain non-aliases
CLAIM-SFR-001,EXP-SFR-A03,primary,Robustness and null-model comparison,REPO-CSV-v0.2,REPO-CSV-v0.2:CLAIM-SFR-001,REPO-CSV-v0.2:EXP-SFR-A03,within_repo_control_namespace,false,false,historical/r&d/docs/recovered_corpus_audit_2026-10-08/README.md; REC-001; REC-005; REC-007; scope relationships remain non-aliases
CLAIM-ACSC-001,EXP-RANK-A01,primary,Registered arithmetic rank inputs and null model,REPO-CSV-v0.2,REPO-CSV-v0.2:CLAIM-ACSC-001,REPO-CSV-v0.2:EXP-RANK-A01,within_repo_control_namespace,false,false,historical/r&d/docs/recovered_corpus_audit_2026-10-08/README.md; REC-001; REC-005; REC-007; scope relationships remain non-aliases
CLAIM-ACSC-003,EXP-RANK-A02,primary,Registered cosmic-environment data and rank null model,REPO-CSV-v0.2,REPO-CSV-v0.2:CLAIM-ACSC-003,REPO-CSV-v0.2:EXP-RANK-A02,within_repo_control_namespace,false,false,historical/r&d/docs/recovered_corpus_audit_2026-10-08/README.md; REC-001; REC-005; REC-007; scope relationships remain non-aliases
CLAIM-ACSC-003,EXP-TOPO-A01,primary,Predefined TDA metric and null model,REPO-CSV-v0.2,REPO-CSV-v0.2:CLAIM-ACSC-003,REPO-CSV-v0.2:EXP-TOPO-A01,within_repo_control_namespace,false,false,historical/r&d/docs/recovered_corpus_audit_2026-10-08/README.md; REC-001; REC-005; REC-007; scope relationships remain non-aliases
CLAIM-ACSC-001,EXP-MAP-A01,primary,Registered primary mapping parameters and reproducible arithmetic inputs,REPO-CSV-v0.2,REPO-CSV-v0.2:CLAIM-ACSC-001,REPO-CSV-v0.2:EXP-MAP-A01,within_repo_control_namespace,false,false,historical/r&d/docs/recovered_corpus_audit_2026-10-08/README.md; REC-001; REC-005; REC-007; scope relationships remain non-aliases
CLAIM-ACSC-002,EXP-MAP-A02,primary,BSD-independent PTD mapping,REPO-CSV-v0.2,REPO-CSV-v0.2:CLAIM-ACSC-002,REPO-CSV-v0.2:EXP-MAP-A02,within_repo_control_namespace,false,false,historical/r&d/docs/recovered_corpus_audit_2026-10-08/README.md; REC-001; REC-005; REC-007; scope relationships remain non-aliases
CLAIM-ACSC-002,EXP-MAP-A03,primary,BSD-independent MCJ mapping,REPO-CSV-v0.2,REPO-CSV-v0.2:CLAIM-ACSC-002,REPO-CSV-v0.2:EXP-MAP-A03,within_repo_control_namespace,false,false,historical/r&d/docs/recovered_corpus_audit_2026-10-08/README.md; REC-001; REC-005; REC-007; scope relationships remain non-aliases
CLAIM-RTCH-001,EXP-RTCH-B01,primary,Standard-physics recovery limit,REPO-CSV-v0.2,REPO-CSV-v0.2:CLAIM-RTCH-001,REPO-CSV-v0.2:EXP-RTCH-B01,within_repo_control_namespace,false,false,historical/r&d/docs/recovered_corpus_audit_2026-10-08/README.md; REC-001; REC-005; REC-007; scope relationships remain non-aliases
CLAIM-ECC-001,EXP-ECC-B01,primary,Independent field/cohomology test,REPO-CSV-v0.2,REPO-CSV-v0.2:CLAIM-ECC-001,REPO-CSV-v0.2:EXP-ECC-B01,within_repo_control_namespace,false,false,historical/r&d/docs/recovered_corpus_audit_2026-10-08/README.md; REC-001; REC-005; REC-007; scope relationships remain non-aliases
