Dataset_ID,Name,Type,Status,Source_or_Definition,Provenance_Status,Notes,Registry_Namespace,Qualified_Dataset_ID,Current_Audit_Assessment,Achieved_Evidence_Status,Controlled_Execution_Eligible,Controlled_Support_Eligible,Physical_Support_Eligible
DATA-SDSS18-200K,SDSS DR18 200K working sample,observational,planned,Repository sky-survey working sample,unknown,Dataset provenance is tracked separately from this control registry.,REPO-CSV-v0.2,REPO-CSV-v0.2:DATA-SDSS18-200K,Source identity/complete lineage unverified; related diagnostic artifacts do not establish intended dataset identity.,unknown,false,false,false
DATA-MANGA-HI-ALL,MaNGA HI all-galaxy working sample,observational,planned,MaNGA HI working dataset,unknown,Use only with documented release/version before execution.,REPO-CSV-v0.2,REPO-CSV-v0.2:DATA-MANGA-HI-ALL,Source identity/complete lineage unverified; related diagnostic artifacts do not establish intended dataset identity.,unknown,false,false,false
DATA-PROVENANCE-ALL,Integrated provenance control dataset,metadata,planned,Future provenance-controlled dataset,unknown,Reserved for provenance and leakage controls.,REPO-CSV-v0.2,REPO-CSV-v0.2:DATA-PROVENANCE-ALL,Source identity/complete lineage unverified; related diagnostic artifacts do not establish intended dataset identity.,unknown,false,false,false
DATA-ARITHMETIC,Elliptic-curve arithmetic inputs,computational,locked,JohnCremona/ecdata pinned git submodule; canonical controlled source file allcurves/allcurves.00000-09999 at commit 25cec5ecfec8b9f016eb1631ac633194c2bed39f.,verified,"Exact upstream git source and bytes are locked in preregistrations/EXP-MAP-A01/dataset_manifest.json. Full source has 64,687 rows; EXP-MAP-A01 separately selects curve number 1 per isogeny class (38,042 rows). data/raw/ci_subset.csv is a CI fixture only, not a controlled input.",REPO-CSV-v0.2,REPO-CSV-v0.2:DATA-ARITHMETIC,"Exact ecdata gitlink, source revision, license, source-file identity, SHA-256, schema, and 38,042 representative selection are locked for EXP-MAP-A01 preregistration. Historical quarantined projection packages remain diagnostic-only and are not inputs. Controlled execution remains disabled until separate activation review.",controlled,false,false,false
DATA-SFR-MANGA-PIP3D,MaNGA Pipe3D SFR data,observational,planned,SDSS17Pipe3D / SDSS17Pipe3Dv1_1,unknown,"Raw R&D identifies DR17 with MANGADRP_VER v3_1_1 and PIPE3D_VER 3.1.1; historical pipe3d_data2.csv: 10,220 rows x 536 columns; filtered run: 10,081 rows x 16 columns. Target includes log_SFR_Ha. Exact final selection remains controlled-execution work.",REPO-CSV-v0.2,REPO-CSV-v0.2:DATA-SFR-MANGA-PIP3D,Source identity/complete lineage unverified; related diagnostic artifacts do not establish intended dataset identity.,unknown,false,false,false
DATA-COSMIC-ENV,Cosmic environment measures,observational,planned,Registered cosmic-environment measurements,unknown,Exact release/version and selection must be recorded before execution.,REPO-CSV-v0.2,REPO-CSV-v0.2:DATA-COSMIC-ENV,Source identity/complete lineage unverified; related diagnostic artifacts do not establish intended dataset identity.,unknown,false,false,false
DATA-PHYS-CONSTRAINTS,Physical constraints for RTCH,physical_constraints,planned,Registered physical constants and recovery-limit constraints,unknown,Exact constants/version must be recorded before execution.,REPO-CSV-v0.2,REPO-CSV-v0.2:DATA-PHYS-CONSTRAINTS,Source identity/complete lineage unverified; related diagnostic artifacts do not establish intended dataset identity.,unknown,false,false,false
DATA-ECC-THEORY,ECC symbolic field/cohomology inputs,theoretical,planned,Registered ECC definitions and computational fixtures,unknown,Exact theory revision must be recorded before execution.,REPO-CSV-v0.2,REPO-CSV-v0.2:DATA-ECC-THEORY,Source identity/complete lineage unverified; related diagnostic artifacts do not establish intended dataset identity.,unknown,false,false,false
AUDIT-QUARANTINE-v0.3:QDATA-SDSS-HI-001,Quarantined artifact: failed_match_1495 / merged_sdss_hi.csv,derived,quarantined,data/quarantine/2026-10-03_audit/sdss_hi_match/merged_sdss_hi.csv,quarantined,"Object-level asset record for QASSET-0001, not canonical dataset identity. SHA256=5a9606b75bc55de5e7833a04e5c56318df9f21a31560df180db2707374a22d50; Failed <=2 arcsec crossmatch; 1495 rows share one MANGAID, and every recomputed spherical separation exceeds tolerance. Retained as negative data-quality evidence.",AUDIT-QUARANTINE-v0.3,AUDIT-QUARANTINE-v0.3:QDATA-SDSS-HI-001,Quarantined historical/negative diagnostic artifact; no controlled or physical support eligibility.,negative_null,false,false,false
AUDIT-QUARANTINE-v0.3:QDATA-SDSS-HI-002,Quarantined artifact: failed_match_1495 / merged_sdss_hi_with_arcsec.csv,derived,quarantined,data/quarantine/2026-10-03_audit/sdss_hi_match/merged_sdss_hi_with_arcsec.csv,quarantined,"Object-level asset record for QASSET-0002, not canonical dataset identity. SHA256=e6e2e749d0ec45b5713311dfe3b3cc958fddb13166f770ce2c47a30dbd5f8dad; Failed <=2 arcsec crossmatch; 1495 rows share one MANGAID, and every recomputed spherical separation exceeds tolerance. Retained as negative data-quality evidence.",AUDIT-QUARANTINE-v0.3,AUDIT-QUARANTINE-v0.3:QDATA-SDSS-HI-002,Quarantined historical/negative diagnostic artifact; no controlled or physical support eligibility.,negative_null,false,false,false
AUDIT-QUARANTINE-v0.3:QDATA-PROJECTION-acsc_projected_cremona.csv,Quarantined artifact: packaged_blank / acsc_projected_cremona.csv,derived,quarantined,data/quarantine/2026-10-03_audit/projection_packages/data/derived/acsc_projected_cremona.csv,quarantined,"Object-level asset record for QASSET-0003, not canonical dataset identity. SHA256=7eb70257593da06f682a3ddda54a9d260d4fc514f645237f5ca74b08f8da61a6; Blank/headerless 2-byte projection artifact or adjacent manifest claiming38042 rows; manifest-to-artifact inconsistency. Retained as negative package-provenance evidence.",AUDIT-QUARANTINE-v0.3,AUDIT-QUARANTINE-v0.3:QDATA-PROJECTION-acsc_projected_cremona.csv,Quarantined historical/negative diagnostic artifact; no controlled or physical support eligibility.,negative_null,false,false,false
AUDIT-QUARANTINE-v0.3:QDATA-PROJECTION-acsc_projected_cremona_aligned.csv,Quarantined artifact: packaged_blank / acsc_projected_cremona_aligned.csv,derived,quarantined,data/quarantine/2026-10-03_audit/projection_packages/data/derived/acsc_projected_cremona_aligned.csv,quarantined,"Object-level asset record for QASSET-0004, not canonical dataset identity. SHA256=7eb70257593da06f682a3ddda54a9d260d4fc514f645237f5ca74b08f8da61a6; Blank/headerless 2-byte projection artifact or adjacent manifest claiming38042 rows; manifest-to-artifact inconsistency. Retained as negative package-provenance evidence.",AUDIT-QUARANTINE-v0.3,AUDIT-QUARANTINE-v0.3:QDATA-PROJECTION-acsc_projected_cremona_aligned.csv,Quarantined historical/negative diagnostic artifact; no controlled or physical support eligibility.,negative_null,false,false,false
AUDIT-QUARANTINE-v0.3:QDATA-PROJECTION-acsc_projected_cremona_final.csv,Quarantined artifact: packaged_blank / acsc_projected_cremona_final.csv,derived,quarantined,data/quarantine/2026-10-03_audit/projection_packages/data/derived/acsc_projected_cremona_final.csv,quarantined,"Object-level asset record for QASSET-0005, not canonical dataset identity. SHA256=7eb70257593da06f682a3ddda54a9d260d4fc514f645237f5ca74b08f8da61a6; Blank/headerless 2-byte projection artifact or adjacent manifest claiming38042 rows; manifest-to-artifact inconsistency. Retained as negative package-provenance evidence.",AUDIT-QUARANTINE-v0.3,AUDIT-QUARANTINE-v0.3:QDATA-PROJECTION-acsc_projected_cremona_final.csv,Quarantined historical/negative diagnostic artifact; no controlled or physical support eligibility.,negative_null,false,false,false
AUDIT-QUARANTINE-v0.3:QDATA-PROJECTION-acsc_projected_cremona_ptd_aligned.csv,Quarantined artifact: packaged_blank / acsc_projected_cremona_ptd_aligned.csv,derived,quarantined,data/quarantine/2026-10-03_audit/projection_packages/data/derived/acsc_projected_cremona_ptd_aligned.csv,quarantined,"Object-level asset record for QASSET-0006, not canonical dataset identity. SHA256=7eb70257593da06f682a3ddda54a9d260d4fc514f645237f5ca74b08f8da61a6; Blank/headerless 2-byte projection artifact or adjacent manifest claiming38042 rows; manifest-to-artifact inconsistency. Retained as negative package-provenance evidence.",AUDIT-QUARANTINE-v0.3,AUDIT-QUARANTINE-v0.3:QDATA-PROJECTION-acsc_projected_cremona_ptd_aligned.csv,Quarantined historical/negative diagnostic artifact; no controlled or physical support eligibility.,negative_null,false,false,false
AUDIT-QUARANTINE-v0.3:QDATA-PROJECTION-acsc_projected_cremona_realproj.csv,Quarantined artifact: packaged_blank / acsc_projected_cremona_realproj.csv,derived,quarantined,data/quarantine/2026-10-03_audit/projection_packages/data/derived/acsc_projected_cremona_realproj.csv,quarantined,"Object-level asset record for QASSET-0007, not canonical dataset identity. SHA256=7eb70257593da06f682a3ddda54a9d260d4fc514f645237f5ca74b08f8da61a6; Blank/headerless 2-byte projection artifact or adjacent manifest claiming38042 rows; manifest-to-artifact inconsistency. Retained as negative package-provenance evidence.",AUDIT-QUARANTINE-v0.3,AUDIT-QUARANTINE-v0.3:QDATA-PROJECTION-acsc_projected_cremona_realproj.csv,Quarantined historical/negative diagnostic artifact; no controlled or physical support eligibility.,negative_null,false,false,false
AUDIT-QUARANTINE-v0.3:QDATA-PROJECTION-acsc_projected_cremona_with_alt.csv,Quarantined artifact: packaged_blank / acsc_projected_cremona_with_alt.csv,derived,quarantined,data/quarantine/2026-10-03_audit/projection_packages/data/derived/acsc_projected_cremona_with_alt.csv,quarantined,"Object-level asset record for QASSET-0008, not canonical dataset identity. SHA256=7eb70257593da06f682a3ddda54a9d260d4fc514f645237f5ca74b08f8da61a6; Blank/headerless 2-byte projection artifact or adjacent manifest claiming38042 rows; manifest-to-artifact inconsistency. Retained as negative package-provenance evidence.",AUDIT-QUARANTINE-v0.3,AUDIT-QUARANTINE-v0.3:QDATA-PROJECTION-acsc_projected_cremona_with_alt.csv,Quarantined historical/negative diagnostic artifact; no controlled or physical support eligibility.,negative_null,false,false,false
AUDIT-QUARANTINE-v0.3:QDATA-PROJECTION-acsc_projected_cremona_final.csv.manifest.json,Quarantined artifact: packaged_blank / acsc_projected_cremona_final.csv.manifest.json,derived,quarantined,data/quarantine/2026-10-03_audit/projection_packages/data/derived/acsc_projected_cremona_final.csv.manifest.json,quarantined,"Object-level asset record for QASSET-0009, not canonical dataset identity. SHA256=5980d29db9705eba87643f749f443da1d4f779430cfd5ff4e61bb4b0655ba171; Blank/headerless 2-byte projection artifact or adjacent manifest claiming38042 rows; manifest-to-artifact inconsistency. Retained as negative package-provenance evidence.",AUDIT-QUARANTINE-v0.3,AUDIT-QUARANTINE-v0.3:QDATA-PROJECTION-acsc_projected_cremona_final.csv.manifest.json,Quarantined historical/negative diagnostic artifact; no controlled or physical support eligibility.,historical,false,false,false
LOCAL-RTCH-E1:outer_900:data/demo_torus.csv,Quarantined artifact: outer_900 / data/demo_torus.csv,simulation,quarantined,data/quarantine/2026-10-03_audit/rtch_e1_synthetic/outer_900/data/demo_torus.csv,quarantined,"Object-level asset record for QASSET-0010, not canonical dataset identity. SHA256=2790c3bdebb665ffa9a5df3ec6b8093dc678c743303b56732be751678bdcfce7; Synthetic demo/control generation only; no canonical protocol completion or physical support. Preserve diagnostic/null outputs, inadequate350-run null resolution, invalid undefined-correlation p-values, and unbound code revision.",LOCAL-RTCH-E1,LOCAL-RTCH-E1:outer_900:data/demo_torus.csv,Quarantined historical/negative diagnostic artifact; no controlled or physical support eligibility.,historical,false,false,false
LOCAL-RTCH-E1:outer_900:results/figures/geodesic_projection.png,Quarantined artifact: outer_900 / results/figures/geodesic_projection.png,simulation,quarantined,data/quarantine/2026-10-03_audit/rtch_e1_synthetic/outer_900/results/figures/geodesic_projection.png,quarantined,"Object-level asset record for QASSET-0011, not canonical dataset identity. SHA256=02442569be3683db2f12f16123c561e6fa2df3d015c1060d661b27eb5616d229; Synthetic demo/control generation only; no canonical protocol completion or physical support. Preserve diagnostic/null outputs, inadequate350-run null resolution, invalid undefined-correlation p-values, and unbound code revision.",LOCAL-RTCH-E1,LOCAL-RTCH-E1:outer_900:results/figures/geodesic_projection.png,Quarantined historical/negative diagnostic artifact; no controlled or physical support eligibility.,historical,false,false,false
LOCAL-RTCH-E1:outer_900:results/figures/persistence_H0.png,Quarantined artifact: outer_900 / results/figures/persistence_H0.png,simulation,quarantined,data/quarantine/2026-10-03_audit/rtch_e1_synthetic/outer_900/results/figures/persistence_H0.png,quarantined,"Object-level asset record for QASSET-0012, not canonical dataset identity. SHA256=4186bae4043643a8009e625840b85b4b1545b8d97c5aee19dfae98884fff9b5e; Synthetic demo/control generation only; no canonical protocol completion or physical support. Preserve diagnostic/null outputs, inadequate350-run null resolution, invalid undefined-correlation p-values, and unbound code revision.",LOCAL-RTCH-E1,LOCAL-RTCH-E1:outer_900:results/figures/persistence_H0.png,Quarantined historical/negative diagnostic artifact; no controlled or physical support eligibility.,historical,false,false,false
LOCAL-RTCH-E1:outer_900:results/figures/scalar_embedding.png,Quarantined artifact: outer_900 / results/figures/scalar_embedding.png,simulation,quarantined,data/quarantine/2026-10-03_audit/rtch_e1_synthetic/outer_900/results/figures/scalar_embedding.png,quarantined,"Object-level asset record for QASSET-0013, not canonical dataset identity. SHA256=6f54fa3a466626c1bc19852365b9516426df4f2c6da5b2f3fec8503d4017e579; Synthetic demo/control generation only; no canonical protocol completion or physical support. Preserve diagnostic/null outputs, inadequate350-run null resolution, invalid undefined-correlation p-values, and unbound code revision.",LOCAL-RTCH-E1,LOCAL-RTCH-E1:outer_900:results/figures/scalar_embedding.png,Quarantined historical/negative diagnostic artifact; no controlled or physical support eligibility.,historical,false,false,false
LOCAL-RTCH-E1:outer_900:results/geodesics.csv,Quarantined artifact: outer_900 / results/geodesics.csv,simulation,quarantined,data/quarantine/2026-10-03_audit/rtch_e1_synthetic/outer_900/results/geodesics.csv,quarantined,"Object-level asset record for QASSET-0014, not canonical dataset identity. SHA256=a5f38a93d272e25c5ac384c69e1583797b10d11e1c2ecd61c22c703a8f2d3830; Synthetic demo/control generation only; no canonical protocol completion or physical support. Preserve diagnostic/null outputs, inadequate350-run null resolution, invalid undefined-correlation p-values, and unbound code revision.",LOCAL-RTCH-E1,LOCAL-RTCH-E1:outer_900:results/geodesics.csv,Quarantined historical/negative diagnostic artifact; no controlled or physical support eligibility.,historical,false,false,false
LOCAL-RTCH-E1:outer_900:results/null_persistence.csv,Quarantined artifact: outer_900 / results/null_persistence.csv,simulation,quarantined,data/quarantine/2026-10-03_audit/rtch_e1_synthetic/outer_900/results/null_persistence.csv,quarantined,"Object-level asset record for QASSET-0015, not canonical dataset identity. SHA256=8b08621f928530576b22d197d831f72c34dfe35d3d49411b74718cca778a0772; Synthetic demo/control generation only; no canonical protocol completion or physical support. Preserve diagnostic/null outputs, inadequate350-run null resolution, invalid undefined-correlation p-values, and unbound code revision.",LOCAL-RTCH-E1,LOCAL-RTCH-E1:outer_900:results/null_persistence.csv,Quarantined historical/negative diagnostic artifact; no controlled or physical support eligibility.,historical,false,false,false
LOCAL-RTCH-E1:outer_900:results/prediction_tests.csv,Quarantined artifact: outer_900 / results/prediction_tests.csv,simulation,quarantined,data/quarantine/2026-10-03_audit/rtch_e1_synthetic/outer_900/results/prediction_tests.csv,quarantined,"Object-level asset record for QASSET-0016, not canonical dataset identity. SHA256=6a2c0490e6d8e82a554037067719f620ffd3210f12c2da356d53fc70a53e06fb; Synthetic demo/control generation only; no canonical protocol completion or physical support. Preserve diagnostic/null outputs, inadequate350-run null resolution, invalid undefined-correlation p-values, and unbound code revision.",LOCAL-RTCH-E1,LOCAL-RTCH-E1:outer_900:results/prediction_tests.csv,Quarantined historical/negative diagnostic artifact; no controlled or physical support eligibility.,historical,false,false,false
LOCAL-RTCH-E1:outer_900:results/rank_label_nulls.csv,Quarantined artifact: outer_900 / results/rank_label_nulls.csv,simulation,quarantined,data/quarantine/2026-10-03_audit/rtch_e1_synthetic/outer_900/results/rank_label_nulls.csv,quarantined,"Object-level asset record for QASSET-0017, not canonical dataset identity. SHA256=d8b357e6a10b52279605f26a5b6f233f2eb2e954edc9f6d744185523fbf3ad32; Synthetic demo/control generation only; no canonical protocol completion or physical support. Preserve diagnostic/null outputs, inadequate350-run null resolution, invalid undefined-correlation p-values, and unbound code revision.",LOCAL-RTCH-E1,LOCAL-RTCH-E1:outer_900:results/rank_label_nulls.csv,Quarantined historical/negative diagnostic artifact; no controlled or physical support eligibility.,historical,false,false,false
LOCAL-RTCH-E1:outer_900:results/result.json,Quarantined artifact: outer_900 / results/result.json,simulation,quarantined,data/quarantine/2026-10-03_audit/rtch_e1_synthetic/outer_900/results/result.json,quarantined,"Object-level asset record for QASSET-0018, not canonical dataset identity. SHA256=09136ef0b8d380f09f49f968d9f749673a2470bb8557353e4d31566dddf94460; Synthetic demo/control generation only; no canonical protocol completion or physical support. Preserve diagnostic/null outputs, inadequate350-run null resolution, invalid undefined-correlation p-values, and unbound code revision.",LOCAL-RTCH-E1,LOCAL-RTCH-E1:outer_900:results/result.json,Quarantined historical/negative diagnostic artifact; no controlled or physical support eligibility.,historical,false,false,false
LOCAL-RTCH-E1:outer_900:results/run_manifest.json,Quarantined artifact: outer_900 / results/run_manifest.json,simulation,quarantined,data/quarantine/2026-10-03_audit/rtch_e1_synthetic/outer_900/results/run_manifest.json,quarantined,"Object-level asset record for QASSET-0019, not canonical dataset identity. SHA256=331fc7e3c749ff1f0c12632e1d77ba73096ffe6f55e6e40bc3a0e5fe10978925; Synthetic demo/control generation only; no canonical protocol completion or physical support. Preserve diagnostic/null outputs, inadequate350-run null resolution, invalid undefined-correlation p-values, and unbound code revision.",LOCAL-RTCH-E1,LOCAL-RTCH-E1:outer_900:results/run_manifest.json,Quarantined historical/negative diagnostic artifact; no controlled or physical support eligibility.,historical,false,false,false
LOCAL-RTCH-E1:outer_900:results/scalar_embeddings.csv,Quarantined artifact: outer_900 / results/scalar_embeddings.csv,simulation,quarantined,data/quarantine/2026-10-03_audit/rtch_e1_synthetic/outer_900/results/scalar_embeddings.csv,quarantined,"Object-level asset record for QASSET-0020, not canonical dataset identity. SHA256=2fa37333da3cf2b876ace8db20561f2695a807cbaf952a3785956f97d3142887; Synthetic demo/control generation only; no canonical protocol completion or physical support. Preserve diagnostic/null outputs, inadequate350-run null resolution, invalid undefined-correlation p-values, and unbound code revision.",LOCAL-RTCH-E1,LOCAL-RTCH-E1:outer_900:results/scalar_embeddings.csv,Quarantined historical/negative diagnostic artifact; no controlled or physical support eligibility.,historical,false,false,false
LOCAL-RTCH-E1:outer_900:results/stability_summary.csv,Quarantined artifact: outer_900 / results/stability_summary.csv,simulation,quarantined,data/quarantine/2026-10-03_audit/rtch_e1_synthetic/outer_900/results/stability_summary.csv,quarantined,"Object-level asset record for QASSET-0021, not canonical dataset identity. SHA256=2a4ba4073400126cad152411a675a207ecbae95f6465bec1f4b6a1b8500215f8; Synthetic demo/control generation only; no canonical protocol completion or physical support. Preserve diagnostic/null outputs, inadequate350-run null resolution, invalid undefined-correlation p-values, and unbound code revision.",LOCAL-RTCH-E1,LOCAL-RTCH-E1:outer_900:results/stability_summary.csv,Quarantined historical/negative diagnostic artifact; no controlled or physical support eligibility.,historical,false,false,false
LOCAL-RTCH-E1:outer_900:results/topology_summary.csv,Quarantined artifact: outer_900 / results/topology_summary.csv,simulation,quarantined,data/quarantine/2026-10-03_audit/rtch_e1_synthetic/outer_900/results/topology_summary.csv,quarantined,"Object-level asset record for QASSET-0022, not canonical dataset identity. SHA256=e2f3f17041d54bba9276791ab9f552bf130e85896c943fd101e194d015ba4c43; Synthetic demo/control generation only; no canonical protocol completion or physical support. Preserve diagnostic/null outputs, inadequate350-run null resolution, invalid undefined-correlation p-values, and unbound code revision.",LOCAL-RTCH-E1,LOCAL-RTCH-E1:outer_900:results/topology_summary.csv,Quarantined historical/negative diagnostic artifact; no controlled or physical support eligibility.,historical,false,false,false
LOCAL-RTCH-E1:nested_350:data/demo_torus.csv,Quarantined artifact: nested_350 / data/demo_torus.csv,simulation,quarantined,data/quarantine/2026-10-03_audit/rtch_e1_synthetic/nested_350/data/demo_torus.csv,quarantined,"Object-level asset record for QASSET-0023, not canonical dataset identity. SHA256=ce3e2d8dd919c83362de1fcbe099f8074abe8a693d1dc2664da6956240021e69; Synthetic demo/control generation only; no canonical protocol completion or physical support. Preserve diagnostic/null outputs, inadequate350-run null resolution, invalid undefined-correlation p-values, and unbound code revision.",LOCAL-RTCH-E1,LOCAL-RTCH-E1:nested_350:data/demo_torus.csv,Quarantined historical/negative diagnostic artifact; no controlled or physical support eligibility.,historical,false,false,false
LOCAL-RTCH-E1:nested_350:results/figures/geodesic_projection.png,Quarantined artifact: nested_350 / results/figures/geodesic_projection.png,simulation,quarantined,data/quarantine/2026-10-03_audit/rtch_e1_synthetic/nested_350/results/figures/geodesic_projection.png,quarantined,"Object-level asset record for QASSET-0024, not canonical dataset identity. SHA256=2002abc025045f8650da99a6e6fffacc7577c34d1df832c0f6ba54f28f9ac156; Synthetic demo/control generation only; no canonical protocol completion or physical support. Preserve diagnostic/null outputs, inadequate350-run null resolution, invalid undefined-correlation p-values, and unbound code revision.",LOCAL-RTCH-E1,LOCAL-RTCH-E1:nested_350:results/figures/geodesic_projection.png,Quarantined historical/negative diagnostic artifact; no controlled or physical support eligibility.,historical,false,false,false
LOCAL-RTCH-E1:nested_350:results/figures/persistence_H0.png,Quarantined artifact: nested_350 / results/figures/persistence_H0.png,simulation,quarantined,data/quarantine/2026-10-03_audit/rtch_e1_synthetic/nested_350/results/figures/persistence_H0.png,quarantined,"Object-level asset record for QASSET-0025, not canonical dataset identity. SHA256=ee46bcd2b4eb98744f6c9e6dac1e524086758a83e1b7f53de4b30211c7d5de27; Synthetic demo/control generation only; no canonical protocol completion or physical support. Preserve diagnostic/null outputs, inadequate350-run null resolution, invalid undefined-correlation p-values, and unbound code revision.",LOCAL-RTCH-E1,LOCAL-RTCH-E1:nested_350:results/figures/persistence_H0.png,Quarantined historical/negative diagnostic artifact; no controlled or physical support eligibility.,historical,false,false,false
LOCAL-RTCH-E1:nested_350:results/figures/persistence_H1.png,Quarantined artifact: nested_350 / results/figures/persistence_H1.png,simulation,quarantined,data/quarantine/2026-10-03_audit/rtch_e1_synthetic/nested_350/results/figures/persistence_H1.png,quarantined,"Object-level asset record for QASSET-0026, not canonical dataset identity. SHA256=1419aa7ee51e8b5d3b149951226fbce27d4de2d743bd1d508a7ec42ffaeb8752; Synthetic demo/control generation only; no canonical protocol completion or physical support. Preserve diagnostic/null outputs, inadequate350-run null resolution, invalid undefined-correlation p-values, and unbound code revision.",LOCAL-RTCH-E1,LOCAL-RTCH-E1:nested_350:results/figures/persistence_H1.png,Quarantined historical/negative diagnostic artifact; no controlled or physical support eligibility.,historical,false,false,false
LOCAL-RTCH-E1:nested_350:results/figures/persistence_H2.png,Quarantined artifact: nested_350 / results/figures/persistence_H2.png,simulation,quarantined,data/quarantine/2026-10-03_audit/rtch_e1_synthetic/nested_350/results/figures/persistence_H2.png,quarantined,"Object-level asset record for QASSET-0027, not canonical dataset identity. SHA256=ebaaa78ead859198d5cad0f5b5e88674e7927cee148aba5e5446ae0105a7bfea; Synthetic demo/control generation only; no canonical protocol completion or physical support. Preserve diagnostic/null outputs, inadequate350-run null resolution, invalid undefined-correlation p-values, and unbound code revision.",LOCAL-RTCH-E1,LOCAL-RTCH-E1:nested_350:results/figures/persistence_H2.png,Quarantined historical/negative diagnostic artifact; no controlled or physical support eligibility.,historical,false,false,false
LOCAL-RTCH-E1:nested_350:results/figures/scalar_embedding.png,Quarantined artifact: nested_350 / results/figures/scalar_embedding.png,simulation,quarantined,data/quarantine/2026-10-03_audit/rtch_e1_synthetic/nested_350/results/figures/scalar_embedding.png,quarantined,"Object-level asset record for QASSET-0028, not canonical dataset identity. SHA256=85b12971260e04aa7b2df814f2a9de4ecf5dedf667e8426a2c711db6edf9120b; Synthetic demo/control generation only; no canonical protocol completion or physical support. Preserve diagnostic/null outputs, inadequate350-run null resolution, invalid undefined-correlation p-values, and unbound code revision.",LOCAL-RTCH-E1,LOCAL-RTCH-E1:nested_350:results/figures/scalar_embedding.png,Quarantined historical/negative diagnostic artifact; no controlled or physical support eligibility.,historical,false,false,false
LOCAL-RTCH-E1:nested_350:results/geodesics.csv,Quarantined artifact: nested_350 / results/geodesics.csv,simulation,quarantined,data/quarantine/2026-10-03_audit/rtch_e1_synthetic/nested_350/results/geodesics.csv,quarantined,"Object-level asset record for QASSET-0029, not canonical dataset identity. SHA256=702d2310f7fe314e9811235ccc2e4c55eb118c44f080a212416e100306b8b6f5; Synthetic demo/control generation only; no canonical protocol completion or physical support. Preserve diagnostic/null outputs, inadequate350-run null resolution, invalid undefined-correlation p-values, and unbound code revision.",LOCAL-RTCH-E1,LOCAL-RTCH-E1:nested_350:results/geodesics.csv,Quarantined historical/negative diagnostic artifact; no controlled or physical support eligibility.,historical,false,false,false
LOCAL-RTCH-E1:nested_350:results/null_persistence.csv,Quarantined artifact: nested_350 / results/null_persistence.csv,simulation,quarantined,data/quarantine/2026-10-03_audit/rtch_e1_synthetic/nested_350/results/null_persistence.csv,quarantined,"Object-level asset record for QASSET-0030, not canonical dataset identity. SHA256=2681b3e39e80847fda2005432b1024c7ec898f43127468643b16e185c03c45b4; Synthetic demo/control generation only; no canonical protocol completion or physical support. Preserve diagnostic/null outputs, inadequate350-run null resolution, invalid undefined-correlation p-values, and unbound code revision.",LOCAL-RTCH-E1,LOCAL-RTCH-E1:nested_350:results/null_persistence.csv,Quarantined historical/negative diagnostic artifact; no controlled or physical support eligibility.,historical,false,false,false
LOCAL-RTCH-E1:nested_350:results/prediction_tests.csv,Quarantined artifact: nested_350 / results/prediction_tests.csv,simulation,quarantined,data/quarantine/2026-10-03_audit/rtch_e1_synthetic/nested_350/results/prediction_tests.csv,quarantined,"Object-level asset record for QASSET-0031, not canonical dataset identity. SHA256=30b91aed6a6a687b2fe73cdebed209552e6f41f1af1127e1110e9bc7ca26f3e6; Synthetic demo/control generation only; no canonical protocol completion or physical support. Preserve diagnostic/null outputs, inadequate350-run null resolution, invalid undefined-correlation p-values, and unbound code revision.",LOCAL-RTCH-E1,LOCAL-RTCH-E1:nested_350:results/prediction_tests.csv,Quarantined historical/negative diagnostic artifact; no controlled or physical support eligibility.,historical,false,false,false
LOCAL-RTCH-E1:nested_350:results/rank_label_nulls.csv,Quarantined artifact: nested_350 / results/rank_label_nulls.csv,simulation,quarantined,data/quarantine/2026-10-03_audit/rtch_e1_synthetic/nested_350/results/rank_label_nulls.csv,quarantined,"Object-level asset record for QASSET-0032, not canonical dataset identity. SHA256=c356fe7106d9806f4dd0cad4193f60901e7b19a48aba1c8afd8761c1b6760fdd; Synthetic demo/control generation only; no canonical protocol completion or physical support. Preserve diagnostic/null outputs, inadequate350-run null resolution, invalid undefined-correlation p-values, and unbound code revision.",LOCAL-RTCH-E1,LOCAL-RTCH-E1:nested_350:results/rank_label_nulls.csv,Quarantined historical/negative diagnostic artifact; no controlled or physical support eligibility.,historical,false,false,false
LOCAL-RTCH-E1:nested_350:results/result.json,Quarantined artifact: nested_350 / results/result.json,simulation,quarantined,data/quarantine/2026-10-03_audit/rtch_e1_synthetic/nested_350/results/result.json,quarantined,"Object-level asset record for QASSET-0033, not canonical dataset identity. SHA256=d294a3426d69f565d33b07b641768479d04bc12b586cb2b2f17e9f9d9b64cef4; Synthetic demo/control generation only; no canonical protocol completion or physical support. Preserve diagnostic/null outputs, inadequate350-run null resolution, invalid undefined-correlation p-values, and unbound code revision.",LOCAL-RTCH-E1,LOCAL-RTCH-E1:nested_350:results/result.json,Quarantined historical/negative diagnostic artifact; no controlled or physical support eligibility.,historical,false,false,false
LOCAL-RTCH-E1:nested_350:results/run_manifest.json,Quarantined artifact: nested_350 / results/run_manifest.json,simulation,quarantined,data/quarantine/2026-10-03_audit/rtch_e1_synthetic/nested_350/results/run_manifest.json,quarantined,"Object-level asset record for QASSET-0034, not canonical dataset identity. SHA256=bd3c605cdcf76c7ba0d348b3266024165c9133e19f4b3b81fb82d81a8b2a5901; Synthetic demo/control generation only; no canonical protocol completion or physical support. Preserve diagnostic/null outputs, inadequate350-run null resolution, invalid undefined-correlation p-values, and unbound code revision.",LOCAL-RTCH-E1,LOCAL-RTCH-E1:nested_350:results/run_manifest.json,Quarantined historical/negative diagnostic artifact; no controlled or physical support eligibility.,historical,false,false,false
LOCAL-RTCH-E1:nested_350:results/scalar_embeddings.csv,Quarantined artifact: nested_350 / results/scalar_embeddings.csv,simulation,quarantined,data/quarantine/2026-10-03_audit/rtch_e1_synthetic/nested_350/results/scalar_embeddings.csv,quarantined,"Object-level asset record for QASSET-0035, not canonical dataset identity. SHA256=faf680af972780341116a6e14ecbe3acffa6b73f294e8fb11884c4c2a8437b42; Synthetic demo/control generation only; no canonical protocol completion or physical support. Preserve diagnostic/null outputs, inadequate350-run null resolution, invalid undefined-correlation p-values, and unbound code revision.",LOCAL-RTCH-E1,LOCAL-RTCH-E1:nested_350:results/scalar_embeddings.csv,Quarantined historical/negative diagnostic artifact; no controlled or physical support eligibility.,historical,false,false,false
LOCAL-RTCH-E1:nested_350:results/stability_summary.csv,Quarantined artifact: nested_350 / results/stability_summary.csv,simulation,quarantined,data/quarantine/2026-10-03_audit/rtch_e1_synthetic/nested_350/results/stability_summary.csv,quarantined,"Object-level asset record for QASSET-0036, not canonical dataset identity. SHA256=4af317de92879957316bd3bbeb4cd4c1755b4b4adf15f437aa2ae37e2d0fb265; Synthetic demo/control generation only; no canonical protocol completion or physical support. Preserve diagnostic/null outputs, inadequate350-run null resolution, invalid undefined-correlation p-values, and unbound code revision.",LOCAL-RTCH-E1,LOCAL-RTCH-E1:nested_350:results/stability_summary.csv,Quarantined historical/negative diagnostic artifact; no controlled or physical support eligibility.,historical,false,false,false
LOCAL-RTCH-E1:nested_350:results/topology_summary.csv,Quarantined artifact: nested_350 / results/topology_summary.csv,simulation,quarantined,data/quarantine/2026-10-03_audit/rtch_e1_synthetic/nested_350/results/topology_summary.csv,quarantined,"Object-level asset record for QASSET-0037, not canonical dataset identity. SHA256=553574c8c7e3508ee6f1316973388449509ff87934a9c71c3269bf9726d49f95; Synthetic demo/control generation only; no canonical protocol completion or physical support. Preserve diagnostic/null outputs, inadequate350-run null resolution, invalid undefined-correlation p-values, and unbound code revision.",LOCAL-RTCH-E1,LOCAL-RTCH-E1:nested_350:results/topology_summary.csv,Quarantined historical/negative diagnostic artifact; no controlled or physical support eligibility.,historical,false,false,false
