experiment_id,title,baseline_source_page,baseline_evidence_state,audit_date,current_status,associated_claim_ids,finding_ids,results_classification,canonical_protocol_completed,evidence_promotion,reproducibility,replication_status,required_manifest_fields,next_actions,qualified_namespace,qualified_id,artifact_status,quarantine_links,evidence_eligibility,controlled_support_eligible,physical_support_eligible,Registry_Namespace,Qualified_Experiment_ID,Original_Experiment_ID,Title,Baseline_Record_Text,Baseline_Evidence_State,Current_Status,Qualified_Claim_IDs,Finding_IDs,Qualified_Finding_IDs,Related_Quarantine_Bindings,Canonical_Protocol_Completed,Controlled_Support_Eligible,Physical_Support_Eligible,Reproducibility,Replication_Status,Required_Manifest_Fields,Next_Actions,Audit_Source,Audit_Source_SHA256,Source_Record_ID,Baseline_Source_PDF_As_Reported,Baseline_Source_SHA256_As_Reported,Baseline_Source_Page
EXP-CTRL-A03,Leakage and Contamination Audit,7,R,2026-10-03,STATIC AUDIT FINDINGS RECORDED / CONTROLLED COMPARATIVE RERUN NOT PERFORMED,"[""CORE-001"", ""COSMO-L001"", ""SFR-A001"", ""CTRL-A002""]","[""E-LCL-009"", ""E-LCL-010"", ""E-LCL-012"", ""E-LCL-013"", ""E-LCL-014"", ""E-DRV-002"", ""E-DRV-003""]","NOT ASSIGNED: no controlled historical reproduction, new execution or independent replication was performed",False,False,PARTIAL / EXECUTION CHAIN NOT ESTABLISHED,NO NEW INDEPENDENT REPLICATION PERFORMED,"[""source dataset identifier/release/acquisition"", ""source and derived checksums"", ""preprocessing and experiment code revision"", ""environment/packages"", ""locked parameters and mapping"", ""random seeds and split IDs"", ""target/outcome definition"", ""null generation and count"", ""effect/uncertainty/multiple comparisons"", ""output metrics/plots"", ""independent dataset/implementation binding""]","[""Exclude undefined-correlation p-values from support, preserve them as diagnostic failures, and require finite/constant-input checks before permutation reporting."", ""Set Leakage Status POTENTIAL LEAKAGE for rank generalization and CONFIRMED TARGET CONTAMINATION for Faltings-held-out interpretation; rebuild fold-local embeddings and remove target-defining inputs for independent prediction tests."", ""Retain M/H categories and R evidence state; set preprocessing leakage concern, rename/cross-reference cosmo_rank semantically, bind the actual input revision, and conduct fold-local incremental models before promotion."", ""Classify as historical random-feature stellar-mass baseline/control candidate, preserve absent-target diagnostic, and require exact input/schema plus explicit outcome exclusion and SFR-specific control reconstruction."", ""Keep repository CSV namespace as legacy, preserve original files, and document explicit semantic crosswalk/conflicts before migrating IDs into the canonical update."", ""Bind a precise executed code/data revision and reconstruct fold-local preprocessing before crediting reported predictive performance."", ""Retain proposal/code provenance; validate an exact runnable variant, training-fold derived quantities, outcome definition and locked independent test.""]",STAR-PDF-v0.2,STAR-PDF-v0.2:EXP-CTRL-A03,LINKED_ARTIFACTS_QUARANTINED; HYPOTHESIS_CLASSIFICATION_PRESERVED,"[""historical/r&d/quarantine/2026-10-03_audit/rtch_e1_synthetic/manifest.json""]",LINKED_QUARANTINED_ASSETS_HISTORICAL_DIAGNOSTIC_ONLY,False,False,STAR-PDF-v0.2,STAR-PDF-v0.2:EXP-CTRL-A03,EXP-CTRL-A03,Leakage and Contamination Audit,"EXP-CTRL-A03 — Leakage and Contamination Audit Priority: A Evidence State: R Associated Claims: CORE-001, SFR-A001, COSMO-L001 Objective Determine whether historical S.T.A.R. machine-learning and feature-engineering experiments contain information leakage between training and testing populations. Historical motivation Several historical scripts construct: ● normalized variables; ● redshift bins; ● (L_{\rm cosmo}(s)); ● cosmo_rank; ● interaction terms; before the train/test split. Therefore historical performance values cannot automatically be interpreted as leakage-free predictive measurements. Procedure Reconstruct the relevant pipelines so that: [ D_{\rm train} \rightarrow \text{fit preprocessing} \rightarrow D_{\rm train}^{\prime}, ] and the fitted transformations are subsequently applied to: [ D_{\rm test} \rightarrow D_{\rm test}^{\prime}. ] No target-derived or population-derived quantity may be calculated using the complete dataset before partitioning. Required controls Compare: 1. historical pipeline; 2. leakage-controlled pipeline; 3. shuffled-target pipeline. Success Criterion The reconstructed pipeline must reproduce the historical result within a documented tolerance where no leakage is present. Failure Criterion Any material performance degradation attributable to information leakage must be recorded and the historical result reclassified accordingly.",R,STATIC AUDIT FINDINGS RECORDED / CONTROLLED COMPARATIVE RERUN NOT PERFORMED,STAR-PDF-v0.2:CORE-001;STAR-PDF-v0.2:COSMO-L001;STAR-PDF-v0.2:SFR-A001;STAR-PDF-v0.2:CTRL-A002,E-LCL-009;E-LCL-010;E-LCL-012;E-LCL-013;E-LCL-014;E-DRV-002;E-DRV-003,STAR-AUDIT-2026-10-03:E-LCL-009;STAR-AUDIT-2026-10-03:E-LCL-010;STAR-AUDIT-2026-10-03:E-LCL-012;STAR-AUDIT-2026-10-03:E-LCL-013;STAR-AUDIT-2026-10-03:E-LCL-014;STAR-AUDIT-2026-10-03:E-DRV-002;STAR-AUDIT-2026-10-03:E-DRV-003,QASSET-0010;QASSET-0011;QASSET-0012;QASSET-0013;QASSET-0014;QASSET-0015;QASSET-0016;QASSET-0017;QASSET-0018;QASSET-0019;QASSET-0020;QASSET-0021;QASSET-0022;QASSET-0023;QASSET-0024;QASSET-0025;QASSET-0026;QASSET-0027;QASSET-0028;QASSET-0029;QASSET-0030;QASSET-0031;QASSET-0032;QASSET-0033;QASSET-0034;QASSET-0035;QASSET-0036;QASSET-0037,false,false,false,PARTIAL / EXECUTION CHAIN NOT ESTABLISHED,NO NEW INDEPENDENT REPLICATION PERFORMED,"[""source dataset identifier/release/acquisition"", ""source and derived checksums"", ""preprocessing and experiment code revision"", ""environment/packages"", ""locked parameters and mapping"", ""random seeds and split IDs"", ""target/outcome definition"", ""null generation and count"", ""effect/uncertainty/multiple comparisons"", ""output metrics/plots"", ""independent dataset/implementation binding""]","[""Exclude undefined-correlation p-values from support, preserve them as diagnostic failures, and require finite/constant-input checks before permutation reporting."", ""Set Leakage Status POTENTIAL LEAKAGE for rank generalization and CONFIRMED TARGET CONTAMINATION for Faltings-held-out interpretation; rebuild fold-local embeddings and remove target-defining inputs for independent prediction tests."", ""Retain M/H categories and R evidence state; set preprocessing leakage concern, rename/cross-reference cosmo_rank semantically, bind the actual input revision, and conduct fold-local incremental models before promotion."", ""Classify as historical random-feature stellar-mass baseline/control candidate, preserve absent-target diagnostic, and require exact input/schema plus explicit outcome exclusion and SFR-specific control reconstruction."", ""Keep repository CSV namespace as legacy, preserve original files, and document explicit semantic crosswalk/conflicts before migrating IDs into the canonical update."", ""Bind a precise executed code/data revision and reconstruct fold-local preprocessing before crediting reported predictive performance."", ""Retain proposal/code provenance; validate an exact runnable variant, training-fold derived quantities, outcome definition and locked independent test.""]",historical/r&d/docs/provenance_audit/experiment_updates.json,1c34057ce3873ac6cbb2c6f3d85d1fa7d78b9e4fe878b92125d4cf28a8ec5cac,EXP-CTRL-A03,STAR_Experiment_Registry_v0-2.pdf,6145d6878410e934c577fcdac7d90a18314b86cb7ea7b55af73903e045838992,7
EXP-CTRL-A01,Random-Feature Baseline,8,C/R,2026-10-03,HISTORICAL/DIAGNOSTIC ARTIFACTS LINKED / RECONSTRUCTION REQUIRED,"[""CTRL-RF001""]","[""E-LCL-013"", ""E-LCL-014""]","NOT ASSIGNED: no controlled historical reproduction, new execution or independent replication was performed",False,False,PARTIAL / EXECUTION CHAIN NOT ESTABLISHED,NO NEW INDEPENDENT REPLICATION PERFORMED,"[""source dataset identifier/release/acquisition"", ""source and derived checksums"", ""preprocessing and experiment code revision"", ""environment/packages"", ""locked parameters and mapping"", ""random seeds and split IDs"", ""target/outcome definition"", ""null generation and count"", ""effect/uncertainty/multiple comparisons"", ""output metrics/plots"", ""independent dataset/implementation binding""]","[""Classify as historical random-feature stellar-mass baseline/control candidate, preserve absent-target diagnostic, and require exact input/schema plus explicit outcome exclusion and SFR-specific control reconstruction."", ""Keep repository CSV namespace as legacy, preserve original files, and document explicit semantic crosswalk/conflicts before migrating IDs into the canonical update.""]",STAR-PDF-v0.2,STAR-PDF-v0.2:EXP-CTRL-A01,AUDIT_ONLY_NO_CONTROLLED_SUPPORT_VERIFIED,[],NO_NEW_CONTROLLED_OR_PHYSICAL_SUPPORT_ESTABLISHED,False,False,STAR-PDF-v0.2,STAR-PDF-v0.2:EXP-CTRL-A01,EXP-CTRL-A01,Random-Feature Baseline,"EXP-CTRL-A01 — Random-Feature Baseline Priority: A Evidence State: C/R Associated Claim: CTRL-RF001 Objective Establish a non-theoretical machine-learning baseline. Historical basis model5.py used random feature selection and a fixed random seed for predictive modeling. Design Construct a baseline using randomly selected astrophysical features under a fixed seed. Compare against: ● ordinary astrophysical baseline; ● arithmetic-feature baseline; ● arithmetic-plus-astrophysical model. Primary endpoint Out-of-sample: [ R^2_{\rm OOS}. ] Secondary: [ {\rm RMSE},\quad {\rm MAE}. ] Purpose Determine whether an apparent improvement from S.T.A.R. features exceeds ordinary feature-selection effects.",C/R,HISTORICAL/DIAGNOSTIC ARTIFACTS LINKED / RECONSTRUCTION REQUIRED,STAR-PDF-v0.2:CTRL-RF001,E-LCL-013;E-LCL-014,STAR-AUDIT-2026-10-03:E-LCL-013;STAR-AUDIT-2026-10-03:E-LCL-014,,false,false,false,PARTIAL / EXECUTION CHAIN NOT ESTABLISHED,NO NEW INDEPENDENT REPLICATION PERFORMED,"[""source dataset identifier/release/acquisition"", ""source and derived checksums"", ""preprocessing and experiment code revision"", ""environment/packages"", ""locked parameters and mapping"", ""random seeds and split IDs"", ""target/outcome definition"", ""null generation and count"", ""effect/uncertainty/multiple comparisons"", ""output metrics/plots"", ""independent dataset/implementation binding""]","[""Classify as historical random-feature stellar-mass baseline/control candidate, preserve absent-target diagnostic, and require exact input/schema plus explicit outcome exclusion and SFR-specific control reconstruction."", ""Keep repository CSV namespace as legacy, preserve original files, and document explicit semantic crosswalk/conflicts before migrating IDs into the canonical update.""]",historical/r&d/docs/provenance_audit/experiment_updates.json,1c34057ce3873ac6cbb2c6f3d85d1fa7d78b9e4fe878b92125d4cf28a8ec5cac,EXP-CTRL-A01,STAR_Experiment_Registry_v0-2.pdf,6145d6878410e934c577fcdac7d90a18314b86cb7ea7b55af73903e045838992,8
EXP-CTRL-A02,Arithmetic Permutation Control,10,N,2026-10-03,HISTORICAL/DIAGNOSTIC ARTIFACTS LINKED / RECONSTRUCTION REQUIRED,"[""ARITH-001"", ""SFR-A001"", ""CTRL-A001""]","[""E-LCL-009"", ""E-LCL-014""]","NOT ASSIGNED: no controlled historical reproduction, new execution or independent replication was performed",False,False,PARTIAL / EXECUTION CHAIN NOT ESTABLISHED,NO NEW INDEPENDENT REPLICATION PERFORMED,"[""source dataset identifier/release/acquisition"", ""source and derived checksums"", ""preprocessing and experiment code revision"", ""environment/packages"", ""locked parameters and mapping"", ""random seeds and split IDs"", ""target/outcome definition"", ""null generation and count"", ""effect/uncertainty/multiple comparisons"", ""output metrics/plots"", ""independent dataset/implementation binding""]","[""Exclude undefined-correlation p-values from support, preserve them as diagnostic failures, and require finite/constant-input checks before permutation reporting."", ""Keep repository CSV namespace as legacy, preserve original files, and document explicit semantic crosswalk/conflicts before migrating IDs into the canonical update.""]",STAR-PDF-v0.2,STAR-PDF-v0.2:EXP-CTRL-A02,LINKED_ARTIFACTS_QUARANTINED; HYPOTHESIS_CLASSIFICATION_PRESERVED,"[""historical/r&d/quarantine/2026-10-03_audit/rtch_e1_synthetic/manifest.json""]",LINKED_QUARANTINED_ASSETS_HISTORICAL_DIAGNOSTIC_ONLY,False,False,STAR-PDF-v0.2,STAR-PDF-v0.2:EXP-CTRL-A02,EXP-CTRL-A02,Arithmetic Permutation Control,"EXP-CTRL-A02 — Arithmetic Permutation Control Priority: A Evidence State: N Associated Claims: SFR-A001, ARITH-001 Objective Determine whether arithmetic-derived features contain information beyond their marginal distributions and accidental correlations. Procedure Preserve the marginal distribution of each arithmetic feature while breaking its association with the astronomical target. Possible permutation procedures include: \pi(X_{\rm arith}). ] Where appropriate, permutations should preserve relevant grouping variables. Comparison [ X_{\rm astro} ] versus [ X_{\rm astro}+X_{\rm arith} ] versus [ X_{\rm astro}+X_{\rm arith}^{\rm perm}. ] Primary endpoint [ \Delta R^2_{\rm OOS}. ] Success Criterion The unpermuted arithmetic model must outperform the appropriately constructed permutation distribution at a pre-registered significance level.",N,HISTORICAL/DIAGNOSTIC ARTIFACTS LINKED / RECONSTRUCTION REQUIRED,STAR-PDF-v0.2:ARITH-001;STAR-PDF-v0.2:SFR-A001;STAR-PDF-v0.2:CTRL-A001,E-LCL-009;E-LCL-014,STAR-AUDIT-2026-10-03:E-LCL-009;STAR-AUDIT-2026-10-03:E-LCL-014,QASSET-0010;QASSET-0011;QASSET-0012;QASSET-0013;QASSET-0014;QASSET-0015;QASSET-0016;QASSET-0017;QASSET-0018;QASSET-0019;QASSET-0020;QASSET-0021;QASSET-0022;QASSET-0023;QASSET-0024;QASSET-0025;QASSET-0026;QASSET-0027;QASSET-0028;QASSET-0029;QASSET-0030;QASSET-0031;QASSET-0032;QASSET-0033;QASSET-0034;QASSET-0035;QASSET-0036;QASSET-0037,false,false,false,PARTIAL / EXECUTION CHAIN NOT ESTABLISHED,NO NEW INDEPENDENT REPLICATION PERFORMED,"[""source dataset identifier/release/acquisition"", ""source and derived checksums"", ""preprocessing and experiment code revision"", ""environment/packages"", ""locked parameters and mapping"", ""random seeds and split IDs"", ""target/outcome definition"", ""null generation and count"", ""effect/uncertainty/multiple comparisons"", ""output metrics/plots"", ""independent dataset/implementation binding""]","[""Exclude undefined-correlation p-values from support, preserve them as diagnostic failures, and require finite/constant-input checks before permutation reporting."", ""Keep repository CSV namespace as legacy, preserve original files, and document explicit semantic crosswalk/conflicts before migrating IDs into the canonical update.""]",historical/r&d/docs/provenance_audit/experiment_updates.json,1c34057ce3873ac6cbb2c6f3d85d1fa7d78b9e4fe878b92125d4cf28a8ec5cac,EXP-CTRL-A02,STAR_Experiment_Registry_v0-2.pdf,6145d6878410e934c577fcdac7d90a18314b86cb7ea7b55af73903e045838992,10
EXP-K001,Log-Normal Reciprocal-Normalization Test,11,R,2026-10-03,HISTORICAL/DIAGNOSTIC ARTIFACTS LINKED / RECONSTRUCTION REQUIRED,"[""MATH-K001"", ""MATH-K002""]","[""E-DRV-001""]","NOT ASSIGNED: no controlled historical reproduction, new execution or independent replication was performed",False,False,PARTIAL / EXECUTION CHAIN NOT ESTABLISHED,NO NEW INDEPENDENT REPLICATION PERFORMED,"[""source dataset identifier/release/acquisition"", ""source and derived checksums"", ""preprocessing and experiment code revision"", ""environment/packages"", ""locked parameters and mapping"", ""random seeds and split IDs"", ""target/outcome definition"", ""null generation and count"", ""effect/uncertainty/multiple comparisons"", ""output metrics/plots"", ""independent dataset/implementation binding""]","[""Reconstruct assumptions, exact masses/units, median definition, seeds and sample selection. Retain unstable results and separate the expectation argument from physical interpretation.""]",STAR-PDF-v0.2,STAR-PDF-v0.2:EXP-K001,AUDIT_ONLY_NO_CONTROLLED_SUPPORT_VERIFIED,[],NO_NEW_CONTROLLED_OR_PHYSICAL_SUPPORT_ESTABLISHED,False,False,STAR-PDF-v0.2,STAR-PDF-v0.2:EXP-K001,EXP-K001,Log-Normal Reciprocal-Normalization Test,"EXP-K001 — Log-Normal Reciprocal-Normalization Test Priority: A Evidence State: R Associated Claim: MATH-K001 Historical construction \sum_{i=1}^{N} \left(\frac{M_0}{M_i}\right)^s ] with normalization \frac{\sum_i(M_i/M_0)} {\sum_i(M_0/M_i)}. ] For a log-normal mass distribution with [ \log M_i\sim N(\mu,\sigma^2), ] and [ M_0=e^\mu, ] the historical derivation gives equal limiting expectations for the numerator and denominator, suggesting [ K_{\rm theory}\rightarrow1. ] Objective Separate this statistical result from its historical BSD-inspired interpretation. Experimental groups 1. Gaussian-log mass distribution; 2. skewed distribution; 3. heavy-tailed distribution; 4. mixture distribution; 5. empirical galaxy-mass distributions. Variables [ N,\quad \mu,\quad\sigma,\quad K. ] Primary analysis Estimate: [ E[K_N],\quad {\rm Var}(K_N) ] as a function of (N). Historical observations The R&D archive contains simulations with approximately: [ N=500,\qquad \mu=9.7843,\qquad \sigma=0.3645, ] and reported mean: [ K\approx0.998108. ] Historical observational samples also produced materially different values, including small-(N) results. These are treated as reconstruction targets, not established confirmations. Success Criterion The theoretical convergence behavior is reproduced under the stated assumptions and its finite-sample behavior is characterized.",R,HISTORICAL/DIAGNOSTIC ARTIFACTS LINKED / RECONSTRUCTION REQUIRED,STAR-PDF-v0.2:MATH-K001;STAR-PDF-v0.2:MATH-K002,E-DRV-001,STAR-AUDIT-2026-10-03:E-DRV-001,,false,false,false,PARTIAL / EXECUTION CHAIN NOT ESTABLISHED,NO NEW INDEPENDENT REPLICATION PERFORMED,"[""source dataset identifier/release/acquisition"", ""source and derived checksums"", ""preprocessing and experiment code revision"", ""environment/packages"", ""locked parameters and mapping"", ""random seeds and split IDs"", ""target/outcome definition"", ""null generation and count"", ""effect/uncertainty/multiple comparisons"", ""output metrics/plots"", ""independent dataset/implementation binding""]","[""Reconstruct assumptions, exact masses/units, median definition, seeds and sample selection. Retain unstable results and separate the expectation argument from physical interpretation.""]",historical/r&d/docs/provenance_audit/experiment_updates.json,1c34057ce3873ac6cbb2c6f3d85d1fa7d78b9e4fe878b92125d4cf28a8ec5cac,EXP-K001,STAR_Experiment_Registry_v0-2.pdf,6145d6878410e934c577fcdac7d90a18314b86cb7ea7b55af73903e045838992,11
EXP-L001,(L_{\rm cosmo}(s)) Model Validation,13,R,2026-10-03,HISTORICAL/DIAGNOSTIC ARTIFACTS LINKED / RECONSTRUCTION REQUIRED,"[""COSMO-L001""]","[""E-LCL-012"", ""E-DRV-003""]","NOT ASSIGNED: no controlled historical reproduction, new execution or independent replication was performed",False,False,PARTIAL / EXECUTION CHAIN NOT ESTABLISHED,NO NEW INDEPENDENT REPLICATION PERFORMED,"[""source dataset identifier/release/acquisition"", ""source and derived checksums"", ""preprocessing and experiment code revision"", ""environment/packages"", ""locked parameters and mapping"", ""random seeds and split IDs"", ""target/outcome definition"", ""null generation and count"", ""effect/uncertainty/multiple comparisons"", ""output metrics/plots"", ""independent dataset/implementation binding""]","[""Retain M/H categories and R evidence state; set preprocessing leakage concern, rename/cross-reference cosmo_rank semantically, bind the actual input revision, and conduct fold-local incremental models before promotion."", ""Retain proposal/code provenance; validate an exact runnable variant, training-fold derived quantities, outcome definition and locked independent test.""]",STAR-PDF-v0.2,STAR-PDF-v0.2:EXP-L001,AUDIT_ONLY_NO_CONTROLLED_SUPPORT_VERIFIED,[],NO_NEW_CONTROLLED_OR_PHYSICAL_SUPPORT_ESTABLISHED,False,False,STAR-PDF-v0.2,STAR-PDF-v0.2:EXP-L001,EXP-L001,(L_{\rm cosmo}(s)) Model Validation,"EXP-L001 — (L_{\rm cosmo}(s)) Model Validation Priority: A Evidence State: R Associated Claim: COSMO-L001 Hypothesis (L_{\rm cosmo}(s)) may contain information about galaxy-population structure beyond ordinary mass/redshift variables. Core construction \sum_i \left(\frac{M_0}{M_i}\right)^s. ] Historical implementations also introduced redshift binning and derived mass-dependent quantities. Critical requirement All population statistics and normalization parameters must be estimated within the training fold. Baselines 1. mass-only; 2. mass + redshift; 3. standard astrophysical feature set; 4. astrophysical + (L_{\rm cosmo}); 5. shuffled (L_{\rm cosmo}). Primary endpoint Incremental out-of-sample predictive information: [ \Delta R^2_{\rm OOS}. ] Secondary endpoints [ \Delta {\rm RMSE}, \quad \Delta {\rm MAE}, \quad \text{calibration error}. ] Success (L_{\rm cosmo}) demonstrates reproducible incremental information on independent data.",R,HISTORICAL/DIAGNOSTIC ARTIFACTS LINKED / RECONSTRUCTION REQUIRED,STAR-PDF-v0.2:COSMO-L001,E-LCL-012;E-DRV-003,STAR-AUDIT-2026-10-03:E-LCL-012;STAR-AUDIT-2026-10-03:E-DRV-003,,false,false,false,PARTIAL / EXECUTION CHAIN NOT ESTABLISHED,NO NEW INDEPENDENT REPLICATION PERFORMED,"[""source dataset identifier/release/acquisition"", ""source and derived checksums"", ""preprocessing and experiment code revision"", ""environment/packages"", ""locked parameters and mapping"", ""random seeds and split IDs"", ""target/outcome definition"", ""null generation and count"", ""effect/uncertainty/multiple comparisons"", ""output metrics/plots"", ""independent dataset/implementation binding""]","[""Retain M/H categories and R evidence state; set preprocessing leakage concern, rename/cross-reference cosmo_rank semantically, bind the actual input revision, and conduct fold-local incremental models before promotion."", ""Retain proposal/code provenance; validate an exact runnable variant, training-fold derived quantities, outcome definition and locked independent test.""]",historical/r&d/docs/provenance_audit/experiment_updates.json,1c34057ce3873ac6cbb2c6f3d85d1fa7d78b9e4fe878b92125d4cf28a8ec5cac,EXP-L001,STAR_Experiment_Registry_v0-2.pdf,6145d6878410e934c577fcdac7d90a18314b86cb7ea7b55af73903e045838992,13
EXP-SFR-A01,Arithmetic Incremental SFR Prediction,15,N/R,2026-10-03,HISTORICAL/DIAGNOSTIC ARTIFACTS LINKED / RECONSTRUCTION REQUIRED,"[""COSMO-L002"", ""SFR-A001""]","[""E-LCL-012"", ""E-DRV-002"", ""E-DRV-003""]","NOT ASSIGNED: no controlled historical reproduction, new execution or independent replication was performed",False,False,PARTIAL / EXECUTION CHAIN NOT ESTABLISHED,NO NEW INDEPENDENT REPLICATION PERFORMED,"[""source dataset identifier/release/acquisition"", ""source and derived checksums"", ""preprocessing and experiment code revision"", ""environment/packages"", ""locked parameters and mapping"", ""random seeds and split IDs"", ""target/outcome definition"", ""null generation and count"", ""effect/uncertainty/multiple comparisons"", ""output metrics/plots"", ""independent dataset/implementation binding""]","[""Retain M/H categories and R evidence state; set preprocessing leakage concern, rename/cross-reference cosmo_rank semantically, bind the actual input revision, and conduct fold-local incremental models before promotion."", ""Bind a precise executed code/data revision and reconstruct fold-local preprocessing before crediting reported predictive performance."", ""Retain proposal/code provenance; validate an exact runnable variant, training-fold derived quantities, outcome definition and locked independent test.""]",STAR-PDF-v0.2,STAR-PDF-v0.2:EXP-SFR-A01,AUDIT_ONLY_NO_CONTROLLED_SUPPORT_VERIFIED,[],NO_NEW_CONTROLLED_OR_PHYSICAL_SUPPORT_ESTABLISHED,False,False,STAR-PDF-v0.2,STAR-PDF-v0.2:EXP-SFR-A01,EXP-SFR-A01,Arithmetic Incremental SFR Prediction,"EXP-SFR-A01 — Arithmetic Incremental SFR Prediction Priority: A Evidence State: N/R Associated Claim: SFR-A001 Hypothesis Arithmetic-derived variables may provide information about SFR beyond ordinary astrophysical variables. Target [ Y=\log{\rm SFR}_{H\alpha}. ] Baseline [ Y=f(X_{\rm astro}). ] Extended model [ Y=f(X_{\rm astro},X_{\rm arith}). ] where (X_{\rm arith}) may include: [ r_E,\quad \log|\Delta_E|,\quad \log N_E,\quad \log\operatorname{Reg}(E),\quad T_E, ] and validated mapping-derived variables. Primary endpoint R^2_{\rm arithmetic+astro} R^2_{\rm astro}. ] Secondary endpoints ● RMSE; ● MAE; ● residual distributions; ● calibration; ● SHAP stability; ● performance across SFR strata. Critical control Arithmetic permutation control EXP-CTRL-A02. Success Criterion An incremental effect survives: ● leakage-controlled preprocessing; ● held-out testing; ● permutation control; ● multiple random seeds; ● independent dataset validation. A statistically significant effect without practical predictive value is not sufficient for Level 4 predictive correspondence.",N/R,HISTORICAL/DIAGNOSTIC ARTIFACTS LINKED / RECONSTRUCTION REQUIRED,STAR-PDF-v0.2:COSMO-L002;STAR-PDF-v0.2:SFR-A001,E-LCL-012;E-DRV-002;E-DRV-003,STAR-AUDIT-2026-10-03:E-LCL-012;STAR-AUDIT-2026-10-03:E-DRV-002;STAR-AUDIT-2026-10-03:E-DRV-003,,false,false,false,PARTIAL / EXECUTION CHAIN NOT ESTABLISHED,NO NEW INDEPENDENT REPLICATION PERFORMED,"[""source dataset identifier/release/acquisition"", ""source and derived checksums"", ""preprocessing and experiment code revision"", ""environment/packages"", ""locked parameters and mapping"", ""random seeds and split IDs"", ""target/outcome definition"", ""null generation and count"", ""effect/uncertainty/multiple comparisons"", ""output metrics/plots"", ""independent dataset/implementation binding""]","[""Retain M/H categories and R evidence state; set preprocessing leakage concern, rename/cross-reference cosmo_rank semantically, bind the actual input revision, and conduct fold-local incremental models before promotion."", ""Bind a precise executed code/data revision and reconstruct fold-local preprocessing before crediting reported predictive performance."", ""Retain proposal/code provenance; validate an exact runnable variant, training-fold derived quantities, outcome definition and locked independent test.""]",historical/r&d/docs/provenance_audit/experiment_updates.json,1c34057ce3873ac6cbb2c6f3d85d1fa7d78b9e4fe878b92125d4cf28a8ec5cac,EXP-SFR-A01,STAR_Experiment_Registry_v0-2.pdf,6145d6878410e934c577fcdac7d90a18314b86cb7ea7b55af73903e045838992,15
EXP-SFR-A02,Arithmetic-Only SFR Prediction,16,N,2026-10-03,PLANNED CONTROLLED EXPERIMENT / COMPLETED EXECUTION NOT VERIFIED,"[""SFR-A002""]",[],"NOT ASSIGNED: no controlled historical reproduction, new execution or independent replication was performed",False,False,PARTIAL / EXECUTION CHAIN NOT ESTABLISHED,NO NEW INDEPENDENT REPLICATION PERFORMED,"[""source dataset identifier/release/acquisition"", ""source and derived checksums"", ""preprocessing and experiment code revision"", ""environment/packages"", ""locked parameters and mapping"", ""random seeds and split IDs"", ""target/outcome definition"", ""null generation and count"", ""effect/uncertainty/multiple comparisons"", ""output metrics/plots"", ""independent dataset/implementation binding""]","[""Execute the original registered protocol after its data, mathematical and control dependencies are resolved; do not substitute illustrative code or document prose for execution.""]",STAR-PDF-v0.2,STAR-PDF-v0.2:EXP-SFR-A02,AUDIT_ONLY_NO_CONTROLLED_SUPPORT_VERIFIED,[],NO_NEW_CONTROLLED_OR_PHYSICAL_SUPPORT_ESTABLISHED,False,False,STAR-PDF-v0.2,STAR-PDF-v0.2:EXP-SFR-A02,EXP-SFR-A02,Arithmetic-Only SFR Prediction,EXP-SFR-A02 — Arithmetic-Only SFR Prediction Priority: A Evidence State: N Associated Claim: SFR-A002 Objective Test whether arithmetic variables alone contain predictive information about SFR. Model [ Y=f(X_{\rm arith}). ] Compare against: [ Y=f(X_{\rm astro}) ] and shuffled arithmetic controls. Purpose This experiment distinguishes: 1. genuine arithmetic information; 2. arithmetic features merely acting as proxies for known astrophysical variables; 3. random correlations.,N,PLANNED CONTROLLED EXPERIMENT / COMPLETED EXECUTION NOT VERIFIED,STAR-PDF-v0.2:SFR-A002,,,,false,false,false,PARTIAL / EXECUTION CHAIN NOT ESTABLISHED,NO NEW INDEPENDENT REPLICATION PERFORMED,"[""source dataset identifier/release/acquisition"", ""source and derived checksums"", ""preprocessing and experiment code revision"", ""environment/packages"", ""locked parameters and mapping"", ""random seeds and split IDs"", ""target/outcome definition"", ""null generation and count"", ""effect/uncertainty/multiple comparisons"", ""output metrics/plots"", ""independent dataset/implementation binding""]","[""Execute the original registered protocol after its data, mathematical and control dependencies are resolved; do not substitute illustrative code or document prose for execution.""]",historical/r&d/docs/provenance_audit/experiment_updates.json,1c34057ce3873ac6cbb2c6f3d85d1fa7d78b9e4fe878b92125d4cf28a8ec5cac,EXP-SFR-A02,STAR_Experiment_Registry_v0-2.pdf,6145d6878410e934c577fcdac7d90a18314b86cb7ea7b55af73903e045838992,16
EXP-SFR-A03,Extreme-SFR Robustness,17,R/N,2026-10-03,HISTORICAL/DIAGNOSTIC ARTIFACTS LINKED / RECONSTRUCTION REQUIRED,"[""SFR-E001"", ""SFR-A003""]","[""E-DRV-002""]","NOT ASSIGNED: no controlled historical reproduction, new execution or independent replication was performed",False,False,PARTIAL / EXECUTION CHAIN NOT ESTABLISHED,NO NEW INDEPENDENT REPLICATION PERFORMED,"[""source dataset identifier/release/acquisition"", ""source and derived checksums"", ""preprocessing and experiment code revision"", ""environment/packages"", ""locked parameters and mapping"", ""random seeds and split IDs"", ""target/outcome definition"", ""null generation and count"", ""effect/uncertainty/multiple comparisons"", ""output metrics/plots"", ""independent dataset/implementation binding""]","[""Bind a precise executed code/data revision and reconstruct fold-local preprocessing before crediting reported predictive performance.""]",STAR-PDF-v0.2,STAR-PDF-v0.2:EXP-SFR-A03,AUDIT_ONLY_NO_CONTROLLED_SUPPORT_VERIFIED,[],NO_NEW_CONTROLLED_OR_PHYSICAL_SUPPORT_ESTABLISHED,False,False,STAR-PDF-v0.2,STAR-PDF-v0.2:EXP-SFR-A03,EXP-SFR-A03,Extreme-SFR Robustness,"EXP-SFR-A03 — Extreme-SFR Robustness Priority: A Evidence State: R/N Associated Claim: SFR-E001 Historical motivation Historical models showed substantially different behavior for extreme-SFR populations compared with the bulk population. One historical analysis reported approximately: ● full-sample RF (R^2\approx0.8455); ● full-sample GB (R^2\approx0.8476); ● non-outlier RF (R^2\approx0.8729); ● non-outlier GB (R^2\approx0.8766); with substantially poorer performance in the extreme/outlier population. These historical values require reconstruction under controlled preprocessing. Design Pre-register SFR strata rather than defining outliers after observing model performance. Evaluate: [ R^2,\quad {\rm RMSE},\quad {\rm MAE} ] within each stratum. Objective Determine whether arithmetic features retain any incremental information specifically in extreme-SFR populations.",R/N,HISTORICAL/DIAGNOSTIC ARTIFACTS LINKED / RECONSTRUCTION REQUIRED,STAR-PDF-v0.2:SFR-E001;STAR-PDF-v0.2:SFR-A003,E-DRV-002,STAR-AUDIT-2026-10-03:E-DRV-002,,false,false,false,PARTIAL / EXECUTION CHAIN NOT ESTABLISHED,NO NEW INDEPENDENT REPLICATION PERFORMED,"[""source dataset identifier/release/acquisition"", ""source and derived checksums"", ""preprocessing and experiment code revision"", ""environment/packages"", ""locked parameters and mapping"", ""random seeds and split IDs"", ""target/outcome definition"", ""null generation and count"", ""effect/uncertainty/multiple comparisons"", ""output metrics/plots"", ""independent dataset/implementation binding""]","[""Bind a precise executed code/data revision and reconstruct fold-local preprocessing before crediting reported predictive performance.""]",historical/r&d/docs/provenance_audit/experiment_updates.json,1c34057ce3873ac6cbb2c6f3d85d1fa7d78b9e4fe878b92125d4cf28a8ec5cac,EXP-SFR-A03,STAR_Experiment_Registry_v0-2.pdf,6145d6878410e934c577fcdac7d90a18314b86cb7ea7b55af73903e045838992,17
EXP-RANK-A01,Rank and Cosmic Environment,18,N,2026-10-03,HISTORICAL/DIAGNOSTIC ARTIFACTS LINKED / RECONSTRUCTION REQUIRED,"[""CORE-001"", ""RANK-001"", ""RANK-002"", ""RANK-003"", ""HIST-001"", ""HIST-002"", ""HIST-003"", ""HIST-004"", ""HIST-005"", ""HIST-006""]","[""E-LCL-004"", ""E-LCL-005""]","NOT ASSIGNED: no controlled historical reproduction, new execution or independent replication was performed",False,False,PARTIAL / EXECUTION CHAIN NOT ESTABLISHED,NO NEW INDEPENDENT REPLICATION PERFORMED,"[""source dataset identifier/release/acquisition"", ""source and derived checksums"", ""preprocessing and experiment code revision"", ""environment/packages"", ""locked parameters and mapping"", ""random seeds and split IDs"", ""target/outcome definition"", ""null generation and count"", ""effect/uncertainty/multiple comparisons"", ""output metrics/plots"", ""independent dataset/implementation binding""]","[""Retain partial lineage and missing-invariant diagnostics; bind exact upstream snapshot and preprocessing code to a registered dataset version before controlled testing."", ""Record estimated/proxy status explicitly; prevent3-Selmer exactness or cosmic-evidence promotion from these filenames/results.""]",STAR-PDF-v0.2,STAR-PDF-v0.2:EXP-RANK-A01,AUDIT_ONLY_NO_CONTROLLED_SUPPORT_VERIFIED,[],NO_NEW_CONTROLLED_OR_PHYSICAL_SUPPORT_ESTABLISHED,False,False,STAR-PDF-v0.2,STAR-PDF-v0.2:EXP-RANK-A01,EXP-RANK-A01,Rank and Cosmic Environment,"EXP-RANK-A01 — Rank and Cosmic Environment Priority: A Evidence State: N Associated Claims: RANK-001, RANK-002 Hypothesis Elliptic-curve rank may exhibit statistically nontrivial correspondence with cosmic environment. Test variables Rank: [ r_E. ] Environmental variables may include: ● galaxy density; ● local density; ● cluster membership; ● filament membership; ● void membership; ● environmental classification. Primary analysis Estimate: [ P(r_E\mid{\rm environment}) ] and compare against appropriate null distributions. Nulls ● random assignment of elliptic curves to galaxies; ● permutation of rank labels; ● matched environmental sampling; ● alternative arithmetic invariants. Important distinction The experiment does not assume: [ r=0\Rightarrow{\rm void}, ] or any other one-to-one physical interpretation. Those are hypotheses to be tested.",N,HISTORICAL/DIAGNOSTIC ARTIFACTS LINKED / RECONSTRUCTION REQUIRED,STAR-PDF-v0.2:CORE-001;STAR-PDF-v0.2:RANK-001;STAR-PDF-v0.2:RANK-002;STAR-PDF-v0.2:RANK-003;STAR-PDF-v0.2:HIST-001;STAR-PDF-v0.2:HIST-002;STAR-PDF-v0.2:HIST-003;STAR-PDF-v0.2:HIST-004;STAR-PDF-v0.2:HIST-005;STAR-PDF-v0.2:HIST-006,E-LCL-004;E-LCL-005,STAR-AUDIT-2026-10-03:E-LCL-004;STAR-AUDIT-2026-10-03:E-LCL-005,,false,false,false,PARTIAL / EXECUTION CHAIN NOT ESTABLISHED,NO NEW INDEPENDENT REPLICATION PERFORMED,"[""source dataset identifier/release/acquisition"", ""source and derived checksums"", ""preprocessing and experiment code revision"", ""environment/packages"", ""locked parameters and mapping"", ""random seeds and split IDs"", ""target/outcome definition"", ""null generation and count"", ""effect/uncertainty/multiple comparisons"", ""output metrics/plots"", ""independent dataset/implementation binding""]","[""Retain partial lineage and missing-invariant diagnostics; bind exact upstream snapshot and preprocessing code to a registered dataset version before controlled testing."", ""Record estimated/proxy status explicitly; prevent3-Selmer exactness or cosmic-evidence promotion from these filenames/results.""]",historical/r&d/docs/provenance_audit/experiment_updates.json,1c34057ce3873ac6cbb2c6f3d85d1fa7d78b9e4fe878b92125d4cf28a8ec5cac,EXP-RANK-A01,STAR_Experiment_Registry_v0-2.pdf,6145d6878410e934c577fcdac7d90a18314b86cb7ea7b55af73903e045838992,18
EXP-RANK-A02,Rank-Weighted Cosmic Topology,20,N/R,2026-10-03,PLANNED CONTROLLED EXPERIMENT / COMPLETED EXECUTION NOT VERIFIED,"[""RANK-002"", ""RANK-003"", ""TOPO-001"", ""TOPO-002"", ""HIST-002"", ""HIST-003"", ""HIST-004"", ""HIST-005"", ""HIST-006""]",[],"NOT ASSIGNED: no controlled historical reproduction, new execution or independent replication was performed",False,False,PARTIAL / EXECUTION CHAIN NOT ESTABLISHED,NO NEW INDEPENDENT REPLICATION PERFORMED,"[""source dataset identifier/release/acquisition"", ""source and derived checksums"", ""preprocessing and experiment code revision"", ""environment/packages"", ""locked parameters and mapping"", ""random seeds and split IDs"", ""target/outcome definition"", ""null generation and count"", ""effect/uncertainty/multiple comparisons"", ""output metrics/plots"", ""independent dataset/implementation binding""]","[""Execute the original registered protocol after its data, mathematical and control dependencies are resolved; do not substitute illustrative code or document prose for execution.""]",STAR-PDF-v0.2,STAR-PDF-v0.2:EXP-RANK-A02,AUDIT_ONLY_NO_CONTROLLED_SUPPORT_VERIFIED,[],NO_NEW_CONTROLLED_OR_PHYSICAL_SUPPORT_ESTABLISHED,False,False,STAR-PDF-v0.2,STAR-PDF-v0.2:EXP-RANK-A02,EXP-RANK-A02,Rank-Weighted Cosmic Topology,"EXP-RANK-A02 — Rank-Weighted Cosmic Topology Priority: A Evidence State: N/R Associated Claims: RANK-003, TOPO-001, TOPO-002 Hypothesis Arithmetic rank may contribute information about cosmic-web topology. Construction Define a rank-weighted filtration: [ K_\epsilon^{(r)}. ] The exact construction must be fixed before the final comparison. Topological observables Persistent homology: [ \beta_0,\quad\beta_1,\quad\beta_2. ] Interpretation: ● (\beta_0): connected-component structure; ● (\beta_1): one-dimensional cycles/connectivity; ● (\beta_2): cavities/void structure. Persistent homology must not be interpreted as a direct filament counter. Filaments Filament identification should primarily use: ● geometric skeleton methods; ● graph methods; ● established cosmic-web classifiers. Persistent homology provides supporting topological information. Comparison [ D_{\rm arith} \leftrightarrow D_{\rm cosmic}. ] Use: ● Wasserstein distance; ● bottleneck distance; ● persistence landscapes/images; ● topology-aware statistics. Null models ● randomized rank assignments; ● randomized arithmetic mappings; ● spatial shuffling; ● density-preserving controls. Historical values such as: [ W_2<10^{-2} ] are exploratory/model-dependent and are not accepted as universal evidence thresholds.",N/R,PLANNED CONTROLLED EXPERIMENT / COMPLETED EXECUTION NOT VERIFIED,STAR-PDF-v0.2:RANK-002;STAR-PDF-v0.2:RANK-003;STAR-PDF-v0.2:TOPO-001;STAR-PDF-v0.2:TOPO-002;STAR-PDF-v0.2:HIST-002;STAR-PDF-v0.2:HIST-003;STAR-PDF-v0.2:HIST-004;STAR-PDF-v0.2:HIST-005;STAR-PDF-v0.2:HIST-006,,,,false,false,false,PARTIAL / EXECUTION CHAIN NOT ESTABLISHED,NO NEW INDEPENDENT REPLICATION PERFORMED,"[""source dataset identifier/release/acquisition"", ""source and derived checksums"", ""preprocessing and experiment code revision"", ""environment/packages"", ""locked parameters and mapping"", ""random seeds and split IDs"", ""target/outcome definition"", ""null generation and count"", ""effect/uncertainty/multiple comparisons"", ""output metrics/plots"", ""independent dataset/implementation binding""]","[""Execute the original registered protocol after its data, mathematical and control dependencies are resolved; do not substitute illustrative code or document prose for execution.""]",historical/r&d/docs/provenance_audit/experiment_updates.json,1c34057ce3873ac6cbb2c6f3d85d1fa7d78b9e4fe878b92125d4cf28a8ec5cac,EXP-RANK-A02,STAR_Experiment_Registry_v0-2.pdf,6145d6878410e934c577fcdac7d90a18314b86cb7ea7b55af73903e045838992,20
EXP-TOPO-A01,Null-Calibrated Persistent Homology,22,R/N,2026-10-03,HISTORICAL/DIAGNOSTIC ARTIFACTS LINKED / RECONSTRUCTION REQUIRED,"[""CORE-001"", ""TOPO-001"", ""TOPO-002"", ""TOPO-003"", ""HIST-001"", ""HIST-007"", ""HIST-008""]","[""E-LCL-003"", ""E-LCL-006"", ""E-LCL-007"", ""E-LCL-008""]","NOT ASSIGNED: no controlled historical reproduction, new execution or independent replication was performed",False,False,PARTIAL / EXECUTION CHAIN NOT ESTABLISHED,NO NEW INDEPENDENT REPLICATION PERFORMED,"[""source dataset identifier/release/acquisition"", ""source and derived checksums"", ""preprocessing and experiment code revision"", ""environment/packages"", ""locked parameters and mapping"", ""random seeds and split IDs"", ""target/outcome definition"", ""null generation and count"", ""effect/uncertainty/multiple comparisons"", ""output metrics/plots"", ""independent dataset/implementation binding""]","[""Preserve exact-path/hash revisions, flag copied manifests as inconsistent, and do not attribute working full-sample results to packaged subsets or blank outputs."", ""Retain completed-run reports as historical computational evidence only; reconstruct identical mapping, filtration and survey/null comparisons before TOPO-001 promotion."", ""Keep both generation IDs and exact input hashes; register RTCH-E1 as a separate local simulation/control if desired, without silently substituting it for canonical EXP-RTCH-B01."", ""Retain both null/diagnostic generations. Rebuild adequate null counts, effect sizes, intervals, multiple-comparison controls, code binding and independent arithmetic/astronomical inputs before empirical promotion.""]",STAR-PDF-v0.2,STAR-PDF-v0.2:EXP-TOPO-A01,LINKED_ARTIFACTS_QUARANTINED; HYPOTHESIS_CLASSIFICATION_PRESERVED,"[""historical/r&d/quarantine/2026-10-03_audit/projection_packages/manifest.json"", ""historical/r&d/quarantine/2026-10-03_audit/rtch_e1_synthetic/manifest.json""]",LINKED_QUARANTINED_ASSETS_HISTORICAL_DIAGNOSTIC_ONLY,False,False,STAR-PDF-v0.2,STAR-PDF-v0.2:EXP-TOPO-A01,EXP-TOPO-A01,Null-Calibrated Persistent Homology,"EXP-TOPO-A01 — Null-Calibrated Persistent Homology Priority: A Evidence State: R/N Associated Claims: TOPO-001, TOPO-002, TOPO-003 Objective Establish whether any observed arithmetic/topological correspondence exceeds what can be produced by the null models. Required analysis For each mapping: [ D_{\rm observed} ] must be compared against an empirical null distribution: [ D_{\rm null}^{(1)},\ldots,D_{\rm null}^{(N)}. ] Output Report: ● effect size; ● empirical (p)-value; ● confidence interval; ● null distribution; ● multiple-comparison correction where applicable; ● sensitivity to resolution; ● sensitivity to sampling density; ● sensitivity to noise; ● mapping sensitivity. Success Criterion Observed correspondence must survive the pre-registered null ensemble.",R/N,HISTORICAL/DIAGNOSTIC ARTIFACTS LINKED / RECONSTRUCTION REQUIRED,STAR-PDF-v0.2:CORE-001;STAR-PDF-v0.2:TOPO-001;STAR-PDF-v0.2:TOPO-002;STAR-PDF-v0.2:TOPO-003;STAR-PDF-v0.2:HIST-001;STAR-PDF-v0.2:HIST-007;STAR-PDF-v0.2:HIST-008,E-LCL-003;E-LCL-006;E-LCL-007;E-LCL-008,STAR-AUDIT-2026-10-03:E-LCL-003;STAR-AUDIT-2026-10-03:E-LCL-006;STAR-AUDIT-2026-10-03:E-LCL-007;STAR-AUDIT-2026-10-03:E-LCL-008,QASSET-0003;QASSET-0004;QASSET-0005;QASSET-0006;QASSET-0007;QASSET-0008;QASSET-0009;QASSET-0010;QASSET-0011;QASSET-0012;QASSET-0013;QASSET-0014;QASSET-0015;QASSET-0016;QASSET-0017;QASSET-0018;QASSET-0019;QASSET-0020;QASSET-0021;QASSET-0022;QASSET-0023;QASSET-0024;QASSET-0025;QASSET-0026;QASSET-0027;QASSET-0028;QASSET-0029;QASSET-0030;QASSET-0031;QASSET-0032;QASSET-0033;QASSET-0034;QASSET-0035;QASSET-0036;QASSET-0037,false,false,false,PARTIAL / EXECUTION CHAIN NOT ESTABLISHED,NO NEW INDEPENDENT REPLICATION PERFORMED,"[""source dataset identifier/release/acquisition"", ""source and derived checksums"", ""preprocessing and experiment code revision"", ""environment/packages"", ""locked parameters and mapping"", ""random seeds and split IDs"", ""target/outcome definition"", ""null generation and count"", ""effect/uncertainty/multiple comparisons"", ""output metrics/plots"", ""independent dataset/implementation binding""]","[""Preserve exact-path/hash revisions, flag copied manifests as inconsistent, and do not attribute working full-sample results to packaged subsets or blank outputs."", ""Retain completed-run reports as historical computational evidence only; reconstruct identical mapping, filtration and survey/null comparisons before TOPO-001 promotion."", ""Keep both generation IDs and exact input hashes; register RTCH-E1 as a separate local simulation/control if desired, without silently substituting it for canonical EXP-RTCH-B01."", ""Retain both null/diagnostic generations. Rebuild adequate null counts, effect sizes, intervals, multiple-comparison controls, code binding and independent arithmetic/astronomical inputs before empirical promotion.""]",historical/r&d/docs/provenance_audit/experiment_updates.json,1c34057ce3873ac6cbb2c6f3d85d1fa7d78b9e4fe878b92125d4cf28a8ec5cac,EXP-TOPO-A01,STAR_Experiment_Registry_v0-2.pdf,6145d6878410e934c577fcdac7d90a18314b86cb7ea7b55af73903e045838992,22
EXP-MAP-A01,Mapping-Family Comparison,23,R/N,2026-10-03,HISTORICAL/DIAGNOSTIC ARTIFACTS LINKED / RECONSTRUCTION REQUIRED,"[""MAP-001"", ""MAP-002"", ""MAP-003"", ""MAP-004"", ""MAP-005"", ""HIST-001"", ""HIST-008""]","[""E-LCL-003"", ""E-LCL-004"", ""E-LCL-006"", ""E-LCL-016""]","NOT ASSIGNED: no controlled historical reproduction, new execution or independent replication was performed",False,False,PARTIAL / EXECUTION CHAIN NOT ESTABLISHED,NO NEW INDEPENDENT REPLICATION PERFORMED,"[""source dataset identifier/release/acquisition"", ""source and derived checksums"", ""preprocessing and experiment code revision"", ""environment/packages"", ""locked parameters and mapping"", ""random seeds and split IDs"", ""target/outcome definition"", ""null generation and count"", ""effect/uncertainty/multiple comparisons"", ""output metrics/plots"", ""independent dataset/implementation binding""]","[""Preserve exact-path/hash revisions, flag copied manifests as inconsistent, and do not attribute working full-sample results to packaged subsets or blank outputs."", ""Retain partial lineage and missing-invariant diagnostics; bind exact upstream snapshot and preprocessing code to a registered dataset version before controlled testing."", ""Retain completed-run reports as historical computational evidence only; reconstruct identical mapping, filtration and survey/null comparisons before TOPO-001 promotion."", ""Bind website displays to a synthetic/model provenance label; preserve model formulas and coefficients as construction choices. Keep COSMO-E002 downstream; displayed agreement with calibration anchors is not independent confirmation.""]",STAR-PDF-v0.2,STAR-PDF-v0.2:EXP-MAP-A01,LINKED_ARTIFACTS_QUARANTINED; HYPOTHESIS_CLASSIFICATION_PRESERVED,"[""historical/r&d/quarantine/2026-10-03_audit/projection_packages/manifest.json""]",LINKED_QUARANTINED_ASSETS_HISTORICAL_DIAGNOSTIC_ONLY,False,False,STAR-PDF-v0.2,STAR-PDF-v0.2:EXP-MAP-A01,EXP-MAP-A01,Mapping-Family Comparison,"EXP-MAP-A01 — Mapping-Family Comparison Priority: A Evidence State: R/N Associated Claims: MAP-001, MAP-002, MAP-003, MAP-004 Objective Determine whether correspondence is specific to one arithmetic-to-geometric mapping or can be generated by many flexible mappings. Candidate mappings Historical candidates include: (\log|\Delta_E|, \log N_E, \alpha r_E), ] and alternatives identified in: Criteria_for_Alternative_Mappings_ Φ. pdf. These include the MCJ, PTD, and FT families. Comparison Every mapping must be subjected to identical: ● data; ● null models; ● topological metrics; ● parameter-search budgets; ● validation splits. Success Criterion A mapping should demonstrate reproducible performance without requiring uncontrolled post hoc parameter tuning.",R/N,HISTORICAL/DIAGNOSTIC ARTIFACTS LINKED / RECONSTRUCTION REQUIRED,STAR-PDF-v0.2:MAP-001;STAR-PDF-v0.2:MAP-002;STAR-PDF-v0.2:MAP-003;STAR-PDF-v0.2:MAP-004;STAR-PDF-v0.2:MAP-005;STAR-PDF-v0.2:HIST-001;STAR-PDF-v0.2:HIST-008,E-LCL-003;E-LCL-004;E-LCL-006;E-LCL-016,STAR-AUDIT-2026-10-03:E-LCL-003;STAR-AUDIT-2026-10-03:E-LCL-004;STAR-AUDIT-2026-10-03:E-LCL-006;STAR-AUDIT-2026-10-03:E-LCL-016,QASSET-0003;QASSET-0004;QASSET-0005;QASSET-0006;QASSET-0007;QASSET-0008;QASSET-0009,false,false,false,PARTIAL / EXECUTION CHAIN NOT ESTABLISHED,NO NEW INDEPENDENT REPLICATION PERFORMED,"[""source dataset identifier/release/acquisition"", ""source and derived checksums"", ""preprocessing and experiment code revision"", ""environment/packages"", ""locked parameters and mapping"", ""random seeds and split IDs"", ""target/outcome definition"", ""null generation and count"", ""effect/uncertainty/multiple comparisons"", ""output metrics/plots"", ""independent dataset/implementation binding""]","[""Preserve exact-path/hash revisions, flag copied manifests as inconsistent, and do not attribute working full-sample results to packaged subsets or blank outputs."", ""Retain partial lineage and missing-invariant diagnostics; bind exact upstream snapshot and preprocessing code to a registered dataset version before controlled testing."", ""Retain completed-run reports as historical computational evidence only; reconstruct identical mapping, filtration and survey/null comparisons before TOPO-001 promotion."", ""Bind website displays to a synthetic/model provenance label; preserve model formulas and coefficients as construction choices. Keep COSMO-E002 downstream; displayed agreement with calibration anchors is not independent confirmation.""]",historical/r&d/docs/provenance_audit/experiment_updates.json,1c34057ce3873ac6cbb2c6f3d85d1fa7d78b9e4fe878b92125d4cf28a8ec5cac,EXP-MAP-A01,STAR_Experiment_Registry_v0-2.pdf,6145d6878410e934c577fcdac7d90a18314b86cb7ea7b55af73903e045838992,23
EXP-MAP-A02,Rank-Scale Sensitivity,24,N,2026-10-03,PLANNED CONTROLLED EXPERIMENT / COMPLETED EXECUTION NOT VERIFIED,"[""MAP-003""]",[],"NOT ASSIGNED: no controlled historical reproduction, new execution or independent replication was performed",False,False,PARTIAL / EXECUTION CHAIN NOT ESTABLISHED,NO NEW INDEPENDENT REPLICATION PERFORMED,"[""source dataset identifier/release/acquisition"", ""source and derived checksums"", ""preprocessing and experiment code revision"", ""environment/packages"", ""locked parameters and mapping"", ""random seeds and split IDs"", ""target/outcome definition"", ""null generation and count"", ""effect/uncertainty/multiple comparisons"", ""output metrics/plots"", ""independent dataset/implementation binding""]","[""Execute the original registered protocol after its data, mathematical and control dependencies are resolved; do not substitute illustrative code or document prose for execution.""]",STAR-PDF-v0.2,STAR-PDF-v0.2:EXP-MAP-A02,AUDIT_ONLY_NO_CONTROLLED_SUPPORT_VERIFIED,[],NO_NEW_CONTROLLED_OR_PHYSICAL_SUPPORT_ESTABLISHED,False,False,STAR-PDF-v0.2,STAR-PDF-v0.2:EXP-MAP-A02,EXP-MAP-A02,Rank-Scale Sensitivity,"EXP-MAP-A02 — Rank-Scale Sensitivity Priority: A Evidence State: N Historical mapping [ z=200r. ] This remains a historical phenomenological mapping: [ h_r=\lambda_r r, \qquad \lambda_r=200. ] Objective Determine whether the observed correspondence depends specifically on 200. Test Compare a pre-defined family: [ \lambda_r\in\Lambda. ] The final range must be fixed before evaluating the test dataset. Null Random or independently generated scaling coefficients. Success Correspondence must remain significant across a meaningful range or exhibit a theoretically justified optimum that survives independent validation.",N,PLANNED CONTROLLED EXPERIMENT / COMPLETED EXECUTION NOT VERIFIED,STAR-PDF-v0.2:MAP-003,,,,false,false,false,PARTIAL / EXECUTION CHAIN NOT ESTABLISHED,NO NEW INDEPENDENT REPLICATION PERFORMED,"[""source dataset identifier/release/acquisition"", ""source and derived checksums"", ""preprocessing and experiment code revision"", ""environment/packages"", ""locked parameters and mapping"", ""random seeds and split IDs"", ""target/outcome definition"", ""null generation and count"", ""effect/uncertainty/multiple comparisons"", ""output metrics/plots"", ""independent dataset/implementation binding""]","[""Execute the original registered protocol after its data, mathematical and control dependencies are resolved; do not substitute illustrative code or document prose for execution.""]",historical/r&d/docs/provenance_audit/experiment_updates.json,1c34057ce3873ac6cbb2c6f3d85d1fa7d78b9e4fe878b92125d4cf28a8ec5cac,EXP-MAP-A02,STAR_Experiment_Registry_v0-2.pdf,6145d6878410e934c577fcdac7d90a18314b86cb7ea7b55af73903e045838992,24
EXP-MAP-A03,Arithmetic Generator Controls,25,N/R,2026-10-03,PLANNED CONTROLLED EXPERIMENT / COMPLETED EXECUTION NOT VERIFIED,"[""ARITH-001""]",[],"NOT ASSIGNED: no controlled historical reproduction, new execution or independent replication was performed",False,False,PARTIAL / EXECUTION CHAIN NOT ESTABLISHED,NO NEW INDEPENDENT REPLICATION PERFORMED,"[""source dataset identifier/release/acquisition"", ""source and derived checksums"", ""preprocessing and experiment code revision"", ""environment/packages"", ""locked parameters and mapping"", ""random seeds and split IDs"", ""target/outcome definition"", ""null generation and count"", ""effect/uncertainty/multiple comparisons"", ""output metrics/plots"", ""independent dataset/implementation binding""]","[""Execute the original registered protocol after its data, mathematical and control dependencies are resolved; do not substitute illustrative code or document prose for execution.""]",STAR-PDF-v0.2,STAR-PDF-v0.2:EXP-MAP-A03,AUDIT_ONLY_NO_CONTROLLED_SUPPORT_VERIFIED,[],NO_NEW_CONTROLLED_OR_PHYSICAL_SUPPORT_ESTABLISHED,False,False,STAR-PDF-v0.2,STAR-PDF-v0.2:EXP-MAP-A03,EXP-MAP-A03,Arithmetic Generator Controls,EXP-MAP-A03 — Arithmetic Generator Controls Priority: A Evidence State: N/R Historical construction Fibonacci and Lucas sequences have been used to construct arithmetic parameters. Objective Determine whether the observed correspondence depends on those specific sequences. Controls Compare: ● Fibonacci; ● Lucas; ● prime sequences; ● randomized recurrence sequences; ● matched-complexity alternative sequences. Requirement Sequence complexity and parameter count must be controlled as closely as possible. Interpretation A Fibonacci/Lucas result that is reproduced equally well by arbitrary matched-complexity sequences does not establish a special Fibonacci/Lucas correspondence.,N/R,PLANNED CONTROLLED EXPERIMENT / COMPLETED EXECUTION NOT VERIFIED,STAR-PDF-v0.2:ARITH-001,,,,false,false,false,PARTIAL / EXECUTION CHAIN NOT ESTABLISHED,NO NEW INDEPENDENT REPLICATION PERFORMED,"[""source dataset identifier/release/acquisition"", ""source and derived checksums"", ""preprocessing and experiment code revision"", ""environment/packages"", ""locked parameters and mapping"", ""random seeds and split IDs"", ""target/outcome definition"", ""null generation and count"", ""effect/uncertainty/multiple comparisons"", ""output metrics/plots"", ""independent dataset/implementation binding""]","[""Execute the original registered protocol after its data, mathematical and control dependencies are resolved; do not substitute illustrative code or document prose for execution.""]",historical/r&d/docs/provenance_audit/experiment_updates.json,1c34057ce3873ac6cbb2c6f3d85d1fa7d78b9e4fe878b92125d4cf28a8ec5cac,EXP-MAP-A03,STAR_Experiment_Registry_v0-2.pdf,6145d6878410e934c577fcdac7d90a18314b86cb7ea7b55af73903e045838992,25
EXP-DATA-A01,Cross-Survey Matching Validation,26,U/R,2026-10-03,INSPECTED ASSOCIATIONS FAILED / MATCH REBUILD REQUIRED,"[""CORE-001"", ""DATA-M001""]","[""E-LCL-001"", ""E-LCL-002"", ""E-LCL-015""]","NOT ASSIGNED: no controlled historical reproduction, new execution or independent replication was performed",False,False,PARTIAL / EXECUTION CHAIN NOT ESTABLISHED,NO NEW INDEPENDENT REPLICATION PERFORMED,"[""source dataset identifier/release/acquisition"", ""source and derived checksums"", ""preprocessing and experiment code revision"", ""environment/packages"", ""locked parameters and mapping"", ""random seeds and split IDs"", ""target/outcome definition"", ""null generation and count"", ""effect/uncertainty/multiple comparisons"", ""output metrics/plots"", ""independent dataset/implementation binding""]","[""Retain failed data-quality evidence; quarantine these tables from controlled analyses until matching is rebuilt from source catalogs with spherical distance, keyed joins, duplicate controls, tolerance sensitivity, and saved data/code hashes."", ""Record code variants separately and reconstruct EXP-DATA-A01 using a registered coordinate system, exact input IDs, spherical matching, and explicit identity crosswalks."", ""Preserve upstream identifiers as observed provenance fields; add exact release/query and processing/code bindings before declaring complete lineage.""]",STAR-PDF-v0.2,STAR-PDF-v0.2:EXP-DATA-A01,LINKED_ARTIFACTS_QUARANTINED; HYPOTHESIS_CLASSIFICATION_PRESERVED,"[""historical/r&d/quarantine/2026-10-03_audit/sdss_hi_match/manifest.json""]",LINKED_QUARANTINED_ASSETS_HISTORICAL_DIAGNOSTIC_ONLY,False,False,STAR-PDF-v0.2,STAR-PDF-v0.2:EXP-DATA-A01,EXP-DATA-A01,Cross-Survey Matching Validation,"EXP-DATA-A01 — Cross-Survey Matching Validation Priority: A Evidence State: U/R Associated Claim: DATA-M001 Historical procedure SDSS and MaNGA/HI data were joined using coordinate matching with a nominal tolerance of: [ \theta_{\rm match}\le2''. ] The field: arcsec_separation was retained as a diagnostic. Objective Quantify: ● match rate; ● false-match rate; ● separation distribution; ● dependence on source density; ● sensitivity to matching tolerance. Controls Compare: [ 1'',\quad2'',\quad3'' ] or another pre-registered tolerance family. Success Matching is reproducible and its uncertainty is characterized.",U/R,INSPECTED ASSOCIATIONS FAILED / MATCH REBUILD REQUIRED,STAR-PDF-v0.2:CORE-001;STAR-PDF-v0.2:DATA-M001,E-LCL-001;E-LCL-002;E-LCL-015,STAR-AUDIT-2026-10-03:E-LCL-001;STAR-AUDIT-2026-10-03:E-LCL-002;STAR-AUDIT-2026-10-03:E-LCL-015,QASSET-0001;QASSET-0002,false,false,false,PARTIAL / EXECUTION CHAIN NOT ESTABLISHED,NO NEW INDEPENDENT REPLICATION PERFORMED,"[""source dataset identifier/release/acquisition"", ""source and derived checksums"", ""preprocessing and experiment code revision"", ""environment/packages"", ""locked parameters and mapping"", ""random seeds and split IDs"", ""target/outcome definition"", ""null generation and count"", ""effect/uncertainty/multiple comparisons"", ""output metrics/plots"", ""independent dataset/implementation binding""]","[""Retain failed data-quality evidence; quarantine these tables from controlled analyses until matching is rebuilt from source catalogs with spherical distance, keyed joins, duplicate controls, tolerance sensitivity, and saved data/code hashes."", ""Record code variants separately and reconstruct EXP-DATA-A01 using a registered coordinate system, exact input IDs, spherical matching, and explicit identity crosswalks."", ""Preserve upstream identifiers as observed provenance fields; add exact release/query and processing/code bindings before declaring complete lineage.""]",historical/r&d/docs/provenance_audit/experiment_updates.json,1c34057ce3873ac6cbb2c6f3d85d1fa7d78b9e4fe878b92125d4cf28a8ec5cac,EXP-DATA-A01,STAR_Experiment_Registry_v0-2.pdf,6145d6878410e934c577fcdac7d90a18314b86cb7ea7b55af73903e045838992,26
EXP-DATA-A02,Data-Lineage Reconstruction,27,R,2026-10-03,PROVENANCE AUDIT PARTIALLY COMPLETED / LINEAGE GAPS REMAIN,"[""CORE-001"", ""DATA-M002"", ""HIST-008""]","[""E-DRV-004"", ""E-LCL-003"", ""E-LCL-004"", ""E-LCL-014"", ""E-LCL-015""]","NOT ASSIGNED: no controlled historical reproduction, new execution or independent replication was performed",False,False,PARTIAL / EXECUTION CHAIN NOT ESTABLISHED,NO NEW INDEPENDENT REPLICATION PERFORMED,"[""source dataset identifier/release/acquisition"", ""source and derived checksums"", ""preprocessing and experiment code revision"", ""environment/packages"", ""locked parameters and mapping"", ""random seeds and split IDs"", ""target/outcome definition"", ""null generation and count"", ""effect/uncertainty/multiple comparisons"", ""output metrics/plots"", ""independent dataset/implementation binding""]","[""Keep proposal, observed output and interpretation separate; require machine run manifests for execution claims."", ""Preserve exact-path/hash revisions, flag copied manifests as inconsistent, and do not attribute working full-sample results to packaged subsets or blank outputs."", ""Retain partial lineage and missing-invariant diagnostics; bind exact upstream snapshot and preprocessing code to a registered dataset version before controlled testing."", ""Keep repository CSV namespace as legacy, preserve original files, and document explicit semantic crosswalk/conflicts before migrating IDs into the canonical update."", ""Preserve upstream identifiers as observed provenance fields; add exact release/query and processing/code bindings before declaring complete lineage.""]",STAR-PDF-v0.2,STAR-PDF-v0.2:EXP-DATA-A02,LINKED_ARTIFACTS_QUARANTINED; HYPOTHESIS_CLASSIFICATION_PRESERVED,"[""historical/r&d/quarantine/2026-10-03_audit/projection_packages/manifest.json""]",LINKED_QUARANTINED_ASSETS_HISTORICAL_DIAGNOSTIC_ONLY,False,False,STAR-PDF-v0.2,STAR-PDF-v0.2:EXP-DATA-A02,EXP-DATA-A02,Data-Lineage Reconstruction,EXP-DATA-A02 — Data-Lineage Reconstruction Priority: A Evidence State: R Objective Construct the controlled chain: [ D_{\rm raw} \rightarrow D_{\rm analysis} \rightarrow D_{\rm model}. ] Required records For every dataset: ● original source; ● acquisition date/version; ● file identifier; ● row count; ● column count; ● missingness; ● transformations; ● joins; ● matching tolerance; ● exclusions; ● derived columns; ● target definitions; ● code version. Purpose Ensure that every experimental result can be traced back to its source data.,R,PROVENANCE AUDIT PARTIALLY COMPLETED / LINEAGE GAPS REMAIN,STAR-PDF-v0.2:CORE-001;STAR-PDF-v0.2:DATA-M002;STAR-PDF-v0.2:HIST-008,E-DRV-004;E-LCL-003;E-LCL-004;E-LCL-014;E-LCL-015,STAR-AUDIT-2026-10-03:E-DRV-004;STAR-AUDIT-2026-10-03:E-LCL-003;STAR-AUDIT-2026-10-03:E-LCL-004;STAR-AUDIT-2026-10-03:E-LCL-014;STAR-AUDIT-2026-10-03:E-LCL-015,QASSET-0003;QASSET-0004;QASSET-0005;QASSET-0006;QASSET-0007;QASSET-0008;QASSET-0009,false,false,false,PARTIAL / EXECUTION CHAIN NOT ESTABLISHED,NO NEW INDEPENDENT REPLICATION PERFORMED,"[""source dataset identifier/release/acquisition"", ""source and derived checksums"", ""preprocessing and experiment code revision"", ""environment/packages"", ""locked parameters and mapping"", ""random seeds and split IDs"", ""target/outcome definition"", ""null generation and count"", ""effect/uncertainty/multiple comparisons"", ""output metrics/plots"", ""independent dataset/implementation binding""]","[""Keep proposal, observed output and interpretation separate; require machine run manifests for execution claims."", ""Preserve exact-path/hash revisions, flag copied manifests as inconsistent, and do not attribute working full-sample results to packaged subsets or blank outputs."", ""Retain partial lineage and missing-invariant diagnostics; bind exact upstream snapshot and preprocessing code to a registered dataset version before controlled testing."", ""Keep repository CSV namespace as legacy, preserve original files, and document explicit semantic crosswalk/conflicts before migrating IDs into the canonical update."", ""Preserve upstream identifiers as observed provenance fields; add exact release/query and processing/code bindings before declaring complete lineage.""]",historical/r&d/docs/provenance_audit/experiment_updates.json,1c34057ce3873ac6cbb2c6f3d85d1fa7d78b9e4fe878b92125d4cf28a8ec5cac,EXP-DATA-A02,STAR_Experiment_Registry_v0-2.pdf,6145d6878410e934c577fcdac7d90a18314b86cb7ea7b55af73903e045838992,27
EXP-RTCH-B01,RTCH Mathematical Consistency,28,D,2026-10-03,THEORETICAL/PHYSICAL AUDIT OR TEST REQUIRED / NOT VERIFIED COMPLETE,"[""RTCH-M001"", ""RTCH-M002"", ""RTCH-H004""]","[""E-LCL-007""]","NOT ASSIGNED: no controlled historical reproduction, new execution or independent replication was performed",False,False,PARTIAL / EXECUTION CHAIN NOT ESTABLISHED,NO NEW INDEPENDENT REPLICATION PERFORMED,"[""source dataset identifier/release/acquisition"", ""source and derived checksums"", ""preprocessing and experiment code revision"", ""environment/packages"", ""locked parameters and mapping"", ""random seeds and split IDs"", ""target/outcome definition"", ""null generation and count"", ""effect/uncertainty/multiple comparisons"", ""output metrics/plots"", ""independent dataset/implementation binding""]","[""Keep both generation IDs and exact input hashes; register RTCH-E1 as a separate local simulation/control if desired, without silently substituting it for canonical EXP-RTCH-B01.""]",STAR-PDF-v0.2,STAR-PDF-v0.2:EXP-RTCH-B01,LINKED_ARTIFACTS_QUARANTINED; HYPOTHESIS_CLASSIFICATION_PRESERVED,"[""historical/r&d/quarantine/2026-10-03_audit/rtch_e1_synthetic/manifest.json""]",LINKED_QUARANTINED_ASSETS_HISTORICAL_DIAGNOSTIC_ONLY,False,False,STAR-PDF-v0.2,STAR-PDF-v0.2:EXP-RTCH-B01,EXP-RTCH-B01,RTCH Mathematical Consistency,"EXP-RTCH-B01 — RTCH Mathematical Consistency Priority: B Evidence State: D Objective Audit the mathematical consistency of the proposed Relativistic Thermodynamic Cohomology framework. Candidate ingredients [ F_Q=\Phi^*\omega, \qquad dF_Q=0, ] with [ [\omega]\neq0. ] Candidate scalar: \frac14F_{Q\mu\nu}F_Q^{\mu\nu}. ] Candidate action: S_{\rm EH} + S_\phi + S_Y + S_B + S_{\rm top} + S_m + S_{\rm GHY}. ] Required audit Derive independently: ● metric variation; ● scalar equation; ● (B)-field equation; ● matter equation; ● conservation relation; ● point-particle limit; ● perfect-fluid limit. Success Equations follow consistently from the stated action and assumptions.",D,THEORETICAL/PHYSICAL AUDIT OR TEST REQUIRED / NOT VERIFIED COMPLETE,STAR-PDF-v0.2:RTCH-M001;STAR-PDF-v0.2:RTCH-M002;STAR-PDF-v0.2:RTCH-H004,E-LCL-007,STAR-AUDIT-2026-10-03:E-LCL-007,QASSET-0010;QASSET-0011;QASSET-0012;QASSET-0013;QASSET-0014;QASSET-0015;QASSET-0016;QASSET-0017;QASSET-0018;QASSET-0019;QASSET-0020;QASSET-0021;QASSET-0022;QASSET-0023;QASSET-0024;QASSET-0025;QASSET-0026;QASSET-0027;QASSET-0028;QASSET-0029;QASSET-0030;QASSET-0031;QASSET-0032;QASSET-0033;QASSET-0034;QASSET-0035;QASSET-0036;QASSET-0037,false,false,false,PARTIAL / EXECUTION CHAIN NOT ESTABLISHED,NO NEW INDEPENDENT REPLICATION PERFORMED,"[""source dataset identifier/release/acquisition"", ""source and derived checksums"", ""preprocessing and experiment code revision"", ""environment/packages"", ""locked parameters and mapping"", ""random seeds and split IDs"", ""target/outcome definition"", ""null generation and count"", ""effect/uncertainty/multiple comparisons"", ""output metrics/plots"", ""independent dataset/implementation binding""]","[""Keep both generation IDs and exact input hashes; register RTCH-E1 as a separate local simulation/control if desired, without silently substituting it for canonical EXP-RTCH-B01.""]",historical/r&d/docs/provenance_audit/experiment_updates.json,1c34057ce3873ac6cbb2c6f3d85d1fa7d78b9e4fe878b92125d4cf28a8ec5cac,EXP-RTCH-B01,STAR_Experiment_Registry_v0-2.pdf,6145d6878410e934c577fcdac7d90a18314b86cb7ea7b55af73903e045838992,28
EXP-RTCH-B02,RTCH Fifth-Force Constraint,30,N,2026-10-03,PLANNED CONTROLLED EXPERIMENT / COMPLETED EXECUTION NOT VERIFIED,"[""RTCH-H001"", ""RTCH-H003""]",[],"NOT ASSIGNED: no controlled historical reproduction, new execution or independent replication was performed",False,False,PARTIAL / EXECUTION CHAIN NOT ESTABLISHED,NO NEW INDEPENDENT REPLICATION PERFORMED,"[""source dataset identifier/release/acquisition"", ""source and derived checksums"", ""preprocessing and experiment code revision"", ""environment/packages"", ""locked parameters and mapping"", ""random seeds and split IDs"", ""target/outcome definition"", ""null generation and count"", ""effect/uncertainty/multiple comparisons"", ""output metrics/plots"", ""independent dataset/implementation binding""]","[""Execute the original registered protocol after its data, mathematical and control dependencies are resolved; do not substitute illustrative code or document prose for execution.""]",STAR-PDF-v0.2,STAR-PDF-v0.2:EXP-RTCH-B02,AUDIT_ONLY_NO_CONTROLLED_SUPPORT_VERIFIED,[],NO_NEW_CONTROLLED_OR_PHYSICAL_SUPPORT_ESTABLISHED,False,False,STAR-PDF-v0.2,STAR-PDF-v0.2:EXP-RTCH-B02,EXP-RTCH-B02,RTCH Fifth-Force Constraint,"EXP-RTCH-B02 — RTCH Fifth-Force Constraint Priority: B Evidence State: N Candidate prediction With: A^2(\phi,\mathcal M,\mathcal J_Q)g_{\mu\nu}, ] a point particle may experience: -c^2h^{\mu\nu} \nabla_\nu\ln A. ] Objective Determine whether the predicted deviation from geodesic motion is compatible with observational constraints. Tests Evaluate candidate effects in: ● Solar System; ● pulsars; ● galaxy dynamics; ● cosmology. This experiment must be parameterized only after the mathematical consistency audit.",N,PLANNED CONTROLLED EXPERIMENT / COMPLETED EXECUTION NOT VERIFIED,STAR-PDF-v0.2:RTCH-H001;STAR-PDF-v0.2:RTCH-H003,,,,false,false,false,PARTIAL / EXECUTION CHAIN NOT ESTABLISHED,NO NEW INDEPENDENT REPLICATION PERFORMED,"[""source dataset identifier/release/acquisition"", ""source and derived checksums"", ""preprocessing and experiment code revision"", ""environment/packages"", ""locked parameters and mapping"", ""random seeds and split IDs"", ""target/outcome definition"", ""null generation and count"", ""effect/uncertainty/multiple comparisons"", ""output metrics/plots"", ""independent dataset/implementation binding""]","[""Execute the original registered protocol after its data, mathematical and control dependencies are resolved; do not substitute illustrative code or document prose for execution.""]",historical/r&d/docs/provenance_audit/experiment_updates.json,1c34057ce3873ac6cbb2c6f3d85d1fa7d78b9e4fe878b92125d4cf28a8ec5cac,EXP-RTCH-B02,STAR_Experiment_Registry_v0-2.pdf,6145d6878410e934c577fcdac7d90a18314b86cb7ea7b55af73903e045838992,30
EXP-RTCH-B03,Trace-Free Radiation Control,31,D/N,2026-10-03,THEORETICAL/PHYSICAL AUDIT OR TEST REQUIRED / NOT VERIFIED COMPLETE,"[""RTCH-H002""]",[],"NOT ASSIGNED: no controlled historical reproduction, new execution or independent replication was performed",False,False,PARTIAL / EXECUTION CHAIN NOT ESTABLISHED,NO NEW INDEPENDENT REPLICATION PERFORMED,"[""source dataset identifier/release/acquisition"", ""source and derived checksums"", ""preprocessing and experiment code revision"", ""environment/packages"", ""locked parameters and mapping"", ""random seeds and split IDs"", ""target/outcome definition"", ""null generation and count"", ""effect/uncertainty/multiple comparisons"", ""output metrics/plots"", ""independent dataset/implementation binding""]","[""Execute the original registered protocol after its data, mathematical and control dependencies are resolved; do not substitute illustrative code or document prose for execution.""]",STAR-PDF-v0.2,STAR-PDF-v0.2:EXP-RTCH-B03,AUDIT_ONLY_NO_CONTROLLED_SUPPORT_VERIFIED,[],NO_NEW_CONTROLLED_OR_PHYSICAL_SUPPORT_ESTABLISHED,False,False,STAR-PDF-v0.2,STAR-PDF-v0.2:EXP-RTCH-B03,EXP-RTCH-B03,Trace-Free Radiation Control,"EXP-RTCH-B03 — Trace-Free Radiation Control Priority: B Evidence State: D/N For a perfect fluid: \frac{\epsilon+p}{c^2}u^\mu u^\nu + pg^{\mu\nu}, ] with: [ \bar T=-\epsilon+3p. ] For radiation: [ p=\frac{\epsilon}{3}, ] therefore: [ \bar T=0. ] Objective Determine the consequences of this result for the conformal coupling and associated fifth-force term. Purpose This provides a clean theoretical control case before applying the theory to matter-dominated systems.",D/N,THEORETICAL/PHYSICAL AUDIT OR TEST REQUIRED / NOT VERIFIED COMPLETE,STAR-PDF-v0.2:RTCH-H002,,,,false,false,false,PARTIAL / EXECUTION CHAIN NOT ESTABLISHED,NO NEW INDEPENDENT REPLICATION PERFORMED,"[""source dataset identifier/release/acquisition"", ""source and derived checksums"", ""preprocessing and experiment code revision"", ""environment/packages"", ""locked parameters and mapping"", ""random seeds and split IDs"", ""target/outcome definition"", ""null generation and count"", ""effect/uncertainty/multiple comparisons"", ""output metrics/plots"", ""independent dataset/implementation binding""]","[""Execute the original registered protocol after its data, mathematical and control dependencies are resolved; do not substitute illustrative code or document prose for execution.""]",historical/r&d/docs/provenance_audit/experiment_updates.json,1c34057ce3873ac6cbb2c6f3d85d1fa7d78b9e4fe878b92125d4cf28a8ec5cac,EXP-RTCH-B03,STAR_Experiment_Registry_v0-2.pdf,6145d6878410e934c577fcdac7d90a18314b86cb7ea7b55af73903e045838992,31
EXP-FIELD-B01,Arithmetic Field Construction,32,N,2026-10-03,THEORETICAL/PHYSICAL AUDIT OR TEST REQUIRED / NOT VERIFIED COMPLETE,"[""FIELD-001""]",[],"NOT ASSIGNED: no controlled historical reproduction, new execution or independent replication was performed",False,False,PARTIAL / EXECUTION CHAIN NOT ESTABLISHED,NO NEW INDEPENDENT REPLICATION PERFORMED,"[""source dataset identifier/release/acquisition"", ""source and derived checksums"", ""preprocessing and experiment code revision"", ""environment/packages"", ""locked parameters and mapping"", ""random seeds and split IDs"", ""target/outcome definition"", ""null generation and count"", ""effect/uncertainty/multiple comparisons"", ""output metrics/plots"", ""independent dataset/implementation binding""]","[""Execute the original registered protocol after its data, mathematical and control dependencies are resolved; do not substitute illustrative code or document prose for execution.""]",STAR-PDF-v0.2,STAR-PDF-v0.2:EXP-FIELD-B01,AUDIT_ONLY_NO_CONTROLLED_SUPPORT_VERIFIED,[],NO_NEW_CONTROLLED_OR_PHYSICAL_SUPPORT_ESTABLISHED,False,False,STAR-PDF-v0.2,STAR-PDF-v0.2:EXP-FIELD-B01,EXP-FIELD-B01,Arithmetic Field Construction,"EXP-FIELD-B01 — Arithmetic Field Construction Priority: B Evidence State: N Candidate construction f(I_1(E),\ldots,I_n(E)). ] Candidate gradient: -\nabla h_{\rm arith}. ] Objective Determine whether an arithmetic field can be constructed mathematically without assuming in advance that it represents gravity. Physical comparison Compare against: ● matter density; ● gravitational potential; ● lensing; ● peculiar velocities; ● morphology; ● SFR; ● radiation. Null Random arithmetic fields matched in spatial statistics.",N,THEORETICAL/PHYSICAL AUDIT OR TEST REQUIRED / NOT VERIFIED COMPLETE,STAR-PDF-v0.2:FIELD-001,,,,false,false,false,PARTIAL / EXECUTION CHAIN NOT ESTABLISHED,NO NEW INDEPENDENT REPLICATION PERFORMED,"[""source dataset identifier/release/acquisition"", ""source and derived checksums"", ""preprocessing and experiment code revision"", ""environment/packages"", ""locked parameters and mapping"", ""random seeds and split IDs"", ""target/outcome definition"", ""null generation and count"", ""effect/uncertainty/multiple comparisons"", ""output metrics/plots"", ""independent dataset/implementation binding""]","[""Execute the original registered protocol after its data, mathematical and control dependencies are resolved; do not substitute illustrative code or document prose for execution.""]",historical/r&d/docs/provenance_audit/experiment_updates.json,1c34057ce3873ac6cbb2c6f3d85d1fa7d78b9e4fe878b92125d4cf28a8ec5cac,EXP-FIELD-B01,STAR_Experiment_Registry_v0-2.pdf,6145d6878410e934c577fcdac7d90a18314b86cb7ea7b55af73903e045838992,32
EXP-FIELD-B02,Arithmetic Field vs Einstein Tensor,33,N,2026-10-03,THEORETICAL/PHYSICAL AUDIT OR TEST REQUIRED / NOT VERIFIED COMPLETE,"[""FIELD-002"", ""FIELD-003""]",[],"NOT ASSIGNED: no controlled historical reproduction, new execution or independent replication was performed",False,False,PARTIAL / EXECUTION CHAIN NOT ESTABLISHED,NO NEW INDEPENDENT REPLICATION PERFORMED,"[""source dataset identifier/release/acquisition"", ""source and derived checksums"", ""preprocessing and experiment code revision"", ""environment/packages"", ""locked parameters and mapping"", ""random seeds and split IDs"", ""target/outcome definition"", ""null generation and count"", ""effect/uncertainty/multiple comparisons"", ""output metrics/plots"", ""independent dataset/implementation binding""]","[""Execute the original registered protocol after its data, mathematical and control dependencies are resolved; do not substitute illustrative code or document prose for execution.""]",STAR-PDF-v0.2,STAR-PDF-v0.2:EXP-FIELD-B02,AUDIT_ONLY_NO_CONTROLLED_SUPPORT_VERIFIED,[],NO_NEW_CONTROLLED_OR_PHYSICAL_SUPPORT_ESTABLISHED,False,False,STAR-PDF-v0.2,STAR-PDF-v0.2:EXP-FIELD-B02,EXP-FIELD-B02,Arithmetic Field vs Einstein Tensor,EXP-FIELD-B02 — Arithmetic Field vs Einstein Tensor Priority: B Evidence State: N Objective Determine whether an arithmetic-derived tensor has a mathematically and empirically meaningful relation to the Einstein tensor. The experiment must not assume that the arithmetic field replaces: [ G_{\mu\nu}. ] Instead test candidate relations: [ G_{\mu\nu} \leftrightarrow T_{\mu\nu}^{\rm arith} ] under explicitly defined models. Success A relation must be: 1. mathematically well-defined; 2. dimensionally consistent; 3. independently fitted; 4. independently tested; 5. physically constrained.,N,THEORETICAL/PHYSICAL AUDIT OR TEST REQUIRED / NOT VERIFIED COMPLETE,STAR-PDF-v0.2:FIELD-002;STAR-PDF-v0.2:FIELD-003,,,,false,false,false,PARTIAL / EXECUTION CHAIN NOT ESTABLISHED,NO NEW INDEPENDENT REPLICATION PERFORMED,"[""source dataset identifier/release/acquisition"", ""source and derived checksums"", ""preprocessing and experiment code revision"", ""environment/packages"", ""locked parameters and mapping"", ""random seeds and split IDs"", ""target/outcome definition"", ""null generation and count"", ""effect/uncertainty/multiple comparisons"", ""output metrics/plots"", ""independent dataset/implementation binding""]","[""Execute the original registered protocol after its data, mathematical and control dependencies are resolved; do not substitute illustrative code or document prose for execution.""]",historical/r&d/docs/provenance_audit/experiment_updates.json,1c34057ce3873ac6cbb2c6f3d85d1fa7d78b9e4fe878b92125d4cf28a8ec5cac,EXP-FIELD-B02,STAR_Experiment_Registry_v0-2.pdf,6145d6878410e934c577fcdac7d90a18314b86cb7ea7b55af73903e045838992,33
EXP-ECC-B01,Entropy/Cohomology Consistency,34,D/R,2026-10-03,THEORETICAL/PHYSICAL AUDIT OR TEST REQUIRED / NOT VERIFIED COMPLETE,"[""ECC-001"", ""ECC-002""]","[""E-LCL-007"", ""E-DRV-004""]","NOT ASSIGNED: no controlled historical reproduction, new execution or independent replication was performed",False,False,PARTIAL / EXECUTION CHAIN NOT ESTABLISHED,NO NEW INDEPENDENT REPLICATION PERFORMED,"[""source dataset identifier/release/acquisition"", ""source and derived checksums"", ""preprocessing and experiment code revision"", ""environment/packages"", ""locked parameters and mapping"", ""random seeds and split IDs"", ""target/outcome definition"", ""null generation and count"", ""effect/uncertainty/multiple comparisons"", ""output metrics/plots"", ""independent dataset/implementation binding""]","[""Keep both generation IDs and exact input hashes; register RTCH-E1 as a separate local simulation/control if desired, without silently substituting it for canonical EXP-RTCH-B01."", ""Keep proposal, observed output and interpretation separate; require machine run manifests for execution claims.""]",STAR-PDF-v0.2,STAR-PDF-v0.2:EXP-ECC-B01,LINKED_ARTIFACTS_QUARANTINED; HYPOTHESIS_CLASSIFICATION_PRESERVED,"[""historical/r&d/quarantine/2026-10-03_audit/rtch_e1_synthetic/manifest.json""]",LINKED_QUARANTINED_ASSETS_HISTORICAL_DIAGNOSTIC_ONLY,False,False,STAR-PDF-v0.2,STAR-PDF-v0.2:EXP-ECC-B01,EXP-ECC-B01,Entropy/Cohomology Consistency,"EXP-ECC-B01 — Entropy/Cohomology Consistency Priority: B Evidence State: D/R Candidate structure Use a closed, non-exact two-form: [ d_{\mathcal T}\omega=0, \qquad [\omega]\neq0. ] Pull back: [ F_Q=\Phi^*\omega. ] Then: [ dF_Q=0. ] Objective Verify the mathematical consistency of the entropy/cohomology construction and distinguish: ● exact forms; ● closed forms; ● closed non-exact forms; ● local scalar quantities; ● global cohomological quantities. Important correction The historical statement [ d(d\mathcal M)=0 ] is not sufficient to establish nontrivial cohomology. Nontrivial topology requires the appropriate cohomology class to be nonzero.",D/R,THEORETICAL/PHYSICAL AUDIT OR TEST REQUIRED / NOT VERIFIED COMPLETE,STAR-PDF-v0.2:ECC-001;STAR-PDF-v0.2:ECC-002,E-LCL-007;E-DRV-004,STAR-AUDIT-2026-10-03:E-LCL-007;STAR-AUDIT-2026-10-03:E-DRV-004,QASSET-0010;QASSET-0011;QASSET-0012;QASSET-0013;QASSET-0014;QASSET-0015;QASSET-0016;QASSET-0017;QASSET-0018;QASSET-0019;QASSET-0020;QASSET-0021;QASSET-0022;QASSET-0023;QASSET-0024;QASSET-0025;QASSET-0026;QASSET-0027;QASSET-0028;QASSET-0029;QASSET-0030;QASSET-0031;QASSET-0032;QASSET-0033;QASSET-0034;QASSET-0035;QASSET-0036;QASSET-0037,false,false,false,PARTIAL / EXECUTION CHAIN NOT ESTABLISHED,NO NEW INDEPENDENT REPLICATION PERFORMED,"[""source dataset identifier/release/acquisition"", ""source and derived checksums"", ""preprocessing and experiment code revision"", ""environment/packages"", ""locked parameters and mapping"", ""random seeds and split IDs"", ""target/outcome definition"", ""null generation and count"", ""effect/uncertainty/multiple comparisons"", ""output metrics/plots"", ""independent dataset/implementation binding""]","[""Keep both generation IDs and exact input hashes; register RTCH-E1 as a separate local simulation/control if desired, without silently substituting it for canonical EXP-RTCH-B01."", ""Keep proposal, observed output and interpretation separate; require machine run manifests for execution claims.""]",historical/r&d/docs/provenance_audit/experiment_updates.json,1c34057ce3873ac6cbb2c6f3d85d1fa7d78b9e4fe878b92125d4cf28a8ec5cac,EXP-ECC-B01,STAR_Experiment_Registry_v0-2.pdf,6145d6878410e934c577fcdac7d90a18314b86cb7ea7b55af73903e045838992,34
EXP-ENERGY-B01,Generalized Mass-Energy Relation,35,N,2026-10-03,THEORETICAL/PHYSICAL AUDIT OR TEST REQUIRED / NOT VERIFIED COMPLETE,"[""ECC-003"", ""ENERGY-001""]",[],"NOT ASSIGNED: no controlled historical reproduction, new execution or independent replication was performed",False,False,PARTIAL / EXECUTION CHAIN NOT ESTABLISHED,NO NEW INDEPENDENT REPLICATION PERFORMED,"[""source dataset identifier/release/acquisition"", ""source and derived checksums"", ""preprocessing and experiment code revision"", ""environment/packages"", ""locked parameters and mapping"", ""random seeds and split IDs"", ""target/outcome definition"", ""null generation and count"", ""effect/uncertainty/multiple comparisons"", ""output metrics/plots"", ""independent dataset/implementation binding""]","[""Execute the original registered protocol after its data, mathematical and control dependencies are resolved; do not substitute illustrative code or document prose for execution.""]",STAR-PDF-v0.2,STAR-PDF-v0.2:EXP-ENERGY-B01,AUDIT_ONLY_NO_CONTROLLED_SUPPORT_VERIFIED,[],NO_NEW_CONTROLLED_OR_PHYSICAL_SUPPORT_ESTABLISHED,False,False,STAR-PDF-v0.2,STAR-PDF-v0.2:EXP-ENERGY-B01,EXP-ENERGY-B01,Generalized Mass-Energy Relation,EXP-ENERGY-B01 — Generalized Mass-Energy Relation Priority: B/C Evidence State: N Objective Investigate whether the thermodynamic/cohomological framework can produce a generalized energy relation containing the known limit: [ E=mc^2. ] Requirements Any proposed relation must satisfy: 1. dimensional consistency; 2. known-limit recovery; 3. variational or mathematical origin; 4. conservation requirements; 5. stability; 6. well-posedness; 7. independent predictions. Prohibition A fitted equation reproducing existing data is not by itself a derivation of (E=mc^2) or a replacement for it.,N,THEORETICAL/PHYSICAL AUDIT OR TEST REQUIRED / NOT VERIFIED COMPLETE,STAR-PDF-v0.2:ECC-003;STAR-PDF-v0.2:ENERGY-001,,,,false,false,false,PARTIAL / EXECUTION CHAIN NOT ESTABLISHED,NO NEW INDEPENDENT REPLICATION PERFORMED,"[""source dataset identifier/release/acquisition"", ""source and derived checksums"", ""preprocessing and experiment code revision"", ""environment/packages"", ""locked parameters and mapping"", ""random seeds and split IDs"", ""target/outcome definition"", ""null generation and count"", ""effect/uncertainty/multiple comparisons"", ""output metrics/plots"", ""independent dataset/implementation binding""]","[""Execute the original registered protocol after its data, mathematical and control dependencies are resolved; do not substitute illustrative code or document prose for execution.""]",historical/r&d/docs/provenance_audit/experiment_updates.json,1c34057ce3873ac6cbb2c6f3d85d1fa7d78b9e4fe878b92125d4cf28a8ec5cac,EXP-ENERGY-B01,STAR_Experiment_Registry_v0-2.pdf,6145d6878410e934c577fcdac7d90a18314b86cb7ea7b55af73903e045838992,35
EXP-COSMO-B01,Arithmetic/Topological Evolution,36,N,2026-10-03,PLANNED CONTROLLED EXPERIMENT / COMPLETED EXECUTION NOT VERIFIED,"[""COSMO-E001""]",[],"NOT ASSIGNED: no controlled historical reproduction, new execution or independent replication was performed",False,False,PARTIAL / EXECUTION CHAIN NOT ESTABLISHED,NO NEW INDEPENDENT REPLICATION PERFORMED,"[""source dataset identifier/release/acquisition"", ""source and derived checksums"", ""preprocessing and experiment code revision"", ""environment/packages"", ""locked parameters and mapping"", ""random seeds and split IDs"", ""target/outcome definition"", ""null generation and count"", ""effect/uncertainty/multiple comparisons"", ""output metrics/plots"", ""independent dataset/implementation binding""]","[""Execute the original registered protocol after its data, mathematical and control dependencies are resolved; do not substitute illustrative code or document prose for execution.""]",STAR-PDF-v0.2,STAR-PDF-v0.2:EXP-COSMO-B01,AUDIT_ONLY_NO_CONTROLLED_SUPPORT_VERIFIED,[],NO_NEW_CONTROLLED_OR_PHYSICAL_SUPPORT_ESTABLISHED,False,False,STAR-PDF-v0.2,STAR-PDF-v0.2:EXP-COSMO-B01,EXP-COSMO-B01,Arithmetic/Topological Evolution,EXP-COSMO-B01 — Arithmetic/Topological Evolution Priority: B Evidence State: N Objective Investigate whether arithmetic/topological structure evolves systematically with redshift. Candidate comparison: [ \mathcal R(\tau) \leftrightarrow D_{\rm cosmic}(z). ] Observables ● persistent Betti numbers; ● persistence landscapes; ● Wasserstein distances; ● rank distributions; ● environmental distributions. Requirement Evolutionary analysis must use independent redshift bins and avoid using future bins to construct earlier mappings.,N,PLANNED CONTROLLED EXPERIMENT / COMPLETED EXECUTION NOT VERIFIED,STAR-PDF-v0.2:COSMO-E001,,,,false,false,false,PARTIAL / EXECUTION CHAIN NOT ESTABLISHED,NO NEW INDEPENDENT REPLICATION PERFORMED,"[""source dataset identifier/release/acquisition"", ""source and derived checksums"", ""preprocessing and experiment code revision"", ""environment/packages"", ""locked parameters and mapping"", ""random seeds and split IDs"", ""target/outcome definition"", ""null generation and count"", ""effect/uncertainty/multiple comparisons"", ""output metrics/plots"", ""independent dataset/implementation binding""]","[""Execute the original registered protocol after its data, mathematical and control dependencies are resolved; do not substitute illustrative code or document prose for execution.""]",historical/r&d/docs/provenance_audit/experiment_updates.json,1c34057ce3873ac6cbb2c6f3d85d1fa7d78b9e4fe878b92125d4cf28a8ec5cac,EXP-COSMO-B01,STAR_Experiment_Registry_v0-2.pdf,6145d6878410e934c577fcdac7d90a18314b86cb7ea7b55af73903e045838992,36
EXP-COSMO-C01,Hubble–Planck Tension Application,36,N,2026-10-03,DEFERRED / PREREQUISITES UNVERIFIED; CALIBRATED DEMO INSUFFICIENT,"[""COSMO-E002""]","[""E-LCL-016""]","NOT ASSIGNED: no controlled historical reproduction, new execution or independent replication was performed",False,False,PARTIAL / EXECUTION CHAIN NOT ESTABLISHED,NO NEW INDEPENDENT REPLICATION PERFORMED,"[""source dataset identifier/release/acquisition"", ""source and derived checksums"", ""preprocessing and experiment code revision"", ""environment/packages"", ""locked parameters and mapping"", ""random seeds and split IDs"", ""target/outcome definition"", ""null generation and count"", ""effect/uncertainty/multiple comparisons"", ""output metrics/plots"", ""independent dataset/implementation binding""]","[""Bind website displays to a synthetic/model provenance label; preserve model formulas and coefficients as construction choices. Keep COSMO-E002 downstream; displayed agreement with calibration anchors is not independent confirmation.""]",STAR-PDF-v0.2,STAR-PDF-v0.2:EXP-COSMO-C01,AUDIT_ONLY_NO_CONTROLLED_SUPPORT_VERIFIED,[],NO_NEW_CONTROLLED_OR_PHYSICAL_SUPPORT_ESTABLISHED,False,False,STAR-PDF-v0.2,STAR-PDF-v0.2:EXP-COSMO-C01,EXP-COSMO-C01,Hubble–Planck Tension Application,EXP-COSMO-C01 — Hubble–Planck Tension Application Priority: C/B after core validation Evidence State: N Objective Determine whether a validated arithmetic/geometric/thermodynamic mechanism produces a quantitative modification relevant to cosmological expansion. Prerequisite This experiment cannot be used to justify the underlying framework. The required sequence is: [ \text{mathematical construction} \rightarrow \text{independent evidence} \rightarrow \text{physical mechanism} \rightarrow H(z) \rightarrow \text{Hubble--Planck comparison}. ] Requirement The model must make a quantitative prediction before comparison with the tension.,N,DEFERRED / PREREQUISITES UNVERIFIED; CALIBRATED DEMO INSUFFICIENT,STAR-PDF-v0.2:COSMO-E002,E-LCL-016,STAR-AUDIT-2026-10-03:E-LCL-016,,false,false,false,PARTIAL / EXECUTION CHAIN NOT ESTABLISHED,NO NEW INDEPENDENT REPLICATION PERFORMED,"[""source dataset identifier/release/acquisition"", ""source and derived checksums"", ""preprocessing and experiment code revision"", ""environment/packages"", ""locked parameters and mapping"", ""random seeds and split IDs"", ""target/outcome definition"", ""null generation and count"", ""effect/uncertainty/multiple comparisons"", ""output metrics/plots"", ""independent dataset/implementation binding""]","[""Bind website displays to a synthetic/model provenance label; preserve model formulas and coefficients as construction choices. Keep COSMO-E002 downstream; displayed agreement with calibration anchors is not independent confirmation.""]",historical/r&d/docs/provenance_audit/experiment_updates.json,1c34057ce3873ac6cbb2c6f3d85d1fa7d78b9e4fe878b92125d4cf28a8ec5cac,EXP-COSMO-C01,STAR_Experiment_Registry_v0-2.pdf,6145d6878410e934c577fcdac7d90a18314b86cb7ea7b55af73903e045838992,36
