Experiment_ID,Priority,Claim_IDs,Dataset_ID,Parameter_Set_ID,Null_ID,Mode,Status,Historical_RandD,Registry_Namespace,Qualified_Experiment_ID,Qualified_Claim_IDs,Qualified_Dataset_ID,Related_Audit_Experiment_IDs,Same_String_PDF_Definition,Namespace_Resolution,Current_Audit_Assessment,Audit_Finding_IDs,Controlled_Execution_Eligible,Controlled_Support_Eligible,Physical_Support_Eligible
EXP-DATA-A01,A,CLAIM-ACSC-001,DATA-SDSS18-200K,PAR-MATCH-001,NULL-MATCH-001,controlled,planned,yes,REPO-CSV-v0.2,REPO-CSV-v0.2:EXP-DATA-A01,REPO-CSV-v0.2:CLAIM-ACSC-001,REPO-CSV-v0.2:DATA-SDSS18-200K,STAR-PDF-v0.2:EXP-DATA-A01,Cross-Survey Matching Validation,related_scope_protocol_review_pending_no_alias,Planned; parameters/nulls not preregistered; controlled execution and independent reproduction unverified.,E-LCL-001;E-LCL-002;E-LCL-014;E-LCL-015,false,false,false
EXP-DATA-A02,A,CLAIM-ACSC-001,DATA-MANGA-HI-ALL,PAR-MATCH-001,NULL-MATCH-001,controlled,planned,yes,REPO-CSV-v0.2,REPO-CSV-v0.2:EXP-DATA-A02,REPO-CSV-v0.2:CLAIM-ACSC-001,REPO-CSV-v0.2:DATA-MANGA-HI-ALL,STAR-PDF-v0.2:EXP-DATA-A01,Data-Lineage Reconstruction,scope_conflict_no_alias,Planned; parameters/nulls not preregistered; controlled execution and independent reproduction unverified.,E-LCL-001;E-LCL-002;E-LCL-014;E-LCL-015,false,false,false
EXP-CTRL-A01,A,CLAIM-ACSC-001,DATA-PROVENANCE-ALL,PAR-PERM-001,NULL-PROV-001,controlled,planned,no,REPO-CSV-v0.2,REPO-CSV-v0.2:EXP-CTRL-A01,REPO-CSV-v0.2:CLAIM-ACSC-001,REPO-CSV-v0.2:DATA-PROVENANCE-ALL,STAR-PDF-v0.2:EXP-CTRL-A02;STAR-PDF-v0.2:EXP-DATA-A02,Random-Feature Baseline,scope_conflict_no_alias,Planned; parameters/nulls not preregistered; controlled execution and independent reproduction unverified.,E-DRV-004;E-LCL-003;E-LCL-004;E-LCL-009;E-LCL-014;E-LCL-015,false,false,false
EXP-CTRL-A02,A,CLAIM-ACSC-001,DATA-PROVENANCE-ALL,PAR-LEAK-001,NULL-LEAK-001,controlled,planned,no,REPO-CSV-v0.2,REPO-CSV-v0.2:EXP-CTRL-A02,REPO-CSV-v0.2:CLAIM-ACSC-001,REPO-CSV-v0.2:DATA-PROVENANCE-ALL,STAR-PDF-v0.2:EXP-CTRL-A03,Arithmetic Permutation Control,scope_conflict_no_alias,Planned; parameters/nulls not preregistered; controlled execution and independent reproduction unverified.,E-DRV-002;E-DRV-003;E-LCL-009;E-LCL-010;E-LCL-012;E-LCL-013;E-LCL-014,false,false,false
EXP-CTRL-A03,A,CLAIM-ACSC-001,DATA-ARITHMETIC,PAR-RF-001,NULL-RF-001,controlled,planned,no,REPO-CSV-v0.2,REPO-CSV-v0.2:EXP-CTRL-A03,REPO-CSV-v0.2:CLAIM-ACSC-001,REPO-CSV-v0.2:DATA-ARITHMETIC,STAR-PDF-v0.2:EXP-CTRL-A01,Leakage and Contamination Audit,scope_conflict_no_alias,Planned; parameters/nulls not preregistered; controlled execution and independent reproduction unverified.,E-LCL-013;E-LCL-014,false,false,false
EXP-K001,A,CLAIM-ACSC-001,DATA-ARITHMETIC,PAR-K-001,NULL-K-001,controlled,planned,yes,REPO-CSV-v0.2,REPO-CSV-v0.2:EXP-K001,REPO-CSV-v0.2:CLAIM-ACSC-001,REPO-CSV-v0.2:DATA-ARITHMETIC,STAR-PDF-v0.2:EXP-K001,Log-Normal Reciprocal-Normalization Test,related_scope_protocol_review_pending_no_alias,Planned; parameters/nulls not preregistered; controlled execution and independent reproduction unverified.,E-DRV-001;E-LCL-014,false,false,false
EXP-L001,A,CLAIM-ACSC-001,DATA-ARITHMETIC,PAR-LCOSMO-001,NULL-LCOSMO-001,controlled,planned,yes,REPO-CSV-v0.2,REPO-CSV-v0.2:EXP-L001,REPO-CSV-v0.2:CLAIM-ACSC-001,REPO-CSV-v0.2:DATA-ARITHMETIC,STAR-PDF-v0.2:EXP-L001,(L_{\rm cosmo}(s)) Model Validation,related_scope_protocol_review_pending_no_alias,Planned; parameters/nulls not preregistered; controlled execution and independent reproduction unverified.,E-DRV-003;E-LCL-012;E-LCL-014,false,false,false
EXP-SFR-A01,A,CLAIM-SFR-001,DATA-SFR-MANGA-PIP3D,PAR-SFR-001,NULL-SFR-001,controlled,planned,yes,REPO-CSV-v0.2,REPO-CSV-v0.2:EXP-SFR-A01,REPO-CSV-v0.2:CLAIM-SFR-001,REPO-CSV-v0.2:DATA-SFR-MANGA-PIP3D,STAR-PDF-v0.2:EXP-SFR-A01,Arithmetic Incremental SFR Prediction,related_scope_protocol_review_pending_no_alias,Planned; parameters/nulls not preregistered; controlled execution and independent reproduction unverified.,E-DRV-002;E-DRV-003;E-LCL-012;E-LCL-014,false,false,false
EXP-SFR-A02,A,CLAIM-SFR-001,DATA-SFR-MANGA-PIP3D,PAR-SFR-002,NULL-SFR-002,controlled,planned,yes,REPO-CSV-v0.2,REPO-CSV-v0.2:EXP-SFR-A02,REPO-CSV-v0.2:CLAIM-SFR-001,REPO-CSV-v0.2:DATA-SFR-MANGA-PIP3D,STAR-PDF-v0.2:EXP-SFR-A01,Arithmetic-Only SFR Prediction,scope_conflict_no_alias,Planned; parameters/nulls not preregistered; controlled execution and independent reproduction unverified.,E-DRV-002;E-DRV-003;E-LCL-012;E-LCL-014,false,false,false
EXP-SFR-A03,A,CLAIM-SFR-001,DATA-SFR-MANGA-PIP3D,PAR-SFR-003,NULL-SFR-003,controlled,planned,yes,REPO-CSV-v0.2,REPO-CSV-v0.2:EXP-SFR-A03,REPO-CSV-v0.2:CLAIM-SFR-001,REPO-CSV-v0.2:DATA-SFR-MANGA-PIP3D,STAR-PDF-v0.2:EXP-SFR-A03,Extreme-SFR Robustness,related_scope_protocol_review_pending_no_alias,Planned; parameters/nulls not preregistered; controlled execution and independent reproduction unverified.,E-DRV-002;E-LCL-014,false,false,false
EXP-RANK-A01,A,CLAIM-ACSC-001,DATA-ARITHMETIC,PAR-RANK-001,NULL-RANK-001,controlled,planned,yes,REPO-CSV-v0.2,REPO-CSV-v0.2:EXP-RANK-A01,REPO-CSV-v0.2:CLAIM-ACSC-001,REPO-CSV-v0.2:DATA-ARITHMETIC,STAR-PDF-v0.2:EXP-RANK-A01,Rank and Cosmic Environment,related_scope_protocol_review_pending_no_alias,Planned; parameters/nulls not preregistered; controlled execution and independent reproduction unverified.,E-LCL-004;E-LCL-005;E-LCL-014,false,false,false
EXP-RANK-A02,A,CLAIM-ACSC-003,DATA-COSMIC-ENV,PAR-RANK-002,NULL-RANK-002,controlled,planned,no,REPO-CSV-v0.2,REPO-CSV-v0.2:EXP-RANK-A02,REPO-CSV-v0.2:CLAIM-ACSC-003,REPO-CSV-v0.2:DATA-COSMIC-ENV,STAR-PDF-v0.2:EXP-RANK-A01,Rank-Weighted Cosmic Topology,scope_conflict_no_alias,Planned; parameters/nulls not preregistered; controlled execution and independent reproduction unverified.,E-LCL-004;E-LCL-005;E-LCL-014,false,false,false
EXP-TOPO-A01,A,CLAIM-ACSC-003,DATA-ARITHMETIC,PAR-TOPO-001,NULL-TOPO-001,controlled,planned,yes,REPO-CSV-v0.2,REPO-CSV-v0.2:EXP-TOPO-A01,REPO-CSV-v0.2:CLAIM-ACSC-003,REPO-CSV-v0.2:DATA-ARITHMETIC,STAR-PDF-v0.2:EXP-TOPO-A01,Null-Calibrated Persistent Homology,related_scope_protocol_review_pending_no_alias,Planned; parameters/nulls not preregistered; controlled execution and independent reproduction unverified.,E-LCL-003;E-LCL-006;E-LCL-007;E-LCL-008;E-LCL-014,false,false,false
EXP-MAP-A01,A,CLAIM-ACSC-001,DATA-ARITHMETIC,PAR-MAP-001,NULL-MAP-001,controlled,planned,yes,REPO-CSV-v0.2,REPO-CSV-v0.2:EXP-MAP-A01,REPO-CSV-v0.2:CLAIM-ACSC-001,REPO-CSV-v0.2:DATA-ARITHMETIC,STAR-PDF-v0.2:EXP-MAP-A01,Mapping-Family Comparison,repo_protocol_locked_distinct_from_pdf_mapping_family_comparison_no_alias,"EXP-MAP-A01-prereg-v1 protocol locked to the primary arithmetic projection null test; exact ecdata source, parameter set, null model, endpoint, seed and output contract preregistered; execution remains explicitly disabled pending a separate activation PR and runner preflight.",E-LCL-003;E-LCL-004;E-LCL-006;E-LCL-014;E-LCL-016,false,false,false
EXP-MAP-A02,A,CLAIM-ACSC-002,DATA-ARITHMETIC,PAR-MAP-002,NULL-MAP-002,controlled,planned,yes,REPO-CSV-v0.2,REPO-CSV-v0.2:EXP-MAP-A02,REPO-CSV-v0.2:CLAIM-ACSC-002,REPO-CSV-v0.2:DATA-ARITHMETIC,STAR-PDF-v0.2:EXP-MAP-A01,Rank-Scale Sensitivity,scope_conflict_no_alias,Planned; parameters/nulls not preregistered; controlled execution and independent reproduction unverified.,E-LCL-003;E-LCL-004;E-LCL-006;E-LCL-014;E-LCL-016,false,false,false
EXP-MAP-A03,A,CLAIM-ACSC-002,DATA-ARITHMETIC,PAR-MAP-003,NULL-MAP-003,controlled,planned,yes,REPO-CSV-v0.2,REPO-CSV-v0.2:EXP-MAP-A03,REPO-CSV-v0.2:CLAIM-ACSC-002,REPO-CSV-v0.2:DATA-ARITHMETIC,STAR-PDF-v0.2:EXP-MAP-A01,Arithmetic Generator Controls,scope_conflict_no_alias,Planned; parameters/nulls not preregistered; controlled execution and independent reproduction unverified.,E-LCL-003;E-LCL-004;E-LCL-006;E-LCL-014;E-LCL-016,false,false,false
EXP-RTCH-B01,B,CLAIM-RTCH-001,DATA-PHYS-CONSTRAINTS,PAR-RTCH-001,NULL-RTCH-001,controlled,planned,no,REPO-CSV-v0.2,REPO-CSV-v0.2:EXP-RTCH-B01,REPO-CSV-v0.2:CLAIM-RTCH-001,REPO-CSV-v0.2:DATA-PHYS-CONSTRAINTS,STAR-PDF-v0.2:EXP-RTCH-B01,RTCH Mathematical Consistency,related_scope_protocol_review_pending_no_alias,Planned; parameters/nulls not preregistered; controlled execution and independent reproduction unverified.,E-LCL-007;E-LCL-014,false,false,false
EXP-ECC-B01,B,CLAIM-ECC-001,DATA-ECC-THEORY,PAR-ECC-001,NULL-ECC-001,controlled,planned,yes,REPO-CSV-v0.2,REPO-CSV-v0.2:EXP-ECC-B01,REPO-CSV-v0.2:CLAIM-ECC-001,REPO-CSV-v0.2:DATA-ECC-THEORY,STAR-PDF-v0.2:EXP-ECC-B01,Entropy/Cohomology Consistency,related_scope_protocol_review_pending_no_alias,Planned; parameters/nulls not preregistered; controlled execution and independent reproduction unverified.,E-DRV-004;E-LCL-007;E-LCL-014,false,false,false
