Source_Namespace,Source_ID,Source_Qualified_ID,Source_Definition,Target_Namespace,Target_ID,Target_Qualified_ID,Target_Definition,Relationship,Resolution_Status,Evidence_Eligible
REPO-CSV-v0.2,CLAIM-ACSC-001,REPO-CSV-v0.2:CLAIM-ACSC-001,Arithmetic invariants can be mapped into a defined geometric representation.,STAR-PDF-v0.2,CORE-001,STAR-PDF-v0.2:CORE-001,Arithmetic-Cosmic Structural Correspondence,related_scope_only_not_alias,protocol_review_pending,false
REPO-CSV-v0.2,CLAIM-ACSC-001,REPO-CSV-v0.2:CLAIM-ACSC-001,Arithmetic invariants can be mapped into a defined geometric representation.,STAR-PDF-v0.2,MAP-001,STAR-PDF-v0.2:MAP-001,Arithmetic Projection,related_scope_only_not_alias,protocol_review_pending,false
REPO-CSV-v0.2,CLAIM-ACSC-001,REPO-CSV-v0.2:CLAIM-ACSC-001,Arithmetic invariants can be mapped into a defined geometric representation.,STAR-PDF-v0.2,MAP-002,STAR-PDF-v0.2:MAP-002,Extended Projection,related_scope_only_not_alias,protocol_review_pending,false
REPO-CSV-v0.2,CLAIM-ACSC-001,REPO-CSV-v0.2:CLAIM-ACSC-001,Arithmetic invariants can be mapped into a defined geometric representation.,STAR-PDF-v0.2,MAP-003,STAR-PDF-v0.2:MAP-003,Rank Elevation,related_scope_only_not_alias,protocol_review_pending,false
REPO-CSV-v0.2,CLAIM-ACSC-001,REPO-CSV-v0.2:CLAIM-ACSC-001,Arithmetic invariants can be mapped into a defined geometric representation.,STAR-PDF-v0.2,MAP-004,STAR-PDF-v0.2:MAP-004,Mapping Non-Bijectivity,related_scope_only_not_alias,protocol_review_pending,false
REPO-CSV-v0.2,CLAIM-ACSC-001,REPO-CSV-v0.2:CLAIM-ACSC-001,Arithmetic invariants can be mapped into a defined geometric representation.,STAR-PDF-v0.2,MAP-005,STAR-PDF-v0.2:MAP-005,Alternative Mapping Families,related_scope_only_not_alias,protocol_review_pending,false
REPO-CSV-v0.2,CLAIM-ACSC-002,REPO-CSV-v0.2:CLAIM-ACSC-002,Alternative mappings should be testable independently of BSD proof status.,STAR-PDF-v0.2,MAP-005,STAR-PDF-v0.2:MAP-005,Alternative Mapping Families,related_scope_only_not_alias,protocol_review_pending,false
REPO-CSV-v0.2,CLAIM-ACSC-003,REPO-CSV-v0.2:CLAIM-ACSC-003,Arithmetic-derived point clouds may exhibit statistically testable topological correspondence with comparison cosmic data.,STAR-PDF-v0.2,CORE-001,STAR-PDF-v0.2:CORE-001,Arithmetic-Cosmic Structural Correspondence,related_scope_only_not_alias,protocol_review_pending,false
REPO-CSV-v0.2,CLAIM-ACSC-003,REPO-CSV-v0.2:CLAIM-ACSC-003,Arithmetic-derived point clouds may exhibit statistically testable topological correspondence with comparison cosmic data.,STAR-PDF-v0.2,RANK-002,STAR-PDF-v0.2:RANK-002,Rank/Topological Complexity,related_scope_only_not_alias,protocol_review_pending,false
REPO-CSV-v0.2,CLAIM-ACSC-003,REPO-CSV-v0.2:CLAIM-ACSC-003,Arithmetic-derived point clouds may exhibit statistically testable topological correspondence with comparison cosmic data.,STAR-PDF-v0.2,TOPO-001,STAR-PDF-v0.2:TOPO-001,Persistent Homology Correspondence,related_scope_only_not_alias,protocol_review_pending,false
REPO-CSV-v0.2,CLAIM-ECC-001,REPO-CSV-v0.2:CLAIM-ECC-001,The ECC framework proposes entropy/cohomological structure that can be operationalized computationally.,STAR-PDF-v0.2,ECC-001,STAR-PDF-v0.2:ECC-001,Entropy/Cohomology Structure,related_scope_only_not_alias,protocol_review_pending,false
REPO-CSV-v0.2,CLAIM-ECC-001,REPO-CSV-v0.2:CLAIM-ECC-001,The ECC framework proposes entropy/cohomological structure that can be operationalized computationally.,STAR-PDF-v0.2,ECC-002,STAR-PDF-v0.2:ECC-002,Closed Non-Exact Requirement,related_scope_only_not_alias,protocol_review_pending,false
REPO-CSV-v0.2,CLAIM-ECC-001,REPO-CSV-v0.2:CLAIM-ECC-001,The ECC framework proposes entropy/cohomological structure that can be operationalized computationally.,STAR-PDF-v0.2,ECC-003,STAR-PDF-v0.2:ECC-003,Entropy-Energy Relation,related_scope_only_not_alias,protocol_review_pending,false
REPO-CSV-v0.2,CLAIM-RTCH-001,REPO-CSV-v0.2:CLAIM-RTCH-001,RTCH proposes a thermodynamic/geometric coupling that must recover standard physics in an appropriate limit.,STAR-PDF-v0.2,RTCH-M001,STAR-PDF-v0.2:RTCH-M001,Variational RTCH Construction,related_scope_only_not_alias,protocol_review_pending,false
REPO-CSV-v0.2,CLAIM-RTCH-001,REPO-CSV-v0.2:CLAIM-RTCH-001,RTCH proposes a thermodynamic/geometric coupling that must recover standard physics in an appropriate limit.,STAR-PDF-v0.2,RTCH-M002,STAR-PDF-v0.2:RTCH-M002,Closed Pullback Two-Form,related_scope_only_not_alias,protocol_review_pending,false
REPO-CSV-v0.2,CLAIM-RTCH-001,REPO-CSV-v0.2:CLAIM-RTCH-001,RTCH proposes a thermodynamic/geometric coupling that must recover standard physics in an appropriate limit.,STAR-PDF-v0.2,RTCH-H001,STAR-PDF-v0.2:RTCH-H001,Topological Coupling,related_scope_only_not_alias,protocol_review_pending,false
REPO-CSV-v0.2,CLAIM-RTCH-001,REPO-CSV-v0.2:CLAIM-RTCH-001,RTCH proposes a thermodynamic/geometric coupling that must recover standard physics in an appropriate limit.,STAR-PDF-v0.2,RTCH-H002,STAR-PDF-v0.2:RTCH-H002,Conformal Trace Coupling,related_scope_only_not_alias,protocol_review_pending,false
REPO-CSV-v0.2,CLAIM-RTCH-001,REPO-CSV-v0.2:CLAIM-RTCH-001,RTCH proposes a thermodynamic/geometric coupling that must recover standard physics in an appropriate limit.,STAR-PDF-v0.2,RTCH-H003,STAR-PDF-v0.2:RTCH-H003,Fifth-Force Acceleration,related_scope_only_not_alias,protocol_review_pending,false
REPO-CSV-v0.2,CLAIM-RTCH-001,REPO-CSV-v0.2:CLAIM-RTCH-001,RTCH proposes a thermodynamic/geometric coupling that must recover standard physics in an appropriate limit.,STAR-PDF-v0.2,RTCH-H004,STAR-PDF-v0.2:RTCH-H004,Unified Matter Description,related_scope_only_not_alias,protocol_review_pending,false
REPO-CSV-v0.2,CLAIM-SFR-001,REPO-CSV-v0.2:CLAIM-SFR-001,Arithmetic/cosmological features may provide predictive information for star-formation-rate modeling.,STAR-PDF-v0.2,SFR-A001,STAR-PDF-v0.2:SFR-A001,Arithmetic Incremental SFR Information,related_scope_only_not_alias,protocol_review_pending,false
REPO-CSV-v0.2,CLAIM-SFR-001,REPO-CSV-v0.2:CLAIM-SFR-001,Arithmetic/cosmological features may provide predictive information for star-formation-rate modeling.,STAR-PDF-v0.2,SFR-A002,STAR-PDF-v0.2:SFR-A002,Arithmetic-Only SFR Prediction,related_scope_only_not_alias,protocol_review_pending,false
REPO-CSV-v0.2,CLAIM-SFR-001,REPO-CSV-v0.2:CLAIM-SFR-001,Arithmetic/cosmological features may provide predictive information for star-formation-rate modeling.,STAR-PDF-v0.2,SFR-A003,STAR-PDF-v0.2:SFR-A003,Extreme-SFR Robustness,related_scope_only_not_alias,protocol_review_pending,false
REPO-CSV-v0.2,CLAIM-SFR-001,REPO-CSV-v0.2:CLAIM-SFR-001,Arithmetic/cosmological features may provide predictive information for star-formation-rate modeling.,STAR-PDF-v0.2,SFR-E001,STAR-PDF-v0.2:SFR-E001,Extreme-SFR Model Behavior,related_scope_only_not_alias,protocol_review_pending,false
REPO-CSV-v0.2,CLAIM-SFR-001,REPO-CSV-v0.2:CLAIM-SFR-001,Arithmetic/cosmological features may provide predictive information for star-formation-rate modeling.,STAR-PDF-v0.2,COSMO-L002,STAR-PDF-v0.2:COSMO-L002,L-cosmo and SFR,related_scope_only_not_alias,protocol_review_pending,false
REPO-CSV-v0.2,EXP-DATA-A01,REPO-CSV-v0.2:EXP-DATA-A01,SDSS working-sample matching,STAR-PDF-v0.2,EXP-DATA-A01,STAR-PDF-v0.2:EXP-DATA-A01,Cross-Survey Matching Validation,related_scope_only_not_alias,protocol_review_pending,false
REPO-CSV-v0.2,EXP-DATA-A02,REPO-CSV-v0.2:EXP-DATA-A02,MaNGA-HI working-sample matching,STAR-PDF-v0.2,EXP-DATA-A01,STAR-PDF-v0.2:EXP-DATA-A01,Cross-Survey Matching Validation,related_scope_only_not_alias,same_string_scope_conflict,false
REPO-CSV-v0.2,EXP-CTRL-A01,REPO-CSV-v0.2:EXP-CTRL-A01,Provenance permutation control,STAR-PDF-v0.2,EXP-CTRL-A02,STAR-PDF-v0.2:EXP-CTRL-A02,Arithmetic Permutation Control,related_scope_only_not_alias,same_string_scope_conflict,false
REPO-CSV-v0.2,EXP-CTRL-A01,REPO-CSV-v0.2:EXP-CTRL-A01,Provenance permutation control,STAR-PDF-v0.2,EXP-DATA-A02,STAR-PDF-v0.2:EXP-DATA-A02,Data-Lineage Reconstruction,related_scope_only_not_alias,same_string_scope_conflict,false
REPO-CSV-v0.2,EXP-CTRL-A02,REPO-CSV-v0.2:EXP-CTRL-A02,Leakage detection and exclusion,STAR-PDF-v0.2,EXP-CTRL-A03,STAR-PDF-v0.2:EXP-CTRL-A03,Leakage and Contamination Audit,related_scope_only_not_alias,same_string_scope_conflict,false
REPO-CSV-v0.2,EXP-CTRL-A03,REPO-CSV-v0.2:EXP-CTRL-A03,Arithmetic RandomForest reconstruction control,STAR-PDF-v0.2,EXP-CTRL-A01,STAR-PDF-v0.2:EXP-CTRL-A01,Random-Feature Baseline,related_scope_only_not_alias,same_string_scope_conflict,false
REPO-CSV-v0.2,EXP-K001,REPO-CSV-v0.2:EXP-K001,K mapping reconstruction/null calibration,STAR-PDF-v0.2,EXP-K001,STAR-PDF-v0.2:EXP-K001,Log-Normal Reciprocal-Normalization Test,related_scope_only_not_alias,protocol_review_pending,false
REPO-CSV-v0.2,EXP-L001,REPO-CSV-v0.2:EXP-L001,L_cosmo mapping reconstruction/null comparison,STAR-PDF-v0.2,EXP-L001,STAR-PDF-v0.2:EXP-L001,(L_{\rm cosmo}(s)) Model Validation,related_scope_only_not_alias,protocol_review_pending,false
REPO-CSV-v0.2,EXP-SFR-A01,REPO-CSV-v0.2:EXP-SFR-A01,SFR baseline and held-out prediction,STAR-PDF-v0.2,EXP-SFR-A01,STAR-PDF-v0.2:EXP-SFR-A01,Arithmetic Incremental SFR Prediction,related_scope_only_not_alias,protocol_review_pending,false
REPO-CSV-v0.2,EXP-SFR-A02,REPO-CSV-v0.2:EXP-SFR-A02,SFR model with arithmetic/cosmological features,STAR-PDF-v0.2,EXP-SFR-A01,STAR-PDF-v0.2:EXP-SFR-A01,Arithmetic Incremental SFR Prediction,related_scope_only_not_alias,same_string_scope_conflict,false
REPO-CSV-v0.2,EXP-SFR-A03,REPO-CSV-v0.2:EXP-SFR-A03,SFR robustness and null comparison,STAR-PDF-v0.2,EXP-SFR-A03,STAR-PDF-v0.2:EXP-SFR-A03,Extreme-SFR Robustness,related_scope_only_not_alias,protocol_review_pending,false
REPO-CSV-v0.2,EXP-RANK-A01,REPO-CSV-v0.2:EXP-RANK-A01,Arithmetic rank / environment analysis,STAR-PDF-v0.2,EXP-RANK-A01,STAR-PDF-v0.2:EXP-RANK-A01,Rank and Cosmic Environment,related_scope_only_not_alias,protocol_review_pending,false
REPO-CSV-v0.2,EXP-RANK-A02,REPO-CSV-v0.2:EXP-RANK-A02,Cosmic environment with morphology-derived cosmo_rank candidate,STAR-PDF-v0.2,EXP-RANK-A01,STAR-PDF-v0.2:EXP-RANK-A01,Rank and Cosmic Environment,related_scope_only_not_alias,same_string_scope_conflict,false
REPO-CSV-v0.2,EXP-TOPO-A01,REPO-CSV-v0.2:EXP-TOPO-A01,Persistent-homology comparison and null calibration,STAR-PDF-v0.2,EXP-TOPO-A01,STAR-PDF-v0.2:EXP-TOPO-A01,Null-Calibrated Persistent Homology,related_scope_only_not_alias,protocol_review_pending,false
REPO-CSV-v0.2,EXP-MAP-A01,REPO-CSV-v0.2:EXP-MAP-A01,Primary arithmetic mapping,STAR-PDF-v0.2,EXP-MAP-A01,STAR-PDF-v0.2:EXP-MAP-A01,Mapping-Family Comparison,related_scope_only_not_alias,protocol_review_pending,false
REPO-CSV-v0.2,EXP-MAP-A02,REPO-CSV-v0.2:EXP-MAP-A02,BSD-independent PTD mapping,STAR-PDF-v0.2,EXP-MAP-A01,STAR-PDF-v0.2:EXP-MAP-A01,Mapping-Family Comparison,related_scope_only_not_alias,same_string_scope_conflict,false
REPO-CSV-v0.2,EXP-MAP-A03,REPO-CSV-v0.2:EXP-MAP-A03,BSD-independent MCJ mapping,STAR-PDF-v0.2,EXP-MAP-A01,STAR-PDF-v0.2:EXP-MAP-A01,Mapping-Family Comparison,related_scope_only_not_alias,same_string_scope_conflict,false
REPO-CSV-v0.2,EXP-RTCH-B01,REPO-CSV-v0.2:EXP-RTCH-B01,Standard-physics recovery-limit test,STAR-PDF-v0.2,EXP-RTCH-B01,STAR-PDF-v0.2:EXP-RTCH-B01,RTCH Mathematical Consistency,related_scope_only_not_alias,protocol_review_pending,false
REPO-CSV-v0.2,EXP-ECC-B01,REPO-CSV-v0.2:EXP-ECC-B01,Independent field/cohomology test,STAR-PDF-v0.2,EXP-ECC-B01,STAR-PDF-v0.2:EXP-ECC-B01,Entropy/Cohomology Consistency,related_scope_only_not_alias,protocol_review_pending,false
WEB-DISPLAY-main,ACSC-001,WEB-DISPLAY-main:ACSC-001,Arithmetic invariants of elliptic curves can be projected into a geometric representation that may be compared with cosmic structure.,STAR-PDF-v0.2,CORE-001,STAR-PDF-v0.2:CORE-001,Arithmetic-Cosmic Structural Correspondence,related_scope_only_not_alias,protocol_review_pending,false
WEB-DISPLAY-main,ACSC-001,WEB-DISPLAY-main:ACSC-001,Arithmetic invariants of elliptic curves can be projected into a geometric representation that may be compared with cosmic structure.,STAR-PDF-v0.2,MAP-001,STAR-PDF-v0.2:MAP-001,Arithmetic Projection,related_scope_only_not_alias,protocol_review_pending,false
WEB-DISPLAY-main,ACSC-002,WEB-DISPLAY-main:ACSC-002,The arithmetic projection Φ(E) corresponds to the topology of large-scale cosmic matter distribution.,STAR-PDF-v0.2,TOPO-001,STAR-PDF-v0.2:TOPO-001,Persistent Homology Correspondence,related_scope_only_not_alias,protocol_review_pending,false
WEB-DISPLAY-main,ACSC-002,WEB-DISPLAY-main:ACSC-002,The arithmetic projection Φ(E) corresponds to the topology of large-scale cosmic matter distribution.,STAR-PDF-v0.2,CORE-001,STAR-PDF-v0.2:CORE-001,Arithmetic-Cosmic Structural Correspondence,related_scope_only_not_alias,protocol_review_pending,false
WEB-DISPLAY-main,ACSC-007,WEB-DISPLAY-main:ACSC-007,Rank determines the vertical/elevation coordinate of the projection (z = 200 r).,STAR-PDF-v0.2,MAP-003,STAR-PDF-v0.2:MAP-003,Rank Elevation,related_scope_only_not_alias,protocol_review_pending,false
WEB-DISPLAY-main,ACSC-008,WEB-DISPLAY-main:ACSC-008,"Rank corresponds to cosmic dimensionality (0 void, 1 filament, 2 cluster, 3 supercluster).",STAR-PDF-v0.2,RANK-001,STAR-PDF-v0.2:RANK-001,Rank/Environment Correspondence,related_scope_only_not_alias,protocol_review_pending,false
WEB-DISPLAY-main,ACSC-008,WEB-DISPLAY-main:ACSC-008,"Rank corresponds to cosmic dimensionality (0 void, 1 filament, 2 cluster, 3 supercluster).",STAR-PDF-v0.2,RANK-003,STAR-PDF-v0.2:RANK-003,Rank-Stratified Cosmic Structure,related_scope_only_not_alias,protocol_review_pending,false
WEB-DISPLAY-main,ACSC-011,WEB-DISPLAY-main:ACSC-011,Rank growth produces an analogue of dark-energy-driven expansion.,STAR-PDF-v0.2,COSMO-E001,STAR-PDF-v0.2:COSMO-E001,Arithmetic/Topological Redshift Evolution,related_scope_only_not_alias,protocol_review_pending,false
WEB-DISPLAY-main,ACSC-012,WEB-DISPLAY-main:ACSC-012,Arithmetic invariants can replace the energy-momentum tensor or Einstein tensor.,STAR-PDF-v0.2,FIELD-003,STAR-PDF-v0.2:FIELD-003,Arithmetic Tensor / Einstein Equation Extension,related_scope_only_not_alias,protocol_review_pending,false
WEB-DISPLAY-main,GLMPCT-008,WEB-DISPLAY-main:GLMPCT-008,"A modified Strong BSD formula involving Fibonacci, π, and φ is supported by the cosmological mapping.",,,,,unresolved_no_alias,canonical_relationship_not_assigned,false
WEB-DISPLAY-main,MAP-001,WEB-DISPLAY-main:MAP-001,The primary projection should not be required to be a strict bijection.,STAR-PDF-v0.2,MAP-004,STAR-PDF-v0.2:MAP-004,Mapping Non-Bijectivity,related_scope_only_not_alias,protocol_review_pending,false
WEB-DISPLAY-main,MAP-005,WEB-DISPLAY-main:MAP-005,BSD is not required for the projection framework.,STAR-PDF-v0.2,MAP-005,STAR-PDF-v0.2:MAP-005,Alternative Mapping Families,related_scope_only_not_alias,protocol_review_pending,false
WEB-DISPLAY-main,ECC-003,WEB-DISPLAY-main:ECC-003,Entropy curvature can be represented by a closed non-exact 2-form ω with dω = 0 and [ω] ≠ 0.,STAR-PDF-v0.2,ECC-002,STAR-PDF-v0.2:ECC-002,Closed Non-Exact Requirement,related_scope_only_not_alias,protocol_review_pending,false
WEB-DISPLAY-main,ECC-008,WEB-DISPLAY-main:ECC-008,ECC has been empirically validated as a computational theorem.,,,,,unresolved_no_alias,canonical_relationship_not_assigned,false
WEB-DISPLAY-main,RTCH-003,WEB-DISPLAY-main:RTCH-003,The pullback satisfies d F_Q = 0 whenever dω = 0.,STAR-PDF-v0.2,RTCH-M002,STAR-PDF-v0.2:RTCH-M002,Closed Pullback Two-Form,related_scope_only_not_alias,protocol_review_pending,false
WEB-DISPLAY-main,RTCH-006,WEB-DISPLAY-main:RTCH-006,"Matter may couple through Ã = A²(φ, ℳ, 𝒥_Q) g.",STAR-PDF-v0.2,RTCH-H002,STAR-PDF-v0.2:RTCH-H002,Conformal Trace Coupling,related_scope_only_not_alias,protocol_review_pending,false
WEB-DISPLAY-main,RTCH-007,WEB-DISPLAY-main:RTCH-007,The conformal coupling produces a fifth-force-like acceleration a^ν = −c² h^νμ ∇_μ ln A.,STAR-PDF-v0.2,RTCH-H003,STAR-PDF-v0.2:RTCH-H003,Fifth-Force Acceleration,related_scope_only_not_alias,protocol_review_pending,false
WEB-DISPLAY-main,CROSS-001,WEB-DISPLAY-main:CROSS-001,Arithmetic rank may be related to cosmic-web morphology.,STAR-PDF-v0.2,RANK-001,STAR-PDF-v0.2:RANK-001,Rank/Environment Correspondence,related_scope_only_not_alias,protocol_review_pending,false
WEB-DISPLAY-main,CROSS-008,WEB-DISPLAY-main:CROSS-008,The Hubble–Planck tension can be explained by the S.T.A.R. framework.,STAR-PDF-v0.2,COSMO-E002,STAR-PDF-v0.2:COSMO-E002,Hubble-Planck Tension Application,related_scope_only_not_alias,protocol_review_pending,false
WEB-DISPLAY-main,NEG-001,WEB-DISPLAY-main:NEG-001,"Modified Strong BSD expressions involving Fibonacci, π, and φ fail on tested curves.",,,,,unresolved_no_alias,canonical_relationship_not_assigned,false
