Null_ID,Scope,Definition_Status,Preregistration_Status,Historical_RandD,Definition
NULL-MATCH-001,matching,historical_candidate,not_preregistered,yes,"Raw R&D documents both 1 arcsec and 5 arcsec coordinate-match attempts; earlier R&D also documents 2 arcsec. The archive therefore supports sensitivity/null comparison across radii, but not one fixed null."
NULL-PROV-001,provenance,placeholder,not_preregistered,yes,"Historical workflows contain permutation/randomization concepts, but no single provenance permutation null was recovered."
NULL-LEAK-001,leakage,historical_candidate,not_preregistered,yes,Historical model validation uses held-out test data and reconstruction/leakage diagnostics; the exact controlled leakage null remains to be fixed.
NULL-RF-001,arithmetic reconstruction,placeholder,not_preregistered,yes,"Historical RandomForest control models exist, but a dedicated arithmetic-reconstruction null specification was not recovered."
NULL-K-001,K mapping,historical_candidate,not_preregistered,yes,"Historical K test uses log-normal simulated masses with N=500, mu=9.7843, sigma=0.3645 and 100 simulations per cluster as a simulation control; independent null calibration remains required."
NULL-LCOSMO-001,Lcosmo mapping,historical_candidate,not_preregistered,yes,"Historical L_cosmo work includes baseline-versus-expanded feature comparisons and alternative constructions, but no single null-preserving L_cosmo null is fixed."
NULL-SFR-001,SFR prediction,historical_candidate,not_preregistered,yes,Historical SFR work compares RF/GB baselines and held-out performance; exact baseline/null construction for the controlled experiment remains to be fixed.
NULL-SFR-002,SFR prediction,historical_candidate,not_preregistered,yes,Historical R&D includes permutation/control logic and arithmetic-feature comparisons; exact feature-label permutation procedure remains to be fixed.
NULL-SFR-003,SFR prediction,historical_candidate,not_preregistered,yes,"Raw R&D documents 3-IQR outlier filtering for SFR_PETRORAD_R and log_SFR_Ha, plus held-out and 5-fold validation. These are historical robustness controls; the controlled null-preserving robustness procedure remains to be fixed."
NULL-RANK-001,rank analysis,placeholder,not_preregistered,yes,"Historical arithmetic rank calculations exist, but no fixed rank-preserving/randomized null model was recovered."
NULL-RANK-002,rank environment,historical_candidate,not_preregistered,yes,"Raw R&D contains morphology/environment-derived cosmo_rank controls, but this is not elliptic rank and no rank-preserving elliptic-rank/environment null was recovered."
NULL-TOPO-001,topology,historical_candidate,not_preregistered,yes,"Historical TDA comparisons use persistence diagrams and Wasserstein/bottleneck distances; null calibration, including the exploratory W2<0.01 threshold, remains unresolved."
NULL-MAP-001,primary mapping,locked,locked,yes,"EXP-MAP-A01-prereg-v1 rank-permutation fixed-base null: hold curve identities, Delta, conductor, longitude/latitude point cloud, k=10 neighbor graph and empirical rank/elevation multiset fixed; permute ranks across curve identities using splitmix64-fisher-yates-v1 with seed=1729 for exactly B=999 sequential realizations; no discarded/regenerated nulls; p=(1+count(T_null>=T_obs))/(B+1); one-sided alpha=0.01; single endpoint, no multiplicity adjustment."
NULL-MAP-002,PTD mapping,placeholder,not_preregistered,yes,"PTD is documented as BSD-independent, but no fixed PTD null construction was recovered."
NULL-MAP-003,MCJ mapping,locked,locked,yes,"EXP-MAP-A03-prereg-v1 conditional rank-permutation fixed-graph null. Sort 37,936 accepted rows by (conductor, ASCII label); assign 10 strata s=floor(10*i/n), i zero-based. Hold identities, conductor, exact arithmetic status, MCJ coordinates, k=10 graph, and within-stratum rank multisets fixed. Exactly B=999 draws use one continuing SplitMix64 stream seeded 4103; 64-bit increment 0x9E3779B97F4A7C15, multipliers 0xBF58476D1CE4E5B9 and 0x94D049BB133111EB, modulo 2^64; randbelow rejects values at/above floor(2^64/m)*m then returns modulo m; Fisher-Yates runs i=m-1..1 with j=randbelow(i+1). Per draw process strata 0..9, independently permuting original observed ranks within each stratum; never reset stream, cumulatively permute, skip, reroll, or regenerate. T=-mean_edges(|rank_i-rank_j|); p=(1+count(T_b>=T_obs))/1000; one-sided greater; alpha=0.005; reject iff p<0.005."
NULL-RTCH-001,RTCH recovery,placeholder,not_preregistered,yes,"Historical RTCH formulation requires a standard-physics recovery limit, but no fixed numerical null/control construction was recovered."
NULL-ECC-001,ECC field/cohomology,historical_candidate,not_preregistered,yes,Historical ECC experiments compare baseline and expanded feature sets and include held-out testing; a dedicated field/cohomology null remains to be fixed.
