source_id,ra_deg,dec_deg
AGC-630358,0.03125000,-0.04694444
AGC-012910,0.36416667,5.38555556
AGC-012918,0.51541667,16.59305556
AGC-102980,0.59166667,28.31194444
AGC-000004,0.72375000,4.20555556
AGC-748777,0.78666667,15.04666667
AGC-100010,0.80666667,31.04527778
AGC-000012,0.83416667,29.80083333
AGC-100014,0.84958333,5.69916667
AGC-101132,0.91958333,5.37250000
AGC-000015,0.93291667,4.29833333
AGC-000021,1.03291667,7.37666667
AGC-105369,1.22416667,4.41388889
AGC-104298,1.28833333,33.21166667
AGC-103737,1.37708333,7.51166667
AGC-103005,1.52750000,8.60138889
AGC-000044,1.56916667,19.72500000
AGC-105443,1.66458333,4.11027778
AGC-000056,1.76250000,14.10527778
AGC-102558,1.76500000,27.00916667
AGC-104528,1.99083333,34.74805556
AGC-100051,2.00375000,14.83972222
AGC-101918,2.17208333,14.00666667
AGC-101919,2.17416667,14.27388889
AGC-100956,2.43125000,6.17666667
AGC-103974,2.74500000,21.44500000
AGC-100072,2.76416667,2.68972222
AGC-102903,2.85291667,29.26888889
AGC-104685,2.86791667,21.80638889
AGC-101937,2.91875000,14.46888889
AGC-104532,2.96958333,35.67888889
AGC-100083,3.07166667,28.64583333
AGC-100086,3.19666667,22.02638889
AGC-102321,3.24416667,14.42527778
AGC-100089,3.27416667,18.51194444
AGC-100726,3.41625000,15.67555556
AGC-000128,3.46166667,35.99277778
AGC-101948,3.48250000,14.06611111
AGC-101205,3.83791667,29.66555556
AGC-100127,4.15083333,1.53638889
AGC-100139,4.32125000,30.22777778
AGC-100140,4.33125000,20.80416667
AGC-103323,4.35125000,21.84972222
AGC-000179,4.75208333,23.47583333
AGC-101793,4.92416667,0.37944444
AGC-000188,4.99458333,20.00027778
AGC-100167,4.99083333,6.46138889
AGC-101773,5.03583333,14.29638889
AGC-101987,5.22000000,15.39861111
AGC-000207,5.37708333,29.66805556
AGC-101993,5.49750000,15.97500000
AGC-105312,5.53958333,11.82083333
AGC-000215,5.60916667,29.50722222
AGC-103332,5.70541667,23.92500000
AGC-100203,5.71041667,6.81861111
AGC-100204,5.74208333,25.22166667
AGC-748786,5.77250000,15.14694444
AGC-000223,5.81833333,20.26888889
AGC-100211,5.83625000,1.84250000
AGC-104384,5.88083333,35.18083333
AGC-102646,6.00583333,24.09333333
AGC-000231,6.00458333,16.48888889
AGC-105114,6.25333333,13.57972222
AGC-100227,6.30958333,30.03750000
AGC-000242,6.36666667,20.23527778
AGC-103336,6.49750000,23.78527778
AGC-000283,7.09541667,3.38527778
AGC-103634,7.20666667,9.29638889
AGC-000287,7.22458333,10.18444444
AGC-105459,7.23416667,2.30555556
AGC-102777,7.54125000,30.68666667
AGC-100284,7.78875000,4.50194444
AGC-101194,7.87750000,10.07611111
AGC-000321,8.13416667,23.39583333
AGC-103818,8.41875000,7.45527778
AGC-000352,8.94666667,24.24111111
AGC-101736,8.95000000,13.98166667
AGC-101009,8.98750000,10.35194444
AGC-000358,9.05541667,1.71388889
AGC-100329,9.05750000,32.89777778
AGC-101198,9.44333333,11.79694444
AGC-000376,9.47416667,32.68805556
AGC-000380,9.49041667,8.63722222
AGC-104553,10.66833333,34.70444444
AGC-000457,10.72166667,33.51944444
AGC-000458,10.72708333,23.49694444
AGC-000467,11.01333333,28.87388889
AGC-100512,11.50708333,29.95777778
AGC-103663,11.52333333,9.14500000
AGC-100542,11.63750000,29.73305556
AGC-100552,11.71625000,30.27444444
AGC-103664,11.80125000,8.73916667
AGC-105331,11.94708333,10.89583333
AGC-103389,12.00458333,23.64555556
AGC-103696,12.00208333,9.10027778
AGC-000497,12.14500000,27.68972222
AGC-103670,12.25833333,9.73638889
AGC-401438,12.50875000,-0.13000000
AGC-104012,12.51458333,21.82666667
AGC-100598,12.71541667,28.70083333
AGC-102809,12.74000000,31.74777778
AGC-101832,12.74041667,7.67000000
AGC-000526,12.93125000,3.17000000
AGC-103393,12.97166667,23.48222222
AGC-000535,13.12833333,26.13444444
AGC-102508,13.31708333,1.82416667
AGC-103844,13.51625000,7.47555556
AGC-102511,13.56375000,1.07527778
AGC-103673,13.57000000,9.40416667
AGC-100629,13.81416667,12.31861111
AGC-104603,14.03041667,32.19444444
AGC-000581,14.11750000,11.85833333
AGC-102823,14.36416667,31.47527778
AGC-100685,14.42041667,32.53888889
AGC-103403,14.47666667,22.71805556
AGC-101173,14.48000000,0.87888889
AGC-000618,14.91916667,0.92166667
AGC-113890,15.15666667,31.60250000
AGC-101059,15.16291667,30.30388889
AGC-101686,15.27625000,29.93500000
AGC-114032,15.28375000,29.73222222
AGC-115714,15.58500000,20.55583333
AGC-114853,15.94958333,6.85944444
AGC-000678,16.55458333,3.57416667
AGC-115588,16.58916667,35.38472222
AGC-112632,16.85541667,14.33722222
AGC-000691,16.89625000,32.08583333
AGC-000692,16.90000000,32.93722222
AGC-000695,16.94875000,1.06805556
AGC-000698,16.98708333,2.54083333
AGC-000699,17.06500000,21.09777778
AGC-112643,17.14500000,15.82805556
AGC-116478,17.17625000,3.74583333
AGC-115638,17.21666667,32.39805556
AGC-112648,17.23875000,15.16472222
AGC-110072,17.32125000,33.47916667
AGC-000717,17.34875000,14.33250000
AGC-110081,17.42291667,23.29416667
AGC-000724,17.49875000,32.36972222
AGC-110756,17.56583333,29.19888889
AGC-111312,17.65125000,30.44583333
AGC-111423,17.67791667,33.03527778
AGC-000742,17.82208333,31.73750000
AGC-114873,17.87250000,6.83472222
AGC-113321,17.95666667,15.54527778
AGC-114513,18.44916667,23.40250000
AGC-110144,18.61541667,34.06027778
AGC-110160,18.74416667,1.79972222
AGC-000796,18.78125000,33.38333333
AGC-114748,18.80541667,8.53083333
AGC-114589,18.83458333,2.15416667
AGC-000819,18.99916667,6.64694444
AGC-114750,19.16083333,7.92472222
AGC-114026,19.17458333,6.58277778
AGC-110184,19.28625000,2.64972222
AGC-113533,19.66708333,2.55416667
AGC-112863,19.68333333,15.20027778
AGC-116449,19.69666667,4.74000000
AGC-115728,19.75416667,19.87805556
AGC-110816,19.81125000,34.85833333
AGC-000854,19.88291667,3.91916667
AGC-000859,19.97541667,16.53944444
AGC-729603,20.00583333,14.78916667
AGC-000872,20.16291667,29.69722222
AGC-000887,20.28875000,5.14000000
AGC-115285,20.49000000,4.06500000
AGC-115729,20.58666667,20.33888889
AGC-000917,20.68500000,19.03833333
AGC-115277,20.73041667,3.85361111
AGC-000937,20.90083333,32.63694444
AGC-000948,21.01500000,27.04944444
AGC-110302,21.03750000,32.76472222
AGC-115990,21.16000000,18.62972222
AGC-111832,21.17083333,0.83888889
AGC-113921,21.21166667,31.31555556
AGC-111931,21.26666667,14.40000000
AGC-112961,21.27375000,14.61333333
AGC-001013,21.57750000,34.69805556
AGC-112971,21.60500000,15.59305556
AGC-001014,21.60125000,6.28111111
AGC-110337,21.79666667,10.61555556
AGC-112977,21.82791667,14.20222222
AGC-110346,22.09875000,16.47027778
AGC-110349,22.16791667,14.77138889
AGC-001057,22.22291667,13.79638889
AGC-110357,22.23458333,31.31138889
AGC-112993,22.23875000,14.70472222
AGC-114762,22.33750000,10.04861111
AGC-110379,22.56625000,14.67916667
AGC-114598,22.63208333,0.91805556
AGC-001082,22.72333333,17.18861111
AGC-115595,22.91875000,34.15000000
AGC-113930,22.97583333,32.14527778
AGC-114502,23.07416667,21.98305556
AGC-116173,23.11333333,12.59666667
AGC-001102,23.12375000,4.60055556
AGC-114046,23.14666667,28.96055556
AGC-114049,23.68708333,29.71638889
AGC-001130,23.74583333,1.33638889
AGC-001137,23.80166667,5.50305556
AGC-001131,23.81708333,34.47638889
AGC-115749,23.84416667,21.12500000
AGC-115282,23.85083333,3.37416667
AGC-114348,24.07000000,23.22472222
AGC-112455,24.10250000,14.53083333
AGC-001158,24.41208333,32.65222222
AGC-112520,24.43333333,27.18055556
AGC-110463,24.87916667,33.82500000
AGC-116458,24.95875000,4.46944444
AGC-115615,25.42458333,35.77888889
AGC-001201,25.76166667,13.64000000
AGC-111326,25.88291667,30.50888889
AGC-111169,25.98041667,8.61833333
AGC-115284,26.01041667,4.47944444
AGC-113826,26.02000000,24.86611111
AGC-111640,26.42500000,9.99500000
AGC-111874,26.62291667,6.06694444
AGC-111875,26.65583333,4.22333333
AGC-116194,26.72708333,12.64722222
AGC-001248,26.81625000,35.56472222
AGC-113111,26.97583333,12.69722222
AGC-110542,27.29166667,5.64666667
AGC-110757,27.52500000,16.93055556
AGC-110561,27.66833333,12.15861111
AGC-112523,27.70708333,27.29111111
AGC-001309,27.72541667,18.31111111
AGC-114783,28.04291667,9.18055556
AGC-001359,28.42916667,29.94083333
AGC-110859,28.48875000,13.46722222
AGC-001364,28.51541667,14.91194444
AGC-111656,28.55041667,35.53694444
AGC-113958,28.57083333,30.86083333
AGC-112525,28.66625000,27.81972222
AGC-110622,28.69458333,10.56055556
AGC-113834,28.70750000,25.25722222
AGC-116030,28.71916667,19.94722222
AGC-115625,28.85791667,35.18583333
AGC-110666,29.15458333,10.17166667
AGC-113215,29.32291667,13.13138889
AGC-114540,29.32583333,21.89638889
AGC-114066,29.45125000,28.98222222
AGC-113968,29.75041667,32.00500000
AGC-115630,29.99916667,35.87611111
AGC-123343,30.05708333,4.13555556
AGC-001485,30.10333333,21.11527778
AGC-122955,30.12333333,31.15222222
AGC-122237,30.13625000,13.73333333
AGC-125419,30.16000000,16.75333333
AGC-112474,30.18041667,28.18277778
AGC-125040,30.23250000,21.44416667
AGC-122957,30.28416667,31.18055556
AGC-001523,30.58250000,19.65888889
AGC-001551,30.90833333,24.07333333
AGC-120005,30.91750000,26.27722222
AGC-122792,30.99750000,26.79694444
AGC-124238,31.14791667,7.28861111
AGC-122285,31.19041667,14.02611111
AGC-125701,31.19416667,1.89638889
AGC-121690,31.19833333,0.82972222
AGC-001576,31.31208333,30.01111111
AGC-125602,31.40625000,11.27111111
AGC-001587,31.40583333,6.78111111
AGC-123844,31.44791667,22.60972222
AGC-125315,31.71916667,19.21888889
AGC-125052,31.76416667,21.28194444
AGC-125703,32.05541667,2.50444444
AGC-123123,32.18750000,29.69888889
AGC-748837,32.25208333,15.73722222
AGC-120060,32.35250000,30.73888889
AGC-001653,32.43833333,7.31750000
AGC-001664,32.56583333,7.84777778
AGC-125706,32.61583333,3.31583333
AGC-120082,32.76208333,17.19944444
AGC-123126,32.77500000,29.36555556
AGC-124245,32.82083333,6.79694444
AGC-122866,32.88083333,24.21416667
AGC-001682,32.89458333,31.51111111
AGC-125427,33.07541667,16.94166667
AGC-122188,33.29458333,27.78944444
AGC-001705,33.29500000,9.50694444
AGC-122973,33.38375000,31.30083333
AGC-001706,33.39083333,25.85527778
AGC-122152,33.72166667,16.88750000
AGC-001750,34.09125000,32.00166667
AGC-124250,34.08833333,7.08027778
AGC-124254,34.43500000,7.28416667
AGC-123133,34.55916667,29.93305556
AGC-122855,34.69833333,14.84750000
AGC-123860,35.01583333,22.89805556
AGC-125349,35.18333333,18.66527778
AGC-123346,35.22041667,22.78750000
AGC-123139,35.26083333,29.40222222
AGC-123140,35.31083333,29.64250000
AGC-123946,35.34208333,0.47666667
AGC-001821,35.41125000,6.76361111
AGC-124127,35.60166667,9.25972222
AGC-120202,35.89000000,25.46527778
AGC-122528,35.90166667,0.22972222
AGC-122415,36.16333333,15.58500000
AGC-001860,36.16875000,25.56555556
AGC-120216,36.17708333,25.53361111
AGC-001870,36.25375000,19.70194444
AGC-125615,36.31416667,10.72833333
AGC-125569,36.37458333,13.63194444
AGC-123006,36.44125000,32.05083333
AGC-125462,36.51208333,17.05833333
AGC-123008,36.59500000,30.82333333
AGC-001895,36.59375000,28.50722222
AGC-001903,36.65208333,29.83777778
AGC-123010,36.65291667,30.75555556
AGC-001910,36.73708333,35.18222222
AGC-124268,36.74958333,6.82000000
AGC-124632,36.75708333,16.23277778
AGC-120272,37.06916667,30.69972222
AGC-125367,37.13625000,19.24722222
AGC-001955,37.22666667,25.33944444
AGC-125372,37.40583333,19.13277778
AGC-120294,37.64583333,30.87361111
AGC-748863,37.73000000,13.98194444
AGC-001995,37.85916667,1.35305556
AGC-002000,37.94333333,5.59833333
AGC-120320,37.98958333,2.73777778
AGC-124077,38.16125000,21.20750000
AGC-124528,38.25083333,17.93250000
AGC-123886,38.29458333,21.87250000
AGC-123164,38.34125000,29.66166667
AGC-124424,38.89166667,7.22694444
AGC-122888,38.95458333,24.76416667
AGC-124834,38.97208333,35.59638889
AGC-002079,39.04458333,23.90000000
AGC-002077,39.04583333,34.60138889
AGC-125117,39.12333333,21.24611111
AGC-002092,39.13333333,7.31000000
AGC-125464,39.22125000,17.74166667
AGC-122623,39.34583333,2.38666667
AGC-124280,39.35375000,7.43333333
AGC-125729,39.39916667,2.39083333
AGC-002122,39.61333333,29.76222222
AGC-002131,39.66291667,33.44638889
AGC-002134,39.71541667,27.84611111
AGC-002133,39.72750000,34.62916667
AGC-122889,39.93208333,24.98111111
AGC-124288,39.95333333,6.83166667
AGC-123920,39.95750000,3.13527778
AGC-002155,40.02125000,14.37750000
AGC-125468,40.23083333,17.90000000
AGC-123046,40.29625000,31.49194444
AGC-122891,40.48166667,24.76694444
AGC-120454,40.77333333,8.12916667
AGC-002199,40.84666667,1.75888889
AGC-002197,40.86000000,31.46694444
AGC-123250,40.92000000,23.08916667
AGC-002201,40.92666667,32.49944444
AGC-120464,40.93666667,7.69361111
AGC-123048,40.95541667,31.33444444
AGC-124068,41.15250000,16.49527778
AGC-124295,41.31833333,7.58972222
AGC-002228,41.35083333,2.87722222
AGC-124296,41.64875000,7.03555556
AGC-125478,41.71458333,16.71666667
AGC-122857,41.76083333,14.84916667
AGC-125391,41.83416667,19.05138889
AGC-748883,41.89958333,14.80416667
AGC-748884,41.95041667,15.57861111
AGC-123908,41.97291667,21.84166667
AGC-002275,41.99166667,3.88722222
AGC-002289,42.25000000,15.73777778
AGC-124075,42.30666667,19.98833333
AGC-124909,42.31000000,5.63666667
AGC-748889,42.37000000,14.54472222
AGC-120539,42.45708333,14.39361111
AGC-122454,42.70666667,0.01361111
AGC-124614,42.79791667,35.99000000
AGC-124865,42.90958333,35.01861111
AGC-124866,42.95250000,34.15833333
AGC-121004,42.95625000,7.71555556
AGC-124316,43.32166667,7.34250000
AGC-002375,43.51208333,6.26694444
AGC-125744,43.54208333,2.70916667
AGC-002376,43.58958333,31.29166667
AGC-121101,43.62250000,2.37000000
AGC-124174,43.76000000,10.01694444
AGC-120604,43.89416667,2.38250000
AGC-120614,44.13458333,16.00166667
AGC-120629,44.16416667,9.41527778
AGC-125752,44.42250000,2.82694444
AGC-121080,44.44166667,15.65277778
AGC-120760,44.69291667,36.09416667
AGC-002448,44.77625000,33.91305556
AGC-120830,44.90916667,6.09194444
AGC-123915,45.23708333,22.64500000
AGC-125307,45.87958333,20.99166667
AGC-132109,46.07750000,1.68416667
AGC-132129,46.09625000,7.91361111
AGC-132270,46.78875000,20.64833333
AGC-131388,47.06666667,31.48166667
AGC-130050,47.54125000,4.84194444
AGC-170750,112.15916667,17.14750000
AGC-174580,112.72041667,9.07833333
AGC-171478,114.06750000,12.87861111
AGC-174825,114.30125000,17.32916667
AGC-171611,114.38833333,27.27611111
AGC-174586,114.54125000,9.99055556
AGC-171639,114.83291667,27.35833333
AGC-174498,115.24916667,12.97250000
AGC-003974,115.47791667,16.80194444
AGC-170218,115.61166667,11.25166667
AGC-003986,115.89250000,31.53583333
AGC-171720,116.24583333,29.55805556
AGC-170226,116.37208333,7.93138889
AGC-172372,116.57833333,17.73222222
AGC-172407,116.74541667,18.10500000
AGC-171801,116.83541667,31.04055556
AGC-174502,116.83916667,15.82083333
AGC-171838,117.29916667,24.97583333
AGC-004038,117.39791667,26.90972222
AGC-172601,117.52416667,16.36638889
AGC-172654,117.94291667,17.20444444
AGC-174678,117.97750000,5.47027778
AGC-170377,118.17500000,24.12805556
AGC-174615,118.29041667,8.38972222
AGC-174516,118.30291667,12.62805556
AGC-171493,118.41625000,5.27166667
AGC-174518,118.42458333,15.16888889
AGC-170951,118.59458333,25.86527778
AGC-172061,118.61208333,28.12722222
AGC-172737,118.61541667,16.16222222
AGC-172073,118.69041667,24.74277778
AGC-172091,118.85250000,26.99777778
AGC-004099,118.95166667,24.71083333
AGC-172101,118.95625000,31.32944444
AGC-172143,119.20541667,28.26555556
AGC-004112,119.20458333,7.47472222
AGC-172803,119.29708333,17.80805556
AGC-170593,119.71000000,7.49138889
AGC-172251,119.86791667,27.94861111
AGC-004156,120.08083333,26.69333333
AGC-749261,120.08916667,26.60444444
AGC-182643,120.17583333,28.31388889
AGC-188845,120.30041667,11.62361111
AGC-184640,120.33791667,16.35861111
AGC-170319,120.53875000,9.27277778
AGC-721237,120.58083333,28.79861111
AGC-004180,120.65166667,27.43638889
AGC-182756,120.75375000,27.73666667
AGC-181471,120.85375000,15.15055556
AGC-004197,120.86125000,10.04666667
AGC-182799,120.99333333,25.33777778
AGC-182843,121.19000000,29.33277778
AGC-180033,121.22333333,10.83444444
AGC-188943,121.34208333,5.95638889
AGC-182863,121.36458333,24.79416667
AGC-184789,121.89208333,17.16555556
AGC-004244,122.10666667,11.18527778
AGC-189129,122.19625000,3.00833333
AGC-184826,122.32333333,17.76083333
AGC-189069,122.36958333,2.04444444
AGC-182974,122.49541667,28.99666667
AGC-183012,122.74666667,27.07722222
AGC-180094,122.82958333,29.51861111
AGC-004266,122.85708333,3.64222222
AGC-183031,122.97416667,26.21444444
AGC-180612,123.53333333,23.84944444
AGC-188867,123.84125000,11.71805556
AGC-183138,123.94125000,25.96416667
AGC-183154,124.05125000,25.74416667
AGC-183153,124.05791667,25.07611111
AGC-181493,124.28416667,24.56638889
AGC-182494,124.55333333,4.76833333
AGC-183212,124.62125000,31.21500000
AGC-721261,124.65208333,27.17472222
AGC-183216,124.68000000,26.54333333
AGC-183220,124.75833333,27.10833333
AGC-183236,124.91833333,28.77638889
AGC-188759,125.08625000,14.47500000
AGC-180992,125.44041667,4.55111111
AGC-004374,125.71833333,3.57111111
AGC-181007,125.89375000,3.22277778
AGC-181464,125.90750000,25.01944444
AGC-189024,126.13166667,2.67500000
AGC-188958,126.51041667,4.49083333
AGC-181762,126.93875000,7.65500000
AGC-004439,127.33250000,2.64916667
AGC-180317,127.39000000,1.20666667
AGC-188772,127.40083333,14.07055556
AGC-183563,127.75291667,31.36861111
AGC-181663,128.04958333,8.39027778
AGC-183607,128.07916667,26.75694444
AGC-004469,128.35166667,29.53388889
AGC-189323,128.41875000,31.30527778
AGC-180674,128.80916667,28.62972222
AGC-189085,129.01041667,0.43944444
AGC-182046,129.43208333,4.32666667
AGC-182159,129.50166667,3.77722222
AGC-181097,129.51458333,3.83722222
AGC-183910,129.66750000,24.88527778
AGC-183955,129.90375000,25.48833333
AGC-721316,130.01083333,24.06500000
AGC-749282,130.10500000,27.21222222
AGC-180656,130.16250000,27.24666667
AGC-184099,130.68833333,28.51416667
AGC-180447,130.68958333,14.26527778
AGC-004550,130.81500000,13.08833333
AGC-182062,130.86250000,4.43638889
AGC-181550,131.09125000,29.10277778
AGC-004568,131.18583333,10.47166667
AGC-181146,131.68541667,17.75444444
AGC-188780,132.02041667,13.08138889
AGC-182078,132.52208333,4.60027778
AGC-004625,132.57541667,3.49583333
AGC-184406,132.71125000,29.27722222
AGC-182353,132.72583333,1.25583333
AGC-749393,133.07125000,25.20305556
AGC-184429,133.07208333,25.14388889
AGC-717033,133.28791667,16.63305556
AGC-184458,133.43333333,26.99972222
AGC-738917,133.43541667,18.15527778
AGC-004657,133.50000000,18.68416667
AGC-181192,133.53791667,0.50194444
AGC-182295,133.56375000,2.23305556
AGC-182087,133.69500000,4.30972222
AGC-749285,133.75000000,25.94888889
AGC-004670,133.98916667,13.23388889
AGC-180558,134.22208333,10.37638889
AGC-004698,134.63375000,28.26444444
AGC-188790,134.64125000,13.92861111
AGC-182480,134.79791667,11.02861111
AGC-181216,135.05958333,17.41250000
AGC-194122,135.20291667,30.00694444
AGC-193377,135.20916667,1.16333333
AGC-192980,135.51708333,3.83388889
AGC-192457,135.58958333,8.49666667
AGC-749395,135.92875000,25.60472222
AGC-191912,135.95625000,10.54111111
AGC-193845,135.96083333,13.86250000
AGC-194242,136.13750000,28.35555556
AGC-194249,136.24291667,26.11416667
AGC-198347,136.40000000,9.26666667
AGC-194009,136.49208333,25.47333333
AGC-192464,136.68541667,8.35250000
AGC-192555,136.87416667,7.78472222
AGC-194331,137.00333333,27.40944444
AGC-194356,137.23416667,27.50805556
AGC-194379,137.45708333,27.86333333
AGC-192564,137.73625000,7.86111111
AGC-004828,137.78791667,19.66250000
AGC-739003,138.16750000,16.29111111
AGC-194484,138.24833333,29.52527778
AGC-004850,138.27041667,33.42250000
AGC-717394,138.34833333,22.87083333
AGC-191363,138.67541667,26.69805556
AGC-194556,138.79500000,29.76694444
AGC-717449,138.92208333,20.87277778
AGC-191482,138.94916667,9.99055556
AGC-191674,139.21375000,28.06472222
AGC-717493,139.31541667,16.52500000
AGC-190184,139.52875000,9.77416667
AGC-194667,139.62750000,26.37527778
AGC-190187,139.63958333,32.26916667
AGC-194711,139.80041667,35.61222222
AGC-198565,139.93833333,29.42805556
AGC-004949,140.00875000,33.10250000
AGC-194761,140.02875000,27.28361111
AGC-193871,140.13583333,12.42944444
AGC-721389,140.17250000,25.10583333
AGC-193872,140.17416667,12.83611111
AGC-193647,140.19500000,0.61000000
AGC-196091,140.28458333,21.63250000
AGC-717600,140.40625000,21.16250000
AGC-749399,140.43750000,25.01000000
AGC-198815,140.68416667,33.53527778
AGC-004983,140.72250000,29.32916667
AGC-717635,140.78416667,19.89972222
AGC-191176,140.79708333,26.81638889
AGC-192334,140.79291667,9.58277778
AGC-749401,141.09083333,25.66305556
AGC-005004,141.14625000,34.65666667
AGC-717696,141.31125000,16.93527778
AGC-198453,141.32708333,7.05166667
AGC-193652,141.34125000,0.20972222
AGC-717710,141.42625000,23.36305556
AGC-194945,141.63000000,26.88722222
AGC-739028,141.66500000,16.74000000
AGC-191968,141.74125000,10.04972222
AGC-717757,141.89166667,21.52083333
AGC-739034,142.31625000,23.37444444
AGC-195063,142.47250000,30.23472222
AGC-195066,142.48666667,35.50361111
AGC-717802,142.49500000,21.38972222
AGC-005059,142.53458333,20.09416667
AGC-195096,142.71750000,27.53444444
AGC-005070,142.80750000,30.01916667
AGC-193459,142.97583333,1.71138889
AGC-005083,143.07541667,0.30388889
AGC-191990,143.11041667,10.10611111
AGC-195152,143.13333333,35.13555556
AGC-005084,143.24833333,27.50111111
AGC-195170,143.33000000,30.99944444
AGC-739038,143.39166667,21.96638889
AGC-191998,143.44041667,10.83833333
AGC-198664,143.46000000,19.72444444
AGC-195220,143.67583333,27.36055556
AGC-190369,143.72833333,11.67055556
AGC-721497,143.74708333,25.82916667
AGC-717891,143.76750000,23.93055556
AGC-195255,143.88583333,27.04388889
AGC-191256,144.01541667,16.76472222
AGC-721516,144.19750000,26.47916667
AGC-192145,144.22083333,11.71222222
AGC-717941,144.33541667,21.08222222
AGC-193084,144.48583333,3.46083333
AGC-005134,144.53041667,9.52638889
AGC-717966,144.61208333,20.15805556
AGC-005138,144.63625000,2.57138889
AGC-198512,144.67583333,23.88611111
AGC-005142,144.70375000,7.77555556
AGC-717983,144.83958333,23.57138889
AGC-193294,144.92958333,2.27472222
AGC-192612,144.95750000,7.06472222
AGC-191284,144.96666667,15.99138889
AGC-190816,145.05916667,31.67527778
AGC-190714,145.08833333,33.82666667
AGC-190427,145.08833333,12.56694444
AGC-005154,145.13791667,28.96722222
AGC-190433,145.17666667,13.33222222
AGC-721554,145.20166667,26.92027778
AGC-718012,145.25166667,21.13055556
AGC-005166,145.32041667,35.88472222
AGC-005189,145.73291667,9.48777778
AGC-005186,145.75333333,33.26305556
AGC-190464,146.03166667,34.69833333
AGC-721599,146.07250000,26.66416667
AGC-191848,146.09166667,9.98944444
AGC-192222,146.10208333,12.32472222
AGC-191308,146.14208333,24.50250000
AGC-193317,146.22833333,2.46916667
AGC-192620,146.25625000,7.73972222
AGC-192225,146.40625000,12.58472222
AGC-192392,146.70833333,9.02277778
AGC-198425,146.75291667,30.66222222
AGC-193332,146.75500000,2.07722222
AGC-727585,146.78416667,34.75138889
AGC-191334,146.80041667,0.70333333
AGC-190500,146.84500000,34.78500000
AGC-718121,147.00916667,21.62444444
AGC-190516,147.01666667,32.88333333
AGC-198596,147.03083333,16.24916667
AGC-191345,147.24375000,2.46527778
AGC-192237,147.34916667,12.75194444
AGC-731420,147.56833333,27.30305556
AGC-192182,147.79666667,11.82277778
AGC-192407,147.81750000,9.13972222
AGC-195741,147.85333333,35.75194444
AGC-192520,147.95833333,8.37000000
AGC-191368,148.03791667,4.25138889
AGC-193354,148.09708333,2.18277778
AGC-718168,148.19458333,18.93777778
AGC-191818,148.25166667,7.78138889
AGC-193985,148.35208333,7.85083333
AGC-718188,148.39750000,21.18805556
AGC-739108,148.51083333,20.78944444
AGC-191383,148.54750000,2.28916667
AGC-718211,148.70708333,23.78055556
AGC-191609,148.80708333,1.75722222
AGC-721755,148.82041667,24.92138889
AGC-005326,148.85458333,33.26083333
AGC-193126,148.89625000,3.42888889
AGC-739121,149.01458333,16.23750000
AGC-191614,149.06625000,0.75500000
AGC-005338,149.07708333,16.83250000
AGC-191398,149.22583333,1.53555556
AGC-198435,149.23166667,5.19972222
AGC-715610,149.23458333,3.37611111
AGC-718235,149.30166667,23.12611111
AGC-192441,149.48333333,9.85861111
AGC-191627,149.54000000,0.18500000
AGC-190634,149.65291667,13.25694444
AGC-005357,149.67041667,5.26666667
AGC-739143,149.68083333,20.13722222
AGC-193141,149.87708333,3.90666667
AGC-196020,149.99625000,33.41361111
AGC-208768,150.10416667,20.96833333
AGC-204623,150.15333333,1.24472222
AGC-005381,150.21041667,22.30944444
AGC-191642,150.29625000,0.58944444
AGC-204832,150.35583333,0.82694444
AGC-202470,150.41875000,11.85055556
AGC-203412,150.43375000,7.32000000
AGC-190677,150.55916667,33.85388889
AGC-721857,150.63333333,24.18638889
AGC-739174,150.65833333,21.32666667
AGC-005409,150.76125000,10.74972222
AGC-201118,151.24416667,22.11638889
AGC-718324,151.31791667,20.05805556
AGC-204469,151.34000000,2.55333333
AGC-204061,151.49250000,4.50666667
AGC-204476,151.62500000,2.47944444
AGC-718342,151.72458333,19.59944444
AGC-208689,151.75583333,18.67277778
AGC-203421,151.80375000,6.94777778
AGC-005464,152.03250000,29.54500000
AGC-718375,152.11500000,22.75500000
AGC-739204,152.19625000,16.22638889
AGC-200119,152.32750000,12.59750000
AGC-203867,152.42208333,5.88500000
AGC-202263,152.51500000,12.03777778
AGC-201303,152.65750000,5.15027778
AGC-201308,152.78875000,7.78555556
AGC-200148,152.88125000,28.97444444
AGC-739219,152.88500000,18.30472222
AGC-201913,153.10916667,1.24805556
AGC-739233,153.12333333,16.89333333
AGC-206197,153.19583333,35.90722222
AGC-718443,153.20625000,18.48055556
AGC-208388,153.29666667,4.29777778
AGC-206208,153.38291667,29.96611111
AGC-208533,153.40458333,3.64138889
AGC-005516,153.42250000,3.41222222
AGC-208443,153.51000000,3.13444444
AGC-208457,153.51625000,3.36472222
AGC-005525,153.56125000,3.46555556
AGC-203651,153.98500000,6.51388889
AGC-204290,154.00833333,3.93805556
AGC-201334,154.14583333,22.09333333
AGC-200232,154.35791667,29.36694444
AGC-005552,154.35791667,17.10222222
AGC-208741,154.44333333,22.33138889
AGC-200906,154.45958333,19.46388889
AGC-205135,154.51166667,14.27805556
AGC-203663,154.53666667,6.76166667
AGC-202762,154.56750000,12.12250000
AGC-204095,154.63750000,4.57138889
AGC-205138,154.68541667,15.70416667
AGC-201177,154.86083333,22.63694444
AGC-203670,155.15583333,6.55722222
AGC-722089,155.16958333,28.69055556
AGC-208312,155.16500000,8.15166667
AGC-718575,155.30708333,21.06750000
AGC-203475,155.34750000,7.14833333
AGC-202354,155.35291667,10.47694444
AGC-202997,155.46333333,13.37583333
AGC-200283,155.52291667,12.69750000
AGC-203001,155.52416667,13.77583333
AGC-206356,155.56041667,31.95222222
AGC-201379,155.63375000,4.57916667
AGC-201384,155.70125000,3.76166667
AGC-208713,155.81708333,19.53888889
AGC-202789,155.82083333,12.37250000
AGC-739350,155.83375000,16.66500000
AGC-202371,156.14666667,10.28944444
AGC-718735,156.31291667,22.61972222
AGC-200376,156.63875000,12.03916667
AGC-739452,156.75708333,18.09444444
AGC-718807,156.83375000,22.11638889
AGC-204926,156.84375000,0.42305556
AGC-205092,157.20083333,10.03000000
AGC-203208,157.47125000,9.88944444
AGC-208881,157.57583333,31.28722222
AGC-722249,157.75833333,27.80277778
AGC-718913,157.76791667,20.30305556
AGC-203515,157.79875000,7.02500000
AGC-203716,157.97125000,6.15722222
AGC-204940,157.99583333,0.27388889
AGC-202078,158.08916667,19.79666667
AGC-205647,158.69916667,35.64555556
AGC-201520,158.73208333,15.47416667
AGC-202565,158.83750000,11.80388889
AGC-005748,158.83958333,3.55027778
AGC-749410,158.85041667,25.19138889
AGC-202851,158.87041667,12.57500000
AGC-206563,158.89916667,31.94388889
AGC-202086,158.94041667,20.71944444
AGC-202855,159.03458333,12.07777778
AGC-202856,159.09916667,12.97833333
AGC-739581,159.27916667,16.50472222
AGC-005774,159.29208333,12.65583333
AGC-722370,159.30791667,24.74138889
AGC-201542,159.35333333,18.08277778
AGC-205224,159.38583333,12.46916667
AGC-739589,159.40375000,22.71861111
AGC-202228,159.54333333,9.32472222
AGC-206607,159.55250000,33.88805556
AGC-202417,159.79041667,10.59444444
AGC-204570,159.84125000,2.43888889
AGC-204572,159.88333333,2.18638889
AGC-731470,159.97291667,27.38166667
AGC-208310,160.06500000,7.61277778
AGC-203353,160.09666667,8.67777778
AGC-203965,160.10416667,5.84166667
AGC-005807,160.11583333,9.19638889
AGC-722445,160.16458333,24.68750000
AGC-200525,160.29000000,10.56972222
AGC-202168,160.51541667,10.10722222
AGC-205336,160.67916667,10.16250000
AGC-200543,160.76333333,13.50666667
AGC-206708,160.87458333,29.17361111
AGC-722499,160.88041667,25.25500000
AGC-739787,160.89333333,18.44611111
AGC-739805,160.96791667,21.47166667
AGC-005850,160.99000000,11.70416667
AGC-201586,161.00500000,4.66750000
AGC-200553,161.09291667,30.73388889
AGC-739838,161.15625000,21.37194444
AGC-200566,161.46458333,9.73638889
AGC-005870,161.49875000,34.96416667
AGC-201970,161.72458333,12.73916667
AGC-722540,161.77833333,24.61277778
AGC-206798,161.81791667,30.11916667
AGC-200896,161.91666667,13.33916667
AGC-005897,161.92333333,11.08055556
AGC-202896,161.96583333,12.68361111
AGC-208385,162.04416667,26.16305556
AGC-205304,162.11833333,12.42888889
AGC-740025,162.15250000,19.02472222
AGC-205526,162.28041667,4.94583333
AGC-208351,162.53083333,8.86166667
AGC-200625,162.58666667,8.75000000
AGC-722590,162.64791667,26.39861111
AGC-740139,162.65541667,22.29555556
AGC-005951,162.76583333,36.17944444
AGC-202660,162.75916667,11.62972222
AGC-005957,162.79333333,20.16861111
AGC-740181,162.86291667,18.85722222
AGC-204598,162.90416667,2.09416667
AGC-005988,163.11125000,10.54777778
AGC-203583,163.15958333,7.02916667
AGC-005990,163.16500000,34.47277778
AGC-204604,163.17125000,2.39027778
AGC-749326,163.27625000,27.72361111
AGC-205206,163.29125000,14.09444444
AGC-006006,163.35500000,16.77111111
AGC-731522,163.42416667,24.16388889
AGC-006014,163.42458333,9.72916667
AGC-740261,163.46791667,21.76583333
AGC-722647,163.54291667,27.73250000
AGC-204613,163.68791667,2.95388889
AGC-200670,163.72625000,10.04777778
AGC-204443,163.85166667,3.28111111
AGC-202035,164.06166667,12.01083333
AGC-205216,164.08250000,14.87166667
AGC-740341,164.16375000,20.24666667
AGC-740342,164.16625000,17.37277778
AGC-206965,164.21833333,29.06333333
AGC-719211,164.32625000,17.26388889
AGC-208367,164.39500000,9.17527778
AGC-727761,164.41166667,33.14833333
AGC-202111,164.45416667,24.17250000
AGC-205861,164.74875000,1.28583333
AGC-722728,164.92750000,26.59333333
AGC-006072,164.93250000,10.07500000
AGC-719241,164.94166667,23.74638889
AGC-205867,164.94833333,0.72972222
AGC-006077,165.00875000,14.83333333
AGC-200995,165.12458333,6.40277778
AGC-740440,165.23125000,18.14694444
AGC-214398,165.32166667,3.16444444
AGC-006097,165.34916667,29.78611111
AGC-213583,165.39708333,9.38944444
AGC-213742,165.48208333,7.94222222
AGC-216291,165.63541667,30.46944444
AGC-006112,165.64666667,16.73777778
AGC-722790,165.74708333,31.38388889
AGC-006126,165.93666667,28.88805556
AGC-213586,165.97125000,9.13944444
AGC-722812,165.98041667,24.88083333
AGC-214646,166.07875000,2.31277778
AGC-214187,166.09416667,4.58305556
AGC-215259,166.13666667,16.11277778
AGC-212003,166.13416667,3.72250000
AGC-731548,166.69958333,27.27722222
AGC-749189,166.73416667,26.90944444
AGC-006169,166.76541667,12.06138889
AGC-006171,166.79250000,18.56972222
AGC-214429,166.79291667,2.99944444
AGC-212990,166.79500000,10.26638889
AGC-213401,166.80000000,12.27916667
AGC-006172,166.82833333,22.94694444
AGC-749427,166.89375000,23.90694444
AGC-006181,166.94625000,19.55083333
AGC-219619,166.96166667,18.51555556
AGC-216400,167.09208333,31.18611111
AGC-216407,167.11625000,33.65333333
AGC-213671,167.17333333,8.63944444
AGC-006204,167.46416667,24.26750000
AGC-211459,167.48208333,22.45472222
AGC-215013,167.49916667,0.18805556
AGC-216461,167.56000000,29.43722222
AGC-210105,167.56875000,29.04666667
AGC-719333,167.58416667,23.41666667
AGC-216466,167.60541667,35.53277778
AGC-211247,167.76625000,4.87444444
AGC-216492,167.80458333,28.76222222
AGC-213786,167.81958333,7.32138889
AGC-723083,167.90166667,26.21333333
AGC-214238,167.94541667,4.21416667
AGC-723109,168.00125000,27.51472222
AGC-723116,168.00916667,29.82444444
AGC-731572,168.14875000,24.21638889
AGC-006248,168.21750000,10.19972222
AGC-215280,168.31958333,15.41055556
AGC-219273,168.32000000,6.49027778
AGC-213611,168.47541667,9.64583333
AGC-006267,168.61625000,17.26111111
AGC-740668,168.85416667,18.41388889
AGC-006287,169.02875000,23.91138889
AGC-214273,169.06000000,4.25222222
AGC-731607,169.25291667,24.75805556
AGC-006302,169.34416667,27.66944444
AGC-006306,169.36833333,4.60444444
AGC-214491,169.55041667,3.80361111
AGC-214496,169.66416667,3.69722222
AGC-217466,169.69375000,21.44333333
AGC-723407,169.70291667,25.69138889
AGC-202257,169.81041667,11.95305556
AGC-006338,170.00291667,36.10333333
AGC-219430,170.06833333,0.69972222
AGC-214297,170.08625000,4.24333333
AGC-723456,170.15833333,26.33694444
AGC-740772,170.20416667,22.63055556
AGC-006356,170.20375000,32.30055556
AGC-212174,170.22958333,-0.08694444
AGC-216722,170.25875000,31.61277778
AGC-740784,170.36250000,22.12305556
AGC-212960,170.57208333,20.86305556
AGC-727990,170.57875000,32.65944444
AGC-212203,170.64541667,7.51638889
AGC-216761,170.79166667,35.68555556
AGC-213083,170.86750000,9.08750000
AGC-211192,170.99708333,26.56000000
AGC-006420,171.11125000,11.34305556
AGC-219119,171.51208333,8.07305556
AGC-723571,171.56375000,28.36111111
AGC-723579,171.66833333,26.36305556
AGC-740941,171.87208333,20.78527778
AGC-731714,171.87708333,25.49472222
AGC-211292,171.90208333,0.40000000
AGC-723600,171.94500000,26.97638889
AGC-006477,172.15458333,9.09972222
AGC-006478,172.17083333,19.73055556
AGC-741008,172.31000000,21.92083333
AGC-741010,172.33541667,19.98027778
AGC-006491,172.35166667,34.87861111
AGC-213090,172.36916667,10.62361111
AGC-731732,172.50500000,25.02138889
AGC-211299,172.55541667,1.82944444
AGC-723673,172.67375000,26.70250000
AGC-216887,172.79166667,29.43527778
AGC-641196,172.86083333,-0.08833333
AGC-741058,172.88958333,20.02333333
AGC-741059,172.89541667,20.51750000
AGC-214587,172.91416667,3.31777778
AGC-723700,172.91958333,26.88027778
AGC-723704,172.98583333,27.28194444
AGC-211306,173.08458333,5.18083333
AGC-731758,173.32666667,24.15027778
AGC-723730,173.33291667,26.55166667
AGC-211092,173.35833333,9.98694444
AGC-741128,173.47541667,22.54027778
AGC-217510,173.66500000,22.63972222
AGC-215313,173.84791667,12.96416667
AGC-219678,174.06416667,21.48055556
AGC-723779,174.07458333,28.33222222
AGC-723786,174.16250000,26.06944444
AGC-213841,174.21083333,7.67055556
AGC-212291,174.27791667,8.09250000
AGC-006587,174.28125000,2.83611111
AGC-723799,174.36083333,30.70888889
AGC-217012,174.51666667,33.71861111
AGC-213171,174.57000000,0.61055556
AGC-212766,174.60458333,17.08777778
AGC-215318,174.80250000,15.04083333
AGC-215319,174.87541667,15.40027778
AGC-215320,174.88958333,13.95222222
AGC-210575,174.94041667,22.68305556
AGC-219152,174.94083333,19.89805556
AGC-006626,174.96708333,8.87055556
AGC-211145,175.02666667,17.69000000
AGC-006633,175.07833333,9.00916667
AGC-211697,175.10875000,15.40305556
AGC-217543,175.16750000,19.90333333
AGC-219821,175.23333333,31.27861111
AGC-213158,175.23833333,13.13750000
AGC-719458,175.32083333,20.83222222
AGC-214348,175.39000000,4.90305556
AGC-213461,175.40583333,12.80000000
AGC-210611,175.41791667,17.07805556
AGC-747793,175.55541667,36.10305556
AGC-723912,175.56250000,25.69444444
AGC-006664,175.57916667,30.23194444
AGC-219535,175.59750000,16.35111111
AGC-006674,175.66083333,24.82166667
AGC-719473,175.75541667,22.45027778
AGC-006678,175.76500000,26.26583333
AGC-210650,175.86416667,36.12166667
AGC-213111,175.85875000,8.69861111
AGC-006692,175.86666667,10.16444444
AGC-006693,175.88208333,22.72638889
AGC-749212,175.95208333,26.46472222
AGC-215148,176.18125000,12.28916667
AGC-219685,176.19208333,20.94055556
AGC-210722,176.19375000,17.86138889
AGC-741343,176.21333333,20.69972222
AGC-210735,176.24916667,7.49805556
AGC-728091,176.53583333,33.20361111
AGC-217238,176.77916667,31.63694444
AGC-731801,176.78625000,27.42611111
AGC-215198,177.00458333,14.85722222
AGC-219172,177.11583333,19.77166667
AGC-210804,177.12750000,12.73361111
AGC-217613,177.18000000,21.01361111
AGC-215623,177.17416667,8.04638889
AGC-219245,177.19500000,7.25416667
AGC-724065,177.24875000,24.32000000
AGC-741434,177.25708333,21.44888889
AGC-215154,177.25500000,13.61888889
AGC-741471,177.56583333,20.94333333
AGC-213488,177.57875000,12.72583333
AGC-210829,177.71166667,21.17666667
AGC-741485,177.73583333,23.31166667
AGC-724122,177.84583333,25.52250000
AGC-215211,177.86458333,15.04250000
AGC-219728,178.06916667,33.52583333
AGC-213137,178.13875000,15.69583333
AGC-006853,178.19833333,29.33472222
AGC-719618,178.22958333,23.11194444
AGC-006863,178.34000000,20.75555556
AGC-724167,178.38250000,28.36111111
AGC-724187,178.57583333,24.97388889
AGC-219433,178.73083333,0.18722222
AGC-741587,178.81583333,21.21916667
AGC-217389,178.87958333,32.02583333
AGC-006900,178.92000000,31.51916667
AGC-731825,178.99000000,25.84388889
AGC-217655,179.06375000,20.73888889
AGC-006913,179.06166667,17.02611111
AGC-006915,179.10666667,32.05166667
AGC-212389,179.24250000,1.11666667
AGC-214986,179.34416667,1.78416667
AGC-749446,179.41291667,25.69694444
AGC-217422,179.41333333,32.76388889
AGC-217423,179.42333333,33.72305556
AGC-215218,179.57166667,15.91333333
AGC-215222,179.65750000,15.22750000
AGC-006968,179.68625000,28.28833333
AGC-213149,179.70083333,9.43944444
AGC-217438,179.71916667,28.97722222
AGC-214394,179.71250000,4.78722222
AGC-213730,179.78083333,8.12305556
AGC-731858,179.83000000,28.17944444
AGC-731871,180.01750000,24.89111111
AGC-210984,180.06833333,31.23027778
AGC-210989,180.14958333,31.94694444
AGC-007001,180.29250000,14.10833333
AGC-212821,180.38416667,28.92638889
AGC-212371,180.45625000,29.95777778
AGC-229510,180.48000000,23.02500000
AGC-226763,180.51166667,33.61250000
AGC-007027,180.72500000,18.75416667
AGC-225039,180.74541667,7.61666667
AGC-226787,180.79500000,33.31166667
AGC-226794,180.85541667,33.77333333
AGC-007035,180.91833333,2.64277778
AGC-007038,180.96166667,14.55305556
AGC-224677,180.99291667,12.69472222
AGC-226821,181.13666667,31.88361111
AGC-741844,181.15875000,17.76277778
AGC-007064,181.19458333,31.18694444
AGC-226835,181.24041667,32.92194444
AGC-007073,181.34500000,17.89361111
AGC-222652,181.37375000,0.03444444
AGC-229376,181.51333333,20.90472222
AGC-724458,181.69458333,27.59388889
AGC-226593,181.74291667,0.65833333
AGC-224686,181.79833333,12.55416667
AGC-731941,181.81333333,27.06472222
AGC-229346,181.84000000,19.61166667
AGC-222070,181.91291667,17.29888889
AGC-724496,181.95250000,27.25527778
AGC-220120,182.00000000,25.55305556
AGC-749229,182.01583333,26.35472222
AGC-227953,182.31458333,4.83888889
AGC-007138,182.37250000,26.22527778
AGC-227007,182.38125000,27.92250000
AGC-229394,182.43166667,30.64666667
AGC-007150,182.50500000,14.36750000
AGC-741991,182.50958333,17.61527778
AGC-227037,182.70125000,25.84000000
AGC-742017,182.75333333,17.94333333
AGC-220181,182.80833333,17.89027778
AGC-007192,182.95000000,12.14361111
AGC-221629,183.01041667,14.90250000
AGC-224345,183.19958333,10.01666667
AGC-226262,183.23250000,14.48055556
AGC-724582,183.24708333,31.88388889
AGC-222671,183.24666667,7.30083333
AGC-728183,183.27291667,32.62416667
AGC-220243,183.76916667,13.59611111
AGC-226047,183.80125000,14.29083333
AGC-225601,183.81041667,13.77305556
AGC-226634,183.93541667,34.93361111
AGC-221652,184.03458333,29.87555556
AGC-742152,184.07458333,23.83305556
AGC-732031,184.08333333,26.76944444
AGC-220271,184.09166667,10.80472222
AGC-223355,184.10916667,7.79416667
AGC-641351,184.20041667,-0.09194444
AGC-724642,184.27208333,27.20055556
AGC-226087,184.33708333,14.45888889
AGC-227134,184.34583333,33.88166667
AGC-226305,184.34500000,7.04500000
AGC-220313,184.53583333,6.13833333
AGC-223392,184.57541667,4.39833333
AGC-229530,184.66416667,30.25138889
AGC-224495,184.71375000,12.90194444
AGC-007355,184.77333333,13.98138889
AGC-227167,184.95291667,33.72611111
AGC-007385,185.03375000,7.69166667
AGC-223437,185.06541667,12.86305556
AGC-742251,185.21916667,19.00472222
AGC-732086,185.32250000,24.71083333
AGC-220435,185.36333333,15.02416667
AGC-007423,185.48500000,6.45194444
AGC-220456,185.66000000,12.17222222
AGC-724763,185.67333333,27.73944444
AGC-224135,185.73041667,3.56638889
AGC-007476,185.99958333,12.20083333
AGC-221521,186.28166667,4.47472222
AGC-220547,186.38541667,3.45277778
AGC-227962,186.41333333,5.33638889
AGC-007513,186.42916667,7.21666667
AGC-007515,186.43291667,0.57583333
AGC-227964,186.55583333,5.50722222
AGC-227965,186.57000000,5.43972222
AGC-229361,186.67083333,19.76138889
AGC-007563,186.79750000,15.89833333
AGC-220609,186.87666667,9.33444444
AGC-221639,186.94375000,1.60416667
AGC-007579,186.98375000,5.71888889
AGC-223254,187.02208333,22.28888889
AGC-229202,187.14333333,3.67000000
AGC-222157,187.16041667,19.47194444
AGC-007602,187.17250000,14.99666667
AGC-220664,187.36541667,31.43361111
AGC-749238,187.37625000,27.61694444
AGC-227288,187.38791667,35.77472222
AGC-222433,187.49458333,0.02111111
AGC-226153,187.51125000,8.23944444
AGC-220680,187.52791667,17.39444444
AGC-226386,187.57583333,6.97333333
AGC-224638,187.77916667,12.03083333
AGC-225647,187.82375000,1.00305556
AGC-732156,188.01541667,26.15472222
AGC-007684,188.07583333,18.23944444
AGC-220756,188.20833333,3.30111111
AGC-742451,188.30041667,23.15805556
AGC-732163,188.40458333,29.44972222
AGC-220793,188.56583333,3.73777778
AGC-007732,188.61541667,2.18750000
AGC-225652,188.72250000,1.88333333
AGC-227358,188.84291667,29.57111111
AGC-227361,188.90166667,31.75083333
AGC-224964,189.06333333,9.36000000
AGC-007777,189.13833333,11.24138889
AGC-229292,189.17416667,29.23194444
AGC-227402,189.43416667,27.91833333
AGC-227404,189.44875000,28.00861111
AGC-724981,189.46833333,28.27666667
AGC-007800,189.52250000,-0.02472222
AGC-225955,189.55791667,10.14861111
AGC-222533,189.60166667,10.63388889
AGC-007804,189.61583333,4.32111111
AGC-226094,189.77083333,13.72305556
AGC-220884,189.82541667,27.91000000
AGC-222188,189.82291667,1.44166667
AGC-220883,189.84375000,4.93972222
AGC-007822,189.84833333,7.96194444
AGC-222316,189.87000000,4.26611111
AGC-222317,189.95083333,3.80305556
AGC-226095,190.04250000,15.69972222
AGC-228002,190.21291667,7.46361111
AGC-732232,190.28416667,26.81444444
AGC-749242,190.30708333,28.02222222
AGC-226141,190.31333333,10.78944444
AGC-227467,190.51083333,33.35888889
AGC-747974,190.57208333,31.70388889
AGC-226471,190.61541667,12.14000000
AGC-220947,190.67791667,31.14194444
AGC-007885,190.71958333,20.99861111
AGC-007884,190.72000000,13.25333333
AGC-747976,190.74791667,32.32444444
AGC-225802,190.75083333,0.68777778
AGC-742566,190.78916667,19.92666667
AGC-749244,190.81458333,27.26055556
AGC-225179,190.80958333,5.22444444
AGC-225671,190.89291667,1.80416667
AGC-229062,190.93083333,29.93555556
AGC-227896,191.08625000,6.09055556
AGC-220987,191.20166667,8.10166667
AGC-220989,191.27416667,21.17194444
AGC-227935,191.41750000,10.59027778
AGC-221000,191.51250000,8.46388889
AGC-728308,191.55041667,35.11361111
AGC-747988,191.60791667,34.08444444
AGC-227858,191.68166667,21.82527778
AGC-221583,191.69041667,29.73083333
AGC-007944,191.70166667,9.84777778
AGC-007955,191.79875000,26.71000000
AGC-225300,191.89000000,4.56305556
AGC-221026,191.98916667,10.97083333
AGC-007970,192.09583333,8.48750000
AGC-227529,192.17166667,29.23666667
AGC-222638,192.19166667,26.75444444
AGC-221035,192.21000000,10.35611111
AGC-229339,192.22750000,15.98722222
AGC-224872,192.30125000,14.80277778
AGC-224891,192.36125000,15.92277778
AGC-007990,192.61500000,28.35277778
AGC-222230,192.89041667,8.04305556
AGC-229057,193.03833333,26.08805556
AGC-221078,193.09541667,13.10611111
AGC-223247,193.30541667,12.63083333
AGC-224229,193.41208333,4.07333333
AGC-008023,193.47541667,36.09055556
AGC-229204,193.56625000,2.76583333
AGC-226518,193.58541667,11.35166667
AGC-734958,193.61291667,9.90472222
AGC-225317,193.69708333,4.89611111
AGC-008054,193.95208333,4.30416667
AGC-008066,194.25041667,1.03305556
AGC-221174,194.38375000,26.50833333
AGC-221209,194.53666667,32.01861111
AGC-732410,194.56541667,27.12638889
AGC-225879,194.62208333,12.18472222
AGC-732413,194.63500000,24.38777778
AGC-008093,194.71166667,9.64972222
AGC-732418,194.78375000,26.38750000
AGC-728482,194.88416667,32.28972222
AGC-226111,194.89541667,15.04666667
AGC-228010,194.91083333,6.45000000
AGC-225851,194.92291667,11.07555556
AGC-713043,194.94458333,10.11138889
AGC-221361,195.02458333,28.25277778
AGC-239030,195.07500000,29.55750000
AGC-742676,195.10291667,17.49472222
AGC-221391,195.13583333,10.12888889
AGC-233578,195.19416667,11.87083333
AGC-233133,195.20125000,2.92055556
AGC-233928,195.69583333,29.73638889
AGC-725309,195.70125000,31.48583333
AGC-232453,195.74666667,12.93333333
AGC-713083,196.01583333,8.80944444
AGC-008170,196.06666667,9.22277778
AGC-232621,196.12541667,15.53333333
AGC-728592,196.16583333,35.25083333
AGC-008173,196.22333333,3.83277778
AGC-232074,196.36083333,25.18833333
AGC-735108,196.42125000,9.55916667
AGC-238826,196.50083333,25.85527778
AGC-232999,196.50958333,3.84805556
AGC-732525,196.63875000,24.96944444
AGC-230082,196.66166667,28.85055556
AGC-732529,196.73750000,24.77194444
AGC-232732,196.75625000,4.96833333
AGC-232078,196.86041667,4.77583333
AGC-232247,196.89000000,12.35222222
AGC-749462,197.00625000,25.17805556
AGC-239031,197.05000000,29.09305556
AGC-008220,197.13250000,24.70444444
AGC-732542,197.17041667,24.07222222
AGC-234325,197.21458333,28.79000000
AGC-239223,197.42250000,31.41916667
AGC-742787,197.49083333,16.45500000
AGC-732554,197.70208333,27.15444444
AGC-230152,197.98500000,12.36055556
AGC-008280,198.04750000,35.67666667
AGC-232857,198.16458333,4.83222222
AGC-238737,198.26875000,6.27750000
AGC-239104,198.33166667,31.40750000
AGC-239195,198.52875000,35.65694444
AGC-239034,198.65791667,29.30222222
AGC-233318,198.84958333,0.96527778
AGC-233794,198.86041667,11.58000000
AGC-231815,199.13458333,30.77388889
AGC-742867,199.13875000,21.12277778
AGC-238987,199.18083333,2.28388889
AGC-728841,199.42583333,32.65972222
AGC-725481,199.55500000,31.78638889
AGC-234417,199.56500000,28.75611111
AGC-728856,199.73250000,33.54166667
AGC-233795,199.78416667,9.40722222
AGC-735291,199.79333333,8.59777778
AGC-732598,199.83125000,24.98138889
AGC-735296,199.87833333,15.97500000
AGC-231342,199.90000000,3.03416667
AGC-733902,199.91500000,0.74027778
AGC-742912,200.03875000,20.34611111
AGC-238828,200.05833333,26.12694444
AGC-742914,200.09666667,19.98527778
AGC-008382,200.13458333,5.40944444
AGC-231926,200.23208333,32.18972222
AGC-713325,200.23333333,10.25888889
AGC-233178,200.26833333,2.28361111
AGC-232094,200.50875000,8.09805556
AGC-725560,200.70333333,27.54750000
AGC-231928,200.84000000,32.06805556
AGC-231356,200.91458333,6.39888889
AGC-232892,200.92500000,4.51722222
AGC-725575,200.97625000,31.02305556
AGC-232894,201.15166667,4.87944444
AGC-715830,201.18791667,6.70388889
AGC-234615,201.28500000,35.48388889
AGC-234618,201.31500000,29.42611111
AGC-742980,201.49583333,23.58333333
AGC-728925,201.56541667,34.93861111
AGC-232614,201.56708333,14.25027778
AGC-233190,201.68750000,2.24611111
AGC-233470,201.91625000,0.68944444
AGC-234697,201.99333333,30.22305556
AGC-230351,202.16541667,12.71500000
AGC-232898,202.26458333,4.83722222
AGC-233802,202.34375000,9.06166667
AGC-233635,202.39541667,14.94055556
AGC-732645,202.40916667,25.79388889
AGC-238695,202.40333333,4.47666667
AGC-230372,202.43583333,10.03555556
AGC-239060,202.45416667,16.74805556
AGC-713446,202.48250000,10.05111111
AGC-230378,202.51083333,12.17527778
AGC-233636,202.56041667,12.84583333
AGC-233066,202.69291667,3.64222222
AGC-232526,202.74458333,12.60027778
AGC-234810,202.88041667,33.54444444
AGC-732665,202.95875000,25.44472222
AGC-732667,202.98333333,24.10333333
AGC-233488,203.01000000,0.51944444
AGC-230403,203.06458333,10.41305556
AGC-743048,203.10291667,17.38527778
AGC-008544,203.49000000,17.72222222
AGC-230426,203.54250000,13.16388889
AGC-715865,203.64416667,4.90861111
AGC-230436,203.65500000,8.79083333
AGC-008552,203.66583333,4.12972222
AGC-008555,203.67958333,9.33388889
AGC-008561,203.74083333,34.04416667
AGC-234932,203.78250000,31.52388889
AGC-729063,203.90250000,33.44555556
AGC-231985,203.92250000,33.35138889
AGC-008582,204.00958333,6.58805556
AGC-239111,204.02250000,32.13583333
AGC-725632,204.04000000,30.05194444
AGC-234967,204.04500000,29.39361111
AGC-231737,204.09208333,22.77305556
AGC-234974,204.10416667,29.57444444
AGC-232025,204.18333333,8.55111111
AGC-239250,204.70000000,33.79638889
AGC-232925,204.71708333,4.12333333
AGC-239214,204.98166667,23.37527778
AGC-233228,204.98166667,2.12472222
AGC-232181,205.11250000,5.00638889
AGC-238614,205.17166667,7.88083333
AGC-239132,205.22291667,21.38722222
AGC-235071,205.33041667,29.53527778
AGC-232185,205.34291667,4.96472222
AGC-725705,205.45375000,30.57305556
AGC-725708,205.47333333,25.74888889
AGC-233815,205.47708333,9.12694444
AGC-743222,205.57708333,17.90000000
AGC-725724,205.65416667,30.20222222
AGC-239254,205.78916667,33.56138889
AGC-743277,206.04291667,22.19250000
AGC-231008,206.12791667,20.21555556
AGC-231009,206.18791667,15.51666667
AGC-743335,206.44416667,23.90833333
AGC-239090,206.67625000,19.35750000
AGC-743372,206.71583333,22.66527778
AGC-231483,206.71625000,3.75027778
AGC-743385,206.76583333,19.17222222
AGC-233681,206.81208333,13.18388889
AGC-235229,206.90958333,29.26222222
AGC-231075,206.94375000,22.12555556
AGC-743417,207.05416667,22.31166667
AGC-743448,207.32458333,20.12194444
AGC-725824,207.36541667,27.83305556
AGC-743472,207.50583333,22.10888889
AGC-713671,207.52625000,9.22361111
AGC-230750,207.75041667,13.77805556
AGC-231527,207.96708333,3.45277778
AGC-231533,208.06666667,17.28944444
AGC-235377,208.10333333,24.47750000
AGC-008796,208.28958333,4.96250000
AGC-725882,208.44208333,28.60888889
AGC-725892,208.56291667,26.65222222
AGC-238849,208.57541667,26.47694444
AGC-748288,208.69833333,32.98388889
AGC-748299,208.77875000,32.28777778
AGC-231016,208.90083333,26.69944444
AGC-743687,208.97583333,20.41694444
AGC-232305,209.15500000,10.79305556
AGC-231576,209.46041667,7.40388889
AGC-008887,209.52166667,20.40472222
AGC-232208,209.55666667,5.11222222
AGC-729310,209.66708333,34.52083333
AGC-239064,209.68541667,17.06305556
AGC-233549,209.75416667,0.24194444
AGC-008910,209.85791667,17.47277778
AGC-748374,209.91666667,32.68027778
AGC-743792,209.91666667,18.09833333
AGC-748382,210.01875000,31.65055556
AGC-743806,210.03875000,16.95111111
AGC-243899,210.04375000,12.50833333
AGC-243828,210.19708333,9.56166667
AGC-243901,210.21291667,14.69527778
AGC-231602,210.31750000,15.77472222
AGC-748402,210.32541667,32.18722222
AGC-008934,210.34041667,10.48166667
AGC-242673,210.43458333,3.65666667
AGC-230954,210.45000000,9.65722222
AGC-008940,210.50458333,8.94027778
AGC-243547,210.64000000,0.90944444
AGC-732862,210.72541667,29.92861111
AGC-243860,210.74916667,9.05222222
AGC-249646,210.80458333,23.22500000
AGC-008979,211.03166667,6.48527778
AGC-249659,211.19333333,30.22138889
AGC-242373,211.33541667,14.12583333
AGC-242352,211.43416667,13.44583333
AGC-241382,211.59291667,4.70972222
AGC-009027,211.76666667,10.64583333
AGC-243563,211.77375000,0.85416667
AGC-242105,211.80333333,26.97916667
AGC-009030,211.90791667,9.68250000
AGC-243954,212.02833333,7.03333333
AGC-009042,212.05791667,35.73666667
AGC-009054,212.44958333,9.86583333
AGC-245412,212.54625000,29.43527778
AGC-009064,212.59458333,16.33777778
AGC-249023,212.61333333,13.71805556
AGC-729337,212.71958333,32.31055556
AGC-732898,212.77000000,25.55638889
AGC-241564,212.78125000,26.82666667
AGC-249254,212.98250000,4.29250000
AGC-249445,213.14791667,2.90694444
AGC-744185,213.32708333,20.37777778
AGC-248997,213.36958333,17.77527778
AGC-241967,213.44541667,8.21638889
AGC-719686,213.59291667,23.63444444
AGC-248907,213.66875000,15.51500000
AGC-245468,213.77958333,36.12833333
AGC-240211,213.81541667,11.29027778
AGC-244026,213.90541667,11.94305556
AGC-248910,213.93500000,14.32388889
AGC-744244,213.95166667,17.12388889
AGC-241200,214.05750000,25.55111111
AGC-243599,214.15416667,0.89833333
AGC-243090,214.32041667,2.80194444
AGC-009141,214.32916667,26.85305556
AGC-249517,214.43000000,16.41638889
AGC-243881,214.46083333,6.83527778
AGC-243907,214.55500000,6.56666667
AGC-241202,214.61333333,25.50083333
AGC-009169,214.94125000,9.36444444
AGC-249461,215.08708333,3.82916667
AGC-241491,215.17125000,5.43805556
AGC-241085,215.20875000,25.95527778
AGC-241498,215.32000000,2.29888889
AGC-241504,215.39375000,31.58583333
AGC-241934,215.59583333,0.18555556
AGC-245641,215.86916667,24.23611111
AGC-009215,215.86541667,1.72444444
AGC-714067,215.86875000,11.04583333
AGC-749474,215.98541667,24.15305556
AGC-245666,216.07458333,32.67194444
AGC-241987,216.09250000,26.68944444
AGC-009233,216.14041667,35.29027778
AGC-245704,216.31125000,29.67138889
AGC-744532,216.37583333,19.18333333
AGC-749332,216.42958333,25.82916667
AGC-241530,216.63625000,2.75527778
AGC-243427,216.72791667,0.96388889
AGC-241534,216.75083333,26.86583333
AGC-744663,216.88375000,18.41666667
AGC-009268,216.91541667,32.13750000
AGC-242549,216.90791667,4.49000000
AGC-715993,216.96708333,7.76388889
AGC-744683,216.98458333,16.38111111
AGC-726585,217.01583333,24.77166667
AGC-240384,217.04250000,26.93472222
AGC-245780,217.05500000,24.54694444
AGC-245217,217.13041667,32.87000000
AGC-241086,217.14166667,25.70527778
AGC-726607,217.22708333,27.83972222
AGC-248947,217.29375000,14.62555556
AGC-241322,217.36458333,2.38722222
AGC-244419,217.41666667,10.88111111
AGC-244422,217.43750000,10.64722222
AGC-749338,217.46541667,26.80305556
AGC-726662,217.86791667,28.36388889
AGC-249449,217.91125000,2.40666667
AGC-732956,217.95250000,27.89111111
AGC-726690,218.21000000,26.32888889
AGC-244496,218.25750000,13.46388889
AGC-245905,218.34791667,29.07500000
AGC-744889,218.35791667,17.02416667
AGC-009372,218.40625000,35.96722222
AGC-248962,218.54041667,15.05611111
AGC-732974,218.60541667,28.29444444
AGC-240483,218.68166667,13.30416667
AGC-244562,218.78083333,13.14722222
AGC-244586,218.98083333,5.31055556
AGC-246363,219.14083333,22.68527778
AGC-242586,219.21000000,4.60444444
AGC-246003,219.30041667,24.10027778
AGC-745040,219.45333333,18.20277778
AGC-248971,219.59416667,13.76388889
AGC-240559,219.64750000,28.46111111
AGC-745117,219.96208333,20.26833333
AGC-243831,220.12208333,14.46361111
AGC-241621,220.12916667,0.58416667
AGC-246059,220.17125000,31.58861111
AGC-242909,220.17208333,3.94500000
AGC-719733,220.31333333,21.98166667
AGC-246069,220.34541667,32.26972222
AGC-246072,220.35875000,34.58277778
AGC-726805,220.85625000,24.30888889
AGC-714243,220.87708333,8.65888889
AGC-242621,220.97583333,4.11000000
AGC-240634,221.02833333,9.28055556
AGC-242965,221.06791667,3.03861111
AGC-733064,221.13375000,26.52333333
AGC-243487,221.16625000,1.43305556
AGC-249577,221.31708333,21.67916667
AGC-244930,221.39500000,9.41638889
AGC-745310,221.46583333,20.94527778
AGC-249195,221.71250000,9.94055556
AGC-248945,221.75000000,13.16805556
AGC-009527,221.78791667,24.83611111
AGC-244993,221.94375000,12.11750000
AGC-245000,221.99875000,11.26361111
AGC-246176,222.01833333,32.44472222
AGC-009537,222.11333333,35.00638889
AGC-745454,222.27541667,18.28972222
AGC-745455,222.28125000,22.09805556
AGC-249196,222.35625000,7.85111111
AGC-745470,222.36166667,17.50000000
AGC-009548,222.55916667,16.73222222
AGC-745496,222.66791667,18.65055556
AGC-246220,222.67250000,34.07166667
AGC-249262,222.99583333,5.14472222
AGC-745568,223.01875000,17.76583333
AGC-249072,223.05750000,14.83222222
AGC-240818,223.13500000,3.13888889
AGC-240817,223.13666667,3.41527778
AGC-719829,223.19458333,23.79083333
AGC-249265,223.19958333,5.94916667
AGC-248930,223.21958333,14.61111111
AGC-240842,223.22500000,9.87833333
AGC-716087,223.39500000,3.11305556
AGC-240893,223.46583333,3.48277778
AGC-242652,223.68833333,4.66472222
AGC-249455,223.77833333,2.97000000
AGC-733261,223.89916667,24.49750000
AGC-745745,223.90875000,18.28666667
AGC-733268,224.03500000,27.92222222
AGC-243252,224.10375000,2.35833333
AGC-009615,224.15041667,30.23472222
AGC-745808,224.16666667,20.60055556
AGC-241225,224.23958333,24.62555556
AGC-249581,224.38541667,20.24777778
AGC-009628,224.41000000,29.96972222
AGC-733323,224.62500000,25.50305556
AGC-248901,224.68458333,12.14750000
AGC-745919,224.91000000,16.40722222
AGC-749342,224.92125000,26.63500000
AGC-258592,225.02333333,3.75722222
AGC-745944,225.05791667,23.52694444
AGC-253619,225.20916667,1.34472222
AGC-726962,225.24041667,24.86472222
AGC-733381,225.45250000,26.47027778
AGC-733382,225.46708333,26.09222222
AGC-241047,225.54416667,10.84777778
AGC-251925,225.67916667,16.82805556
AGC-250020,225.87375000,14.82611111
AGC-733420,225.96500000,26.66166667
AGC-009687,226.12458333,27.79166667
AGC-250030,226.12208333,2.33444444
AGC-258363,226.20250000,4.77861111
AGC-257872,226.22083333,13.55944444
AGC-252659,226.34583333,12.78861111
AGC-252667,226.59708333,12.53138889
AGC-716169,226.63458333,1.24277778
AGC-258113,226.82875000,8.58777778
AGC-254315,226.90083333,34.47833333
AGC-258393,226.93250000,6.82305556
AGC-252972,226.99958333,4.33805556
AGC-251965,227.04666667,20.17250000
AGC-251916,227.09708333,2.63444444
AGC-727009,227.26625000,24.90333333
AGC-716211,227.34708333,7.12138889
AGC-250160,227.48666667,9.38611111
AGC-258117,227.50291667,9.68305556
AGC-251718,227.59000000,19.34916667
AGC-719870,227.61083333,23.39527778
AGC-258396,227.63083333,6.48416667
AGC-250194,227.69250000,7.18555556
AGC-252252,227.70750000,20.33111111
AGC-254371,227.75166667,31.98222222
AGC-250227,227.86708333,1.60583333
AGC-716276,228.13500000,7.67444444
AGC-733595,228.19750000,28.71083333
AGC-746308,228.35083333,16.72805556
AGC-250342,228.39916667,8.08611111
AGC-258513,228.45666667,2.07916667
AGC-746326,228.50125000,19.11333333
AGC-009775,228.51250000,19.97583333
AGC-733616,228.57708333,27.30305556
AGC-258120,228.66500000,8.56861111
AGC-257887,228.68291667,14.36361111
AGC-733640,229.01458333,26.98138889
AGC-746392,229.07791667,17.21388889
AGC-258293,229.11833333,5.71388889
AGC-250413,229.16875000,19.08472222
AGC-253779,229.36666667,0.12194444
AGC-714823,229.42916667,9.98388889
AGC-250447,229.48875000,12.97250000
AGC-250457,229.63583333,12.90500000
AGC-252034,229.87458333,5.25944444
AGC-733680,229.98208333,26.30694444
AGC-252037,229.98583333,31.38027778
AGC-746519,230.12583333,18.71388889
AGC-250507,230.13625000,11.99083333
AGC-251811,230.22333333,8.61638889
AGC-252715,230.41166667,8.14333333
AGC-727090,230.78375000,26.38583333
AGC-258126,231.05416667,11.69277778
AGC-257973,231.26916667,4.90527778
AGC-727101,231.32958333,26.38722222
AGC-250781,231.33666667,13.74194444
AGC-250783,231.35583333,7.08472222
AGC-257905,231.45875000,13.72416667
AGC-746676,231.49958333,20.73888889
AGC-250807,231.60083333,9.38944444
AGC-258129,231.75541667,9.97444444
AGC-253337,231.83083333,3.38250000
AGC-253339,231.91250000,3.88666667
AGC-258311,232.09458333,4.54250000
AGC-733730,232.65125000,26.74805556
AGC-258132,232.67125000,8.66916667
AGC-253364,232.72000000,3.42444444
AGC-252082,232.81791667,6.42638889
AGC-746798,232.93666667,16.81916667
AGC-253929,233.01000000,15.63166667
AGC-258376,233.31208333,5.26138889
AGC-009895,233.43208333,15.01166667
AGC-734049,233.56041667,1.95555556
AGC-258322,233.65833333,4.46722222
AGC-009910,233.68708333,31.05583333
AGC-258377,233.69125000,5.07527778
AGC-258422,233.71958333,7.25777778
AGC-258093,233.87500000,27.15138889
AGC-251077,234.07750000,30.68138889
AGC-716402,234.19125000,7.83361111
AGC-716403,234.19208333,7.73972222
AGC-254716,234.27125000,28.35555556
AGC-251086,234.27291667,10.67361111
AGC-727208,234.30291667,25.91027778
AGC-009941,234.58875000,12.96222222
AGC-257927,234.65375000,13.51944444
AGC-749349,234.79666667,26.02750000
AGC-258146,235.23208333,10.43722222
AGC-254910,235.82250000,28.53416667
AGC-258335,236.16750000,4.98138889
AGC-257937,236.36041667,16.22083333
AGC-252321,236.43208333,15.34833333
AGC-258609,236.49125000,2.50000000
AGC-254974,236.53208333,28.41722222
AGC-251221,236.54916667,2.45222222
AGC-257939,236.73875000,13.45777778
AGC-254986,236.74958333,27.19555556
AGC-252922,236.77208333,5.81416667
AGC-258165,236.94458333,9.98527778
AGC-251252,236.97916667,25.73472222
AGC-258341,237.30833333,4.51500000
AGC-727310,237.37416667,24.87777778
AGC-010051,237.45208333,12.39527778
AGC-252731,237.46833333,8.58861111
AGC-251281,237.68208333,1.75222222
AGC-251295,237.75708333,23.96361111
AGC-252871,237.96458333,5.97305556
AGC-258176,238.24208333,11.38944444
AGC-257951,238.34375000,12.65916667
AGC-749353,238.39291667,25.84166667
AGC-252931,238.76500000,5.57777778
AGC-257958,238.88375000,12.89944444
AGC-255217,238.97250000,25.64972222
AGC-254033,239.30708333,8.96805556
AGC-251400,239.71916667,14.97666667
AGC-252951,239.92625000,5.92305556
AGC-258430,239.97833333,6.88611111
AGC-267932,240.11291667,14.53027778
AGC-262430,240.22500000,8.08777778
AGC-267940,240.58041667,12.25833333
AGC-262888,240.66333333,31.73388889
AGC-268081,240.68458333,15.22750000
AGC-262977,241.07750000,27.81250000
AGC-260116,241.18458333,16.89638889
AGC-260114,241.20250000,17.35750000
AGC-262128,241.28583333,16.57861111
AGC-267956,241.31791667,16.17527778
AGC-010190,241.36250000,17.71361111
AGC-260197,241.47125000,17.34361111
AGC-268214,241.58791667,7.07388889
AGC-010205,241.66958333,30.09944444
AGC-010216,241.92958333,13.72916667
AGC-260280,242.16083333,12.33750000
AGC-263382,242.43333333,25.08750000
AGC-260296,242.48625000,11.27277778
AGC-010235,242.54625000,16.69750000
AGC-720951,242.65750000,17.73500000
AGC-010254,242.84000000,26.90555556
AGC-262405,243.29250000,9.83111111
AGC-261350,243.35583333,7.02527778
AGC-262314,243.40625000,0.03083333
AGC-260331,243.44750000,13.09000000
AGC-263815,243.55166667,30.42944444
AGC-260997,243.80625000,12.57416667
AGC-010302,243.94166667,31.96888889
AGC-261060,244.16916667,14.64805556
AGC-010307,244.21916667,0.83472222
AGC-263995,244.23083333,30.46611111
AGC-264012,244.29250000,25.16777778
AGC-262330,244.55541667,0.31166667
AGC-716602,245.04125000,6.58972222
AGC-268156,245.57000000,10.46861111
AGC-264357,245.78125000,26.02833333
AGC-260479,246.01416667,13.72750000
AGC-264423,246.11416667,25.17083333
AGC-010373,246.17500000,7.18416667
AGC-268161,246.26916667,8.38333333
AGC-268166,246.73083333,9.12555556
AGC-260518,246.73208333,10.34777778
AGC-260526,246.81541667,15.99055556
AGC-261620,246.84875000,11.46194444
AGC-264684,247.49250000,24.94444444
AGC-264706,247.63583333,28.03777778
AGC-264777,248.02708333,24.27500000
AGC-268172,248.12833333,11.18333333
AGC-261632,248.36166667,27.97444444
AGC-010455,248.74041667,25.69444444
AGC-262737,250.09291667,28.76416667
AGC-748645,325.63458333,15.30000000
AGC-310762,327.48166667,10.92111111
AGC-310764,327.49750000,11.36000000
AGC-311393,327.61750000,10.20388889
AGC-748656,327.64000000,14.50194444
AGC-310192,327.76125000,14.53611111
AGC-311383,328.09416667,12.68194444
AGC-311380,328.27750000,13.67138889
AGC-011842,328.33416667,25.50861111
AGC-311170,328.45791667,5.93305556
AGC-748662,328.57250000,15.39888889
AGC-311190,328.76541667,6.91333333
AGC-011852,328.99750000,27.90166667
AGC-011855,329.10291667,30.78888889
AGC-310845,329.36416667,30.25583333
AGC-310848,329.51791667,31.69972222
AGC-011868,329.76916667,18.17444444
AGC-322144,330.12000000,8.13083333
AGC-320949,330.17958333,12.31166667
AGC-011875,330.47291667,10.19527778
AGC-322000,331.02750000,2.05833333
AGC-322641,331.39666667,33.96027778
AGC-321265,331.55250000,1.05500000
AGC-320034,331.78083333,6.48555556
AGC-320523,332.00083333,15.71555556
AGC-322766,332.04500000,33.55555556
AGC-320049,332.28125000,2.01861111
AGC-011921,332.31250000,14.36166667
AGC-748688,332.94583333,14.85555556
AGC-320526,333.70750000,14.47250000
AGC-322214,333.94875000,33.97888889
AGC-320129,334.35833333,9.22000000
AGC-748702,334.70208333,15.69416667
AGC-320840,334.79166667,15.03694444
AGC-322674,334.89583333,36.06888889
AGC-729717,335.05125000,0.83277778
AGC-322453,335.48083333,2.55138889
AGC-320172,335.61791667,2.78000000
AGC-321417,335.66541667,31.78861111
AGC-321456,335.97833333,30.94138889
AGC-012022,336.00375000,33.43833333
AGC-320217,336.66291667,35.04722222
AGC-321419,336.85458333,30.12027778
AGC-748708,337.46500000,16.02777778
AGC-321078,337.48333333,14.42694444
AGC-748709,337.49750000,15.81305556
AGC-322966,337.57041667,20.02750000
AGC-321378,337.57583333,16.26277778
AGC-322695,337.62916667,34.21555556
AGC-748711,337.96041667,15.04833333
AGC-320244,338.13208333,8.20277778
AGC-322700,338.24416667,35.45500000
AGC-322701,338.31666667,35.80027778
AGC-323564,338.49833333,2.19416667
AGC-322169,338.60916667,9.94694444
AGC-323374,338.87375000,12.25500000
AGC-320258,338.87875000,19.67583333
AGC-322486,339.26250000,35.46416667
AGC-321337,339.76291667,24.80972222
AGC-322716,339.94958333,34.19055556
AGC-012140,340.12166667,16.01444444
AGC-321258,340.42208333,3.15222222
AGC-322728,340.51291667,34.93527778
AGC-322178,340.66375000,9.91750000
AGC-323217,340.71458333,17.96111111
AGC-322180,340.81083333,9.15555556
AGC-321432,340.94833333,31.73611111
AGC-320346,341.06416667,19.92138889
AGC-322187,341.33791667,8.60888889
AGC-322785,341.37333333,31.88416667
AGC-322742,341.37916667,34.80083333
AGC-320352,341.41375000,31.03333333
AGC-320356,341.48958333,21.12972222
AGC-321866,341.51208333,19.54416667
AGC-323512,341.59750000,4.53972222
AGC-322200,341.72666667,8.99361111
AGC-012198,342.28625000,27.86722222
AGC-323233,342.47625000,19.31611111
AGC-321438,342.57583333,30.25638889
AGC-320400,342.74791667,12.04694444
AGC-321966,342.76750000,23.05694444
AGC-322745,343.13791667,34.46666667
AGC-323588,343.16333333,2.51222222
AGC-012226,343.19541667,15.81722222
AGC-320897,343.24250000,1.14472222
AGC-322614,343.28833333,33.82500000
AGC-323589,343.34083333,2.40444444
AGC-320417,343.36541667,31.65055556
AGC-320428,343.65666667,15.75083333
AGC-320430,343.70458333,32.22027778
AGC-320449,343.87458333,29.79722222
AGC-320445,343.88500000,19.29111111
AGC-320862,344.21041667,26.84111111
AGC-322447,344.23083333,34.37166667
AGC-321177,344.44375000,14.21250000
AGC-012294,345.01708333,15.98055556
AGC-320889,345.06916667,13.59277778
AGC-012300,345.14666667,12.78472222
AGC-334661,345.32375000,8.28083333
AGC-336738,345.51458333,10.55555556
AGC-332373,345.61750000,12.93055556
AGC-330011,345.78791667,23.75638889
AGC-335263,346.09708333,34.74250000
AGC-332395,346.12625000,13.39555556
AGC-334283,346.15875000,22.30833333
AGC-333505,346.25250000,28.75777778
AGC-332403,346.37583333,14.11222222
AGC-333360,346.58333333,29.89194444
AGC-332417,346.65958333,14.17222222
AGC-333361,346.67958333,31.42527778
AGC-332419,346.67708333,14.80416667
AGC-332135,346.73000000,16.93555556
AGC-012365,346.75000000,22.93388889
AGC-012367,346.75583333,17.14166667
AGC-332434,347.01125000,15.52972222
AGC-012391,347.23875000,12.05138889
AGC-330076,347.27500000,17.25833333
AGC-335198,347.48041667,17.55305556
AGC-336463,347.76916667,12.96333333
AGC-336464,347.86833333,11.91722222
AGC-012412,348.11166667,13.72972222
AGC-330118,348.38291667,20.64833333
AGC-012430,348.43375000,29.00777778
AGC-332297,348.45666667,22.15833333
AGC-012435,348.53375000,32.03694444
AGC-748750,348.70500000,15.77694444
AGC-330153,348.78625000,28.95222222
AGC-333840,348.87291667,4.61250000
AGC-333958,348.94375000,10.10750000
AGC-334317,349.01375000,22.85111111
AGC-332508,349.05166667,15.16083333
AGC-334688,349.06916667,9.88250000
AGC-330169,349.09416667,15.86083333
AGC-335240,349.13500000,18.65527778
AGC-333521,349.22208333,29.20027778
AGC-336998,349.29291667,4.43138889
AGC-330205,349.50250000,9.66888889
AGC-333376,349.53416667,31.06722222
AGC-333522,349.64291667,29.28777778
AGC-332149,349.67916667,7.53166667
AGC-332529,349.78541667,15.71527778
AGC-335490,349.79166667,35.05861111
AGC-333377,349.83208333,29.96833333
AGC-334924,350.04750000,7.55361111
AGC-012530,350.13000000,29.30777778
AGC-331966,350.16541667,19.18472222
AGC-748760,350.21000000,15.97777778
AGC-012535,350.25500000,8.18111111
AGC-330261,350.28166667,2.88277778
AGC-335962,350.33916667,20.09916667
AGC-332567,350.56333333,11.84694444
AGC-334704,350.64083333,9.58388889
AGC-336809,351.05875000,11.38250000
AGC-334366,351.06125000,1.90972222
AGC-332633,351.11083333,15.19666667
AGC-336812,351.13083333,11.69694444
AGC-333532,351.19958333,29.48944444
AGC-333386,351.25458333,31.35555556
AGC-332925,351.28458333,25.84361111
AGC-332162,351.31833333,12.72472222
AGC-334706,351.34916667,8.41972222
AGC-748768,351.39541667,15.92333333
AGC-331874,351.50250000,25.78361111
AGC-333537,351.57291667,28.94944444
AGC-334947,351.65416667,7.60916667
AGC-332930,351.77125000,26.00805556
AGC-336238,351.83458333,19.34722222
AGC-331880,351.87125000,23.64500000
AGC-330469,352.00125000,32.15777778
AGC-336818,352.02041667,11.14555556
AGC-330470,352.01875000,34.86111111
AGC-334950,352.04666667,7.69472222
AGC-336240,352.07958333,18.82583333
AGC-012613,352.14708333,14.73916667
AGC-333544,352.41166667,30.16583333
AGC-336827,352.41208333,11.10583333
AGC-336000,352.45541667,21.45888889
AGC-012631,352.50250000,27.08472222
AGC-333289,352.62416667,24.61972222
AGC-331192,352.62583333,26.13583333
AGC-012637,352.64583333,0.09111111
AGC-336831,352.85208333,11.51277778
AGC-337080,352.90291667,3.25250000
AGC-334250,352.99333333,2.04722222
AGC-333782,353.02416667,1.11416667
AGC-012651,353.04916667,35.38611111
AGC-334958,353.19000000,6.93055556
AGC-332945,353.40250000,26.23472222
AGC-012667,353.45208333,30.06444444
AGC-729993,353.47000000,1.14472222
AGC-336954,353.50375000,5.14416667
AGC-331741,353.61791667,15.11833333
AGC-336269,353.66833333,18.71333333
AGC-332782,353.69541667,13.94444444
AGC-334959,353.86458333,6.05305556
AGC-333554,354.08833333,29.20027778
AGC-332178,354.18500000,1.75805556
AGC-012709,354.35041667,0.39500000
AGC-330607,354.41125000,30.13277778
AGC-334495,354.60875000,21.94500000
AGC-331244,354.75375000,28.75277778
AGC-330745,355.00041667,21.71666667
AGC-330751,355.03500000,26.90416667
AGC-330750,355.03791667,7.30361111
AGC-330760,355.13000000,2.77305556
AGC-330765,355.27708333,25.16722222
AGC-330767,355.30375000,5.92722222
AGC-333302,355.46500000,24.22055556
AGC-332810,355.48625000,15.22500000
AGC-331281,355.50791667,25.99888889
AGC-336029,355.54750000,20.79944444
AGC-332817,355.90083333,13.84416667
AGC-332954,355.96000000,27.13777778
AGC-332957,355.98625000,27.10777778
AGC-730017,356.12208333,0.74000000
AGC-330843,356.14791667,17.77361111
AGC-330883,356.34708333,6.82972222
AGC-330888,356.44791667,27.59750000
AGC-333567,356.57208333,29.11194444
AGC-336848,356.59125000,11.66611111
AGC-333421,356.64708333,32.01027778
AGC-012780,356.76666667,29.47861111
AGC-333422,356.83583333,31.37416667
AGC-336850,356.91416667,11.52888889
AGC-331174,357.16875000,11.02916667
AGC-333428,357.51916667,31.13527778
AGC-336053,357.52375000,21.90000000
AGC-337092,357.67250000,2.70777778
AGC-332131,357.68250000,20.26722222
AGC-330953,357.68833333,27.28777778
AGC-332330,357.69166667,3.97888889
AGC-331553,357.81916667,27.25305556
AGC-012812,357.83250000,20.58611111
AGC-334789,357.89291667,8.86194444
AGC-333215,357.93458333,25.84194444
AGC-335103,358.07416667,12.12027778
AGC-330989,358.33083333,3.72750000
AGC-012834,358.46958333,7.96888889
AGC-332123,358.58083333,10.94250000
AGC-012840,358.62958333,28.87194444
AGC-333639,358.66708333,29.12027778
AGC-336061,358.69500000,20.65333333
AGC-331626,358.78875000,9.06472222
AGC-331004,358.81083333,14.37666667
AGC-336570,358.86541667,13.15000000
AGC-630715,359.01125000,-0.16916667
AGC-331934,359.09208333,32.45333333
AGC-334792,359.20500000,9.26000000
AGC-333438,359.24250000,30.37944444
AGC-332888,359.69291667,14.75138889
AGC-331054,359.92041667,34.34722222
