claim_id,title,baseline_crosswalk_text,original_experiment_references,registered_experiment_links,link_semantics,unresolved_references,finding_ids,evidence_state,current_assessment,provenance,next_actions,replication_status
CORE-001,Arithmetic-Cosmic Structural Correspondence,CORE-001 Multiple mapping/topology/model documents U + R EXP-CORE-A01 Reconstruction + new controlled test ,"[""EXP-CORE-A01""]","[""EXP-CTRL-A03"", ""EXP-DATA-A01"", ""EXP-DATA-A02"", ""EXP-RANK-A01"", ""EXP-TOPO-A01""]","Audit links to relevant registered protocols; original crosswalk references retained separately. New links are proposed relevance links, not alias confirmation or execution evidence.","[{""historical_reference"": ""EXP-CORE-A01"", ""canonical_definition_present"": false, ""resolution_status"": ""PENDING / DO NOT MERGE BY ID"", ""candidate_canonical_id"": null, ""alias_resolution"": ""NO ALIAS ASSIGNED"", ""referencing_claims"": [""CORE-001""], ""required_action"": ""Preserve original reference and reconcile/register its complete protocol explicitly. A related canonical experiment is not a confirmed alias.""}]","[""E-LCL-005"", ""E-LCL-006"", ""E-LCL-014"", ""E-LCL-016"", ""E-DRV-004""]",N,PROPOSED / CONTROLLED TEST NOT VERIFIED,EXPLORATORY / UNVERIFIED,"[""Record estimated/proxy status explicitly; prevent3-Selmer exactness or cosmic-evidence promotion from these filenames/results."", ""Retain completed-run reports as historical computational evidence only; reconstruct identical mapping, filtration and survey/null comparisons before TOPO-001 promotion."", ""Keep repository CSV namespace as legacy, preserve original files, and document explicit semantic crosswalk/conflicts before migrating IDs into the canonical update."", ""Bind website displays to a synthetic/model provenance label; preserve model formulas and coefficients as construction choices. Keep COSMO-E002 downstream; displayed agreement with calibration anchors is not independent confirmation."", ""Keep proposal, observed output and interpretation separate; require machine run manifests for execution claims.""]",NO NEW INDEPENDENT REPLICATION PERFORMED
RANK-001,Rank/Environment Correspondence,RANK-001 Rank/mapping theory + historical mapping work U + N EXP-RANK-A01 New experiment ,"[""EXP-RANK-A01""]","[""EXP-RANK-A01""]","Audit links to relevant registered protocols; original crosswalk references retained separately. New links are proposed relevance links, not alias confirmation or execution evidence.",[],"[""E-LCL-004"", ""E-LCL-005""]",N,PROPOSED / CONTROLLED TEST NOT VERIFIED,EXPLORATORY / UNVERIFIED,"[""Retain partial lineage and missing-invariant diagnostics; bind exact upstream snapshot and preprocessing code to a registered dataset version before controlled testing."", ""Record estimated/proxy status explicitly; prevent3-Selmer exactness or cosmic-evidence promotion from these filenames/results.""]",NO NEW INDEPENDENT REPLICATION PERFORMED
RANK-002,Rank/Topological Complexity,RANK-002 Persistent-homology methodology + mapping framework U + N EXP-RANK-A02 New experiment ,"[""EXP-RANK-A02""]","[""EXP-RANK-A02"", ""EXP-RANK-A01""]","Audit links to relevant registered protocols; original crosswalk references retained separately. New links are proposed relevance links, not alias confirmation or execution evidence.",[],"[""E-LCL-007"", ""E-LCL-008"", ""E-LCL-009"", ""E-LCL-010""]",U + R + N,CANDIDATE/HISTORICAL EVIDENCE / RECONSTRUCTION REQUIRED,EXPLORATORY / HISTORICAL MODEL,"[""Keep both generation IDs and exact input hashes; register RTCH-E1 as a separate local simulation/control if desired, without silently substituting it for canonical EXP-RTCH-B01."", ""Retain both null/diagnostic generations. Rebuild adequate null counts, effect sizes, intervals, multiple-comparison controls, code binding and independent arithmetic/astronomical inputs before empirical promotion."", ""Exclude undefined-correlation p-values from support, preserve them as diagnostic failures, and require finite/constant-input checks before permutation reporting."", ""Set Leakage Status POTENTIAL LEAKAGE for rank generalization and CONFIRMED TARGET CONTAMINATION for Faltings-held-out interpretation; rebuild fold-local embeddings and remove target-defining inputs for independent prediction tests.""]",NO NEW INDEPENDENT REPLICATION PERFORMED
RANK-003,Rank-Stratified Cosmic Structure,RANK-003 Historical rank/environment hypothesis H EXP-RANK-A03 New experiment ,"[""EXP-RANK-A03""]","[""EXP-RANK-A02"", ""EXP-RANK-A01""]","Audit links to relevant registered protocols; original crosswalk references retained separately. New links are proposed relevance links, not alias confirmation or execution evidence.","[{""historical_reference"": ""EXP-RANK-A03"", ""canonical_definition_present"": false, ""resolution_status"": ""PENDING / DO NOT MERGE BY ID"", ""candidate_canonical_id"": null, ""alias_resolution"": ""NO ALIAS ASSIGNED"", ""referencing_claims"": [""RANK-003""], ""required_action"": ""Preserve original reference and reconcile/register its complete protocol explicitly. A related canonical experiment is not a confirmed alias.""}]","[""E-LCL-005""]",N,PROPOSED / CONTROLLED TEST NOT VERIFIED,EXPLORATORY / UNVERIFIED,"[""Record estimated/proxy status explicitly; prevent3-Selmer exactness or cosmic-evidence promotion from these filenames/results.""]",NO NEW INDEPENDENT REPLICATION PERFORMED
MAP-001,Arithmetic Projection,MAP-001 Alternative-mapping document U EXP-MAP-A01 Controlled comparison ,"[""EXP-MAP-A01""]","[""EXP-MAP-A01""]","Audit links to relevant registered protocols; original crosswalk references retained separately. New links are proposed relevance links, not alias confirmation or execution evidence.",[],"[""E-LCL-003"", ""E-LCL-016""]",U + R + N,CANDIDATE/HISTORICAL EVIDENCE / RECONSTRUCTION REQUIRED,EXPLORATORY / HISTORICAL MODEL,"[""Preserve exact-path/hash revisions, flag copied manifests as inconsistent, and do not attribute working full-sample results to packaged subsets or blank outputs."", ""Bind website displays to a synthetic/model provenance label; preserve model formulas and coefficients as construction choices. Keep COSMO-E002 downstream; displayed agreement with calibration anchors is not independent confirmation.""]",NO NEW INDEPENDENT REPLICATION PERFORMED
MAP-002,Extended Projection,MAP-002 Historical (\Phi) implementations U + R EXP-MAP-A01 Reconstruction ,"[""EXP-MAP-A01""]","[""EXP-MAP-A01""]","Audit links to relevant registered protocols; original crosswalk references retained separately. New links are proposed relevance links, not alias confirmation or execution evidence.",[],"[""E-LCL-003"", ""E-LCL-004"", ""E-LCL-016""]",U + R + N,CANDIDATE/HISTORICAL EVIDENCE / RECONSTRUCTION REQUIRED,EXPLORATORY / HISTORICAL MODEL,"[""Preserve exact-path/hash revisions, flag copied manifests as inconsistent, and do not attribute working full-sample results to packaged subsets or blank outputs."", ""Retain partial lineage and missing-invariant diagnostics; bind exact upstream snapshot and preprocessing code to a registered dataset version before controlled testing."", ""Bind website displays to a synthetic/model provenance label; preserve model formulas and coefficients as construction choices. Keep COSMO-E002 downstream; displayed agreement with calibration anchors is not independent confirmation.""]",NO NEW INDEPENDENT REPLICATION PERFORMED
MAP-003,Rank Elevation,MAP-003 Historical (z=200r) work U + R EXP-MAP-A02 Parameter sweep ,"[""EXP-MAP-A02""]","[""EXP-MAP-A02"", ""EXP-MAP-A01""]","Audit links to relevant registered protocols; original crosswalk references retained separately. New links are proposed relevance links, not alias confirmation or execution evidence.",[],"[""E-LCL-003""]",U + R + N,CANDIDATE/HISTORICAL EVIDENCE / RECONSTRUCTION REQUIRED,EXPLORATORY / HISTORICAL MODEL,"[""Preserve exact-path/hash revisions, flag copied manifests as inconsistent, and do not attribute working full-sample results to packaged subsets or blank outputs.""]",NO NEW INDEPENDENT REPLICATION PERFORMED
MAP-004,Mapping Non-Bijectivity,MAP-004 Criteria for Alternative Mappings U EXP-MAP-A01 Formalize test ,"[""EXP-MAP-A01""]","[""EXP-MAP-A01""]","Audit links to relevant registered protocols; original crosswalk references retained separately. New links are proposed relevance links, not alias confirmation or execution evidence.",[],[],U + N,MODEL/METHODOLOGICAL REQUIREMENT RETAINED,THEORETICAL / EXPLORATORY,"[""Follow the original registered test/derivation and charter controls; bind source releases, exact code, parameters, seeds, nulls and held-out results before promotion.""]",NO NEW INDEPENDENT REPLICATION PERFORMED
MAP-005,Alternative Mapping Families,MAP-005 MCJ/PTD/FT alternatives U EXP-MAP-A01 New controlled comparison ,"[""EXP-MAP-A01""]","[""EXP-MAP-A01""]","Audit links to relevant registered protocols; original crosswalk references retained separately. New links are proposed relevance links, not alias confirmation or execution evidence.",[],"[""E-LCL-006""]",U + R + N,CANDIDATE/HISTORICAL EVIDENCE / RECONSTRUCTION REQUIRED,EXPLORATORY / HISTORICAL MODEL,"[""Retain completed-run reports as historical computational evidence only; reconstruct identical mapping, filtration and survey/null comparisons before TOPO-001 promotion.""]",NO NEW INDEPENDENT REPLICATION PERFORMED
ARITH-001,Fibonacci/Lucas Generators,ARITH-001 Fibonacci/Lucas implementations U + H EXP-MAP-A03 New control experiment ,"[""EXP-MAP-A03""]","[""EXP-MAP-A03"", ""EXP-CTRL-A02""]","Audit links to relevant registered protocols; original crosswalk references retained separately. New links are proposed relevance links, not alias confirmation or execution evidence.",[],[],N,PROPOSED / CONTROLLED TEST NOT VERIFIED,EXPLORATORY / UNVERIFIED,"[""Follow the original registered test/derivation and charter controls; bind source releases, exact code, parameters, seeds, nulls and held-out results before promotion.""]",NO NEW INDEPENDENT REPLICATION PERFORMED
TOPO-001,Persistent Homology Correspondence,TOPO-001 TDA code/methodology + historical distance results U + R EXP-TOPO-A01 Reconstruction ,"[""EXP-TOPO-A01""]","[""EXP-TOPO-A01"", ""EXP-RANK-A02""]","Audit links to relevant registered protocols; original crosswalk references retained separately. New links are proposed relevance links, not alias confirmation or execution evidence.",[],"[""E-LCL-003"", ""E-LCL-006"", ""E-LCL-007"", ""E-LCL-008"", ""E-LCL-009"", ""E-LCL-011""]",U + R + N,CANDIDATE/HISTORICAL EVIDENCE / RECONSTRUCTION REQUIRED,EXPLORATORY / HISTORICAL MODEL,"[""Preserve exact-path/hash revisions, flag copied manifests as inconsistent, and do not attribute working full-sample results to packaged subsets or blank outputs."", ""Retain completed-run reports as historical computational evidence only; reconstruct identical mapping, filtration and survey/null comparisons before TOPO-001 promotion."", ""Keep both generation IDs and exact input hashes; register RTCH-E1 as a separate local simulation/control if desired, without silently substituting it for canonical EXP-RTCH-B01."", ""Retain both null/diagnostic generations. Rebuild adequate null counts, effect sizes, intervals, multiple-comparison controls, code binding and independent arithmetic/astronomical inputs before empirical promotion."", ""Exclude undefined-correlation p-values from support, preserve them as diagnostic failures, and require finite/constant-input checks before permutation reporting."", ""Record CSV stability output separately from empty JSON summary and require genuine perturbation/subsampling before claiming robustness.""]",NO NEW INDEPENDENT REPLICATION PERFORMED
TOPO-002,Void Structure,TOPO-002 Void/topology framework H EXP-TOPO-A02 New experiment ,"[""EXP-TOPO-A02""]","[""EXP-RANK-A02"", ""EXP-TOPO-A01""]","Audit links to relevant registered protocols; original crosswalk references retained separately. New links are proposed relevance links, not alias confirmation or execution evidence.","[{""historical_reference"": ""EXP-TOPO-A02"", ""canonical_definition_present"": false, ""resolution_status"": ""PENDING / DO NOT MERGE BY ID"", ""candidate_canonical_id"": null, ""alias_resolution"": ""NO ALIAS ASSIGNED"", ""referencing_claims"": [""TOPO-002""], ""required_action"": ""Preserve original reference and reconcile/register its complete protocol explicitly. A related canonical experiment is not a confirmed alias.""}]","[""E-LCL-006""]",U + R + N,CANDIDATE/HISTORICAL EVIDENCE / RECONSTRUCTION REQUIRED,EXPLORATORY / HISTORICAL MODEL,"[""Retain completed-run reports as historical computational evidence only; reconstruct identical mapping, filtration and survey/null comparisons before TOPO-001 promotion.""]",NO NEW INDEPENDENT REPLICATION PERFORMED
TOPO-003,Connected Components,TOPO-003 Connected-component methodology U EXP-TOPO-A03 New experiment ,"[""EXP-TOPO-A03""]","[""EXP-TOPO-A01""]","Audit links to relevant registered protocols; original crosswalk references retained separately. New links are proposed relevance links, not alias confirmation or execution evidence.","[{""historical_reference"": ""EXP-TOPO-A03"", ""canonical_definition_present"": false, ""resolution_status"": ""PENDING / DO NOT MERGE BY ID"", ""candidate_canonical_id"": null, ""alias_resolution"": ""NO ALIAS ASSIGNED"", ""referencing_claims"": [""TOPO-003""], ""required_action"": ""Preserve original reference and reconcile/register its complete protocol explicitly. A related canonical experiment is not a confirmed alias.""}]",[],N,PROPOSED / CONTROLLED TEST NOT VERIFIED,EXPLORATORY / UNVERIFIED,"[""Follow the original registered test/derivation and charter controls; bind source releases, exact code, parameters, seeds, nulls and held-out results before promotion.""]",NO NEW INDEPENDENT REPLICATION PERFORMED
MATH-K001,Log-Normal Reciprocal Normalization,MATH-K001 Validation of BSDCT.pdf + simulations U + R EXP-K001 Mathematical reconstruction ,"[""EXP-K001""]","[""EXP-K001""]","Audit links to relevant registered protocols; original crosswalk references retained separately. New links are proposed relevance links, not alias confirmation or execution evidence.",[],"[""E-DRV-001""]",U + D + R,THEORETICAL STATEMENT / INDEPENDENT DERIVATION AUDIT REQUIRED,THEORETICAL,"[""Reconstruct assumptions, exact masses/units, median definition, seeds and sample selection. Retain unstable results and separate the expectation argument from physical interpretation.""]",NO NEW INDEPENDENT REPLICATION PERFORMED
MATH-K002,Historical K Simulation,MATH-K002 (K\approx0.998108) simulations U EXP-K001 Reproduce ,"[""EXP-K001""]","[""EXP-K001""]","Audit links to relevant registered protocols; original crosswalk references retained separately. New links are proposed relevance links, not alias confirmation or execution evidence.",[],"[""E-DRV-001""]",U + R,UNVERIFIED HISTORICAL RESULT / RECONSTRUCTION REQUIRED,SIMULATION / HISTORICAL MODEL,"[""Reconstruct assumptions, exact masses/units, median definition, seeds and sample selection. Retain unstable results and separate the expectation argument from physical interpretation.""]",NO NEW INDEPENDENT REPLICATION PERFORMED
MATH-K003,Small-Sample K Instability,MATH-K003 Conflicting historical K values U + X EXP-K002 Stability study ,"[""EXP-K002""]",[],"Audit links to relevant registered protocols; original crosswalk references retained separately. New links are proposed relevance links, not alias confirmation or execution evidence.","[{""historical_reference"": ""EXP-K002"", ""canonical_definition_present"": false, ""resolution_status"": ""PENDING / DO NOT MERGE BY ID"", ""candidate_canonical_id"": null, ""alias_resolution"": ""NO ALIAS ASSIGNED"", ""referencing_claims"": [""MATH-K003""], ""required_action"": ""Preserve original reference and reconcile/register its complete protocol explicitly. A related canonical experiment is not a confirmed alias.""}]","[""E-DRV-001""]",U + X + R,NEGATIVE HISTORICAL REPORT RETAINED / NOT RERUN,HISTORICAL MODEL / NEGATIVE/NULL,"[""Reconstruct assumptions, exact masses/units, median definition, seeds and sample selection. Retain unstable results and separate the expectation argument from physical interpretation.""]",NO NEW INDEPENDENT REPLICATION PERFORMED
COSMO-L001,Phenomenological L-cosmo,COSMO-L001 L-cosmo(s).py and related scripts U + R EXP-L001 Leakage-controlled reconstruction ,"[""EXP-L001""]","[""EXP-L001"", ""EXP-CTRL-A03""]","Audit links to relevant registered protocols; original crosswalk references retained separately. New links are proposed relevance links, not alias confirmation or execution evidence.",[],"[""E-LCL-012"", ""E-DRV-001"", ""E-DRV-003""]",U + R + N,CANDIDATE/HISTORICAL EVIDENCE / RECONSTRUCTION REQUIRED,EXPLORATORY / HISTORICAL MODEL,"[""Retain M/H categories and R evidence state; set preprocessing leakage concern, rename/cross-reference cosmo_rank semantically, bind the actual input revision, and conduct fold-local incremental models before promotion."", ""Reconstruct assumptions, exact masses/units, median definition, seeds and sample selection. Retain unstable results and separate the expectation argument from physical interpretation."", ""Retain proposal/code provenance; validate an exact runnable variant, training-fold derived quantities, outcome definition and locked independent test.""]",NO NEW INDEPENDENT REPLICATION PERFORMED
COSMO-L002,L-cosmo and SFR,COSMO-L002 Historical SFR/L-cosmo models H + R EXP-SFR-A01 New controlled test ,"[""EXP-SFR-A01""]","[""EXP-SFR-A01""]","Audit links to relevant registered protocols; original crosswalk references retained separately. New links are proposed relevance links, not alias confirmation or execution evidence.",[],"[""E-LCL-012"", ""E-DRV-002"", ""E-DRV-003""]",U + R + N,CANDIDATE/HISTORICAL EVIDENCE / RECONSTRUCTION REQUIRED,EXPLORATORY / HISTORICAL MODEL,"[""Retain M/H categories and R evidence state; set preprocessing leakage concern, rename/cross-reference cosmo_rank semantically, bind the actual input revision, and conduct fold-local incremental models before promotion."", ""Bind a precise executed code/data revision and reconstruct fold-local preprocessing before crediting reported predictive performance."", ""Retain proposal/code provenance; validate an exact runnable variant, training-fold derived quantities, outcome definition and locked independent test.""]",NO NEW INDEPENDENT REPLICATION PERFORMED
COSMO-R001,Morphology/Redshift Composite Feature,COSMO-R001 cosmo_rank implementations U + H CTRL-COSMO-001 Rename/reconstruct ,"[""CTRL-COSMO-001""]",[],"Audit links to relevant registered protocols; original crosswalk references retained separately. New links are proposed relevance links, not alias confirmation or execution evidence.","[{""historical_reference"": ""CTRL-COSMO-001"", ""canonical_definition_present"": false, ""resolution_status"": ""PENDING / DO NOT MERGE BY ID"", ""candidate_canonical_id"": null, ""alias_resolution"": ""NO ALIAS ASSIGNED"", ""referencing_claims"": [""COSMO-R001""], ""required_action"": ""Preserve original reference and reconcile/register its complete protocol explicitly. A related canonical experiment is not a confirmed alias.""}]","[""E-LCL-012""]",U + H,CONFIRMED ENGINEERED FEATURE IN INSPECTED SCRIPT,HISTORICAL MODEL,"[""Retain M/H categories and R evidence state; set preprocessing leakage concern, rename/cross-reference cosmo_rank semantically, bind the actual input revision, and conduct fold-local incremental models before promotion.""]",NO NEW INDEPENDENT REPLICATION PERFORMED
SFR-A001,Arithmetic Incremental SFR Information,SFR-A001 Historical RF/GB/SHAP models U + R EXP-SFR-A01 New controlled test ,"[""EXP-SFR-A01""]","[""EXP-SFR-A01"", ""EXP-CTRL-A03"", ""EXP-CTRL-A02""]","Audit links to relevant registered protocols; original crosswalk references retained separately. New links are proposed relevance links, not alias confirmation or execution evidence.",[],"[""E-LCL-012"", ""E-LCL-013"", ""E-DRV-002"", ""E-DRV-003""]",U + R + N,CANDIDATE/HISTORICAL EVIDENCE / RECONSTRUCTION REQUIRED,EXPLORATORY / HISTORICAL MODEL,"[""Retain M/H categories and R evidence state; set preprocessing leakage concern, rename/cross-reference cosmo_rank semantically, bind the actual input revision, and conduct fold-local incremental models before promotion."", ""Classify as historical random-feature stellar-mass baseline/control candidate, preserve absent-target diagnostic, and require exact input/schema plus explicit outcome exclusion and SFR-specific control reconstruction."", ""Bind a precise executed code/data revision and reconstruct fold-local preprocessing before crediting reported predictive performance."", ""Retain proposal/code provenance; validate an exact runnable variant, training-fold derived quantities, outcome definition and locked independent test.""]",NO NEW INDEPENDENT REPLICATION PERFORMED
SFR-A002,Arithmetic-Only SFR Prediction,SFR-A002 Historical feature/model work H EXP-SFR-A02 New experiment ,"[""EXP-SFR-A02""]","[""EXP-SFR-A02""]","Audit links to relevant registered protocols; original crosswalk references retained separately. New links are proposed relevance links, not alias confirmation or execution evidence.",[],[],N,PROPOSED / CONTROLLED TEST NOT VERIFIED,EXPLORATORY / UNVERIFIED,"[""Follow the original registered test/derivation and charter controls; bind source releases, exact code, parameters, seeds, nulls and held-out results before promotion.""]",NO NEW INDEPENDENT REPLICATION PERFORMED
SFR-E001,Extreme-SFR Model Behavior,SFR-E001 Historical outlier results U EXP-SFR-A03 Reproduce ,"[""EXP-SFR-A03""]","[""EXP-SFR-A03""]","Audit links to relevant registered protocols; original crosswalk references retained separately. New links are proposed relevance links, not alias confirmation or execution evidence.",[],"[""E-DRV-002""]",U + R,UNVERIFIED HISTORICAL RESULT / RECONSTRUCTION REQUIRED,HISTORICAL MODEL,"[""Bind a precise executed code/data revision and reconstruct fold-local preprocessing before crediting reported predictive performance.""]",NO NEW INDEPENDENT REPLICATION PERFORMED
SFR-A003,Extreme-SFR Robustness,SFR-A003 Existing outlier analysis U EXP-SFR-A03 Pre-register ,"[""EXP-SFR-A03""]","[""EXP-SFR-A03""]","Audit links to relevant registered protocols; original crosswalk references retained separately. New links are proposed relevance links, not alias confirmation or execution evidence.",[],"[""E-DRV-002""]",U + N,MODEL/METHODOLOGICAL REQUIREMENT RETAINED,THEORETICAL / EXPLORATORY,"[""Bind a precise executed code/data revision and reconstruct fold-local preprocessing before crediting reported predictive performance.""]",NO NEW INDEPENDENT REPLICATION PERFORMED
CTRL-RF001,Random Feature Baseline,CTRL-RF001 model5.py U + C EXP-CTRL-A01 Reproduce ,"[""EXP-CTRL-A01""]","[""EXP-CTRL-A01""]","Audit links to relevant registered protocols; original crosswalk references retained separately. New links are proposed relevance links, not alias confirmation or execution evidence.",[],"[""E-LCL-013"", ""E-LCL-014""]",U + C + X + R,HISTORICAL CONTROL CANDIDATE / INPUT SCHEMA MISMATCH,HISTORICAL MODEL,"[""Classify as historical random-feature stellar-mass baseline/control candidate, preserve absent-target diagnostic, and require exact input/schema plus explicit outcome exclusion and SFR-specific control reconstruction."", ""Keep repository CSV namespace as legacy, preserve original files, and document explicit semantic crosswalk/conflicts before migrating IDs into the canonical update.""]",NO NEW INDEPENDENT REPLICATION PERFORMED
CTRL-A001,Arithmetic Permutation Control,CTRL-A001 No adequate completed permutation control identified N EXP-CTRL-A02 New experiment ,"[""EXP-CTRL-A02""]","[""EXP-CTRL-A02""]","Audit links to relevant registered protocols; original crosswalk references retained separately. New links are proposed relevance links, not alias confirmation or execution evidence.",[],"[""E-LCL-009"", ""E-LCL-014""]",N + X,CONTROL REQUIRED / INVALID LOCAL SIGNIFICANCE RETAINED,NEGATIVE/NULL / EXPLORATORY,"[""Exclude undefined-correlation p-values from support, preserve them as diagnostic failures, and require finite/constant-input checks before permutation reporting."", ""Keep repository CSV namespace as legacy, preserve original files, and document explicit semantic crosswalk/conflicts before migrating IDs into the canonical update.""]",NO NEW INDEPENDENT REPLICATION PERFORMED
CTRL-A002,Leakage-Controlled Reconstruction,CTRL-A002 Leakage concerns identified in scripts X EXP-CTRL-A03 Mandatory reconstruction ,"[""EXP-CTRL-A03""]","[""EXP-CTRL-A03""]","Audit links to relevant registered protocols; original crosswalk references retained separately. New links are proposed relevance links, not alias confirmation or execution evidence.",[],"[""E-LCL-012"", ""E-LCL-014"", ""E-DRV-002"", ""E-DRV-003""]",X + R,STATIC LEAKAGE ROUTES DIAGNOSED / CLEAN RERUN REQUIRED,HISTORICAL MODEL / NEGATIVE/NULL,"[""Retain M/H categories and R evidence state; set preprocessing leakage concern, rename/cross-reference cosmo_rank semantically, bind the actual input revision, and conduct fold-local incremental models before promotion."", ""Keep repository CSV namespace as legacy, preserve original files, and document explicit semantic crosswalk/conflicts before migrating IDs into the canonical update."", ""Bind a precise executed code/data revision and reconstruct fold-local preprocessing before crediting reported predictive performance."", ""Retain proposal/code provenance; validate an exact runnable variant, training-fold derived quantities, outcome definition and locked independent test.""]",NO NEW INDEPENDENT REPLICATION PERFORMED
DATA-M001,Coordinate Matching,DATA-M001 merged_sdss_hi.csv + KDTree workflow U EXP-DATA-A01 Reproduce matching ,"[""EXP-DATA-A01""]","[""EXP-DATA-A01""]","Audit links to relevant registered protocols; original crosswalk references retained separately. New links are proposed relevance links, not alias confirmation or execution evidence.",[],"[""E-LCL-001"", ""E-LCL-002""]",X + R,FAILED AS-FOUND ASSOCIATIONS / RECONSTRUCTION REQUIRED,HISTORICAL MODEL / NEGATIVE/NULL,"[""Retain failed data-quality evidence; quarantine these tables from controlled analyses until matching is rebuilt from source catalogs with spherical distance, keyed joins, duplicate controls, tolerance sensitivity, and saved data/code hashes."", ""Record code variants separately and reconstruct EXP-DATA-A01 using a registered coordinate system, exact input IDs, spherical matching, and explicit identity crosswalks.""]",NO NEW INDEPENDENT REPLICATION PERFORMED
DATA-M002,Multi-Survey Integration,DATA-M002 Extensive cross-survey datasets U DATA-PROV-001 Formalize provenance ,"[""DATA-PROV-001""]","[""EXP-DATA-A02""]","Audit links to relevant registered protocols; original crosswalk references retained separately. New links are proposed relevance links, not alias confirmation or execution evidence.","[{""historical_reference"": ""DATA-PROV-001"", ""canonical_definition_present"": false, ""resolution_status"": ""PENDING / DO NOT MERGE BY ID"", ""candidate_canonical_id"": ""EXP-DATA-A02"", ""alias_resolution"": ""UNCONFIRMED"", ""referencing_claims"": [""DATA-M002""], ""required_action"": ""Preserve original reference and reconcile/register its complete protocol explicitly. A related canonical experiment is not a confirmed alias.""}]","[""E-LCL-001"", ""E-LCL-002"", ""E-LCL-003"", ""E-LCL-004"", ""E-LCL-014"", ""E-LCL-015"", ""E-DRV-004""]",U + X + R,PARTIAL LINEAGE / ARTIFACT CONFLICTS,EXPLORATORY / UNVERIFIED,"[""Retain failed data-quality evidence; quarantine these tables from controlled analyses until matching is rebuilt from source catalogs with spherical distance, keyed joins, duplicate controls, tolerance sensitivity, and saved data/code hashes."", ""Record code variants separately and reconstruct EXP-DATA-A01 using a registered coordinate system, exact input IDs, spherical matching, and explicit identity crosswalks."", ""Preserve exact-path/hash revisions, flag copied manifests as inconsistent, and do not attribute working full-sample results to packaged subsets or blank outputs."", ""Retain partial lineage and missing-invariant diagnostics; bind exact upstream snapshot and preprocessing code to a registered dataset version before controlled testing."", ""Keep repository CSV namespace as legacy, preserve original files, and document explicit semantic crosswalk/conflicts before migrating IDs into the canonical update."", ""Preserve upstream identifiers as observed provenance fields; add exact release/query and processing/code bindings before declaring complete lineage."", ""Keep proposal, observed output and interpretation separate; require machine run manifests for execution claims.""]",NO NEW INDEPENDENT REPLICATION PERFORMED
RTCH-M001,Variational RTCH Construction,RTCH-M001 RTCH manuscript/action U + D EXP-RTCH-B01 Derivation audit ,"[""EXP-RTCH-B01""]","[""EXP-RTCH-B01""]","Audit links to relevant registered protocols; original crosswalk references retained separately. New links are proposed relevance links, not alias confirmation or execution evidence.",[],"[""E-LCL-007"", ""E-LCL-008"", ""E-LCL-010"", ""E-LCL-011""]",U + R + N,CANDIDATE/HISTORICAL EVIDENCE / RECONSTRUCTION REQUIRED,EXPLORATORY / HISTORICAL MODEL,"[""Keep both generation IDs and exact input hashes; register RTCH-E1 as a separate local simulation/control if desired, without silently substituting it for canonical EXP-RTCH-B01."", ""Retain both null/diagnostic generations. Rebuild adequate null counts, effect sizes, intervals, multiple-comparison controls, code binding and independent arithmetic/astronomical inputs before empirical promotion."", ""Set Leakage Status POTENTIAL LEAKAGE for rank generalization and CONFIRMED TARGET CONTAMINATION for Faltings-held-out interpretation; rebuild fold-local embeddings and remove target-defining inputs for independent prediction tests."", ""Record CSV stability output separately from empty JSON summary and require genuine perturbation/subsampling before claiming robustness.""]",NO NEW INDEPENDENT REPLICATION PERFORMED
RTCH-M002,Closed Pullback Two-Form,RTCH-M002 Closed-pullback construction U + D EXP-RTCH-B01 Formal proof check ,"[""EXP-RTCH-B01""]","[""EXP-RTCH-B01""]","Audit links to relevant registered protocols; original crosswalk references retained separately. New links are proposed relevance links, not alias confirmation or execution evidence.",[],[],U + D + R,THEORETICAL STATEMENT / INDEPENDENT DERIVATION AUDIT REQUIRED,THEORETICAL,"[""Follow the original registered test/derivation and charter controls; bind source releases, exact code, parameters, seeds, nulls and held-out results before promotion.""]",NO NEW INDEPENDENT REPLICATION PERFORMED
RTCH-H001,Topological Coupling,RTCH-H001 Candidate coupling equations U EXP-RTCH-B02 New physical test ,"[""EXP-RTCH-B02""]","[""EXP-RTCH-B02""]","Audit links to relevant registered protocols; original crosswalk references retained separately. New links are proposed relevance links, not alias confirmation or execution evidence.",[],[],N,PROPOSED / CONTROLLED TEST NOT VERIFIED,EXPLORATORY / UNVERIFIED,"[""Follow the original registered test/derivation and charter controls; bind source releases, exact code, parameters, seeds, nulls and held-out results before promotion.""]",NO NEW INDEPENDENT REPLICATION PERFORMED
RTCH-H002,Conformal Trace Coupling,RTCH-H002 Trace-coupling derivation U + D EXP-RTCH-B03 Derivation + test ,"[""EXP-RTCH-B03""]","[""EXP-RTCH-B03""]","Audit links to relevant registered protocols; original crosswalk references retained separately. New links are proposed relevance links, not alias confirmation or execution evidence.",[],[],U + D + R,THEORETICAL STATEMENT / INDEPENDENT DERIVATION AUDIT REQUIRED,THEORETICAL,"[""Follow the original registered test/derivation and charter controls; bind source releases, exact code, parameters, seeds, nulls and held-out results before promotion.""]",NO NEW INDEPENDENT REPLICATION PERFORMED
RTCH-H003,Fifth-Force Acceleration,RTCH-H003 Point-particle action/equation U + D EXP-RTCH-B02 Constraint analysis ,"[""EXP-RTCH-B02""]","[""EXP-RTCH-B02""]","Audit links to relevant registered protocols; original crosswalk references retained separately. New links are proposed relevance links, not alias confirmation or execution evidence.",[],[],U + D + R,THEORETICAL STATEMENT / INDEPENDENT DERIVATION AUDIT REQUIRED,THEORETICAL,"[""Follow the original registered test/derivation and charter controls; bind source releases, exact code, parameters, seeds, nulls and held-out results before promotion.""]",NO NEW INDEPENDENT REPLICATION PERFORMED
RTCH-H004,Unified Matter Description,RTCH-H004 Unified-matter construction U EXP-RTCH-B01 Formal consistency test ,"[""EXP-RTCH-B01""]","[""EXP-RTCH-B01""]","Audit links to relevant registered protocols; original crosswalk references retained separately. New links are proposed relevance links, not alias confirmation or execution evidence.",[],[],U + N,MODEL/METHODOLOGICAL REQUIREMENT RETAINED,THEORETICAL / EXPLORATORY,"[""Follow the original registered test/derivation and charter controls; bind source releases, exact code, parameters, seeds, nulls and held-out results before promotion.""]",NO NEW INDEPENDENT REPLICATION PERFORMED
FIELD-001,Arithmetic Topography,FIELD-001 Arithmetic-topography formulation U EXP-FIELD-B01 Formalize ,"[""EXP-FIELD-B01""]","[""EXP-FIELD-B01""]","Audit links to relevant registered protocols; original crosswalk references retained separately. New links are proposed relevance links, not alias confirmation or execution evidence.",[],[],U + N,MODEL/METHODOLOGICAL REQUIREMENT RETAINED,THEORETICAL / EXPLORATORY,"[""Follow the original registered test/derivation and charter controls; bind source releases, exact code, parameters, seeds, nulls and held-out results before promotion.""]",NO NEW INDEPENDENT REPLICATION PERFORMED
FIELD-002,Arithmetic Field as Gravity,FIELD-002 No controlled physical evidence N EXP-FIELD-B02 New experiment ,"[""EXP-FIELD-B02""]","[""EXP-FIELD-B02""]","Audit links to relevant registered protocols; original crosswalk references retained separately. New links are proposed relevance links, not alias confirmation or execution evidence.",[],[],N,PROPOSED / CONTROLLED TEST NOT VERIFIED,EXPLORATORY / UNVERIFIED,"[""Follow the original registered test/derivation and charter controls; bind source releases, exact code, parameters, seeds, nulls and held-out results before promotion.""]",NO NEW INDEPENDENT REPLICATION PERFORMED
FIELD-003,Arithmetic Tensor / Einstein Equation Extension,FIELD-003 Symbolic-field proposal H EXP-FIELD-B03 New theoretical construction ,"[""EXP-FIELD-B03""]","[""EXP-FIELD-B02""]","Audit links to relevant registered protocols; original crosswalk references retained separately. New links are proposed relevance links, not alias confirmation or execution evidence.","[{""historical_reference"": ""EXP-FIELD-B03"", ""canonical_definition_present"": false, ""resolution_status"": ""PENDING / DO NOT MERGE BY ID"", ""candidate_canonical_id"": null, ""alias_resolution"": ""NO ALIAS ASSIGNED"", ""referencing_claims"": [""FIELD-003""], ""required_action"": ""Preserve original reference and reconcile/register its complete protocol explicitly. A related canonical experiment is not a confirmed alias.""}]",[],N,PROPOSED / CONTROLLED TEST NOT VERIFIED,EXPLORATORY / UNVERIFIED,"[""Follow the original registered test/derivation and charter controls; bind source releases, exact code, parameters, seeds, nulls and held-out results before promotion.""]",NO NEW INDEPENDENT REPLICATION PERFORMED
ECC-001,Entropy/Cohomology Structure,ECC-001 ECC manuscript U + D EXP-ECC-B01 Formal derivation ,"[""EXP-ECC-B01""]","[""EXP-ECC-B01""]","Audit links to relevant registered protocols; original crosswalk references retained separately. New links are proposed relevance links, not alias confirmation or execution evidence.",[],"[""E-LCL-007"", ""E-LCL-008"", ""E-LCL-010"", ""E-LCL-011"", ""E-DRV-004""]",U + R + N,CANDIDATE/HISTORICAL EVIDENCE / RECONSTRUCTION REQUIRED,EXPLORATORY / HISTORICAL MODEL,"[""Keep both generation IDs and exact input hashes; register RTCH-E1 as a separate local simulation/control if desired, without silently substituting it for canonical EXP-RTCH-B01."", ""Retain both null/diagnostic generations. Rebuild adequate null counts, effect sizes, intervals, multiple-comparison controls, code binding and independent arithmetic/astronomical inputs before empirical promotion."", ""Set Leakage Status POTENTIAL LEAKAGE for rank generalization and CONFIRMED TARGET CONTAMINATION for Faltings-held-out interpretation; rebuild fold-local embeddings and remove target-defining inputs for independent prediction tests."", ""Record CSV stability output separately from empty JSON summary and require genuine perturbation/subsampling before claiming robustness."", ""Keep proposal, observed output and interpretation separate; require machine run manifests for execution claims.""]",NO NEW INDEPENDENT REPLICATION PERFORMED
ECC-002,Closed Non-Exact Requirement,ECC-002 Closed/non-exact form construction U + D EXP-ECC-B01 Mathematical audit ,"[""EXP-ECC-B01""]","[""EXP-ECC-B01""]","Audit links to relevant registered protocols; original crosswalk references retained separately. New links are proposed relevance links, not alias confirmation or execution evidence.",[],"[""E-LCL-007""]",U + D + R,THEORETICAL STATEMENT / INDEPENDENT DERIVATION AUDIT REQUIRED,THEORETICAL,"[""Keep both generation IDs and exact input hashes; register RTCH-E1 as a separate local simulation/control if desired, without silently substituting it for canonical EXP-RTCH-B01.""]",NO NEW INDEPENDENT REPLICATION PERFORMED
ECC-003,Entropy-Energy Relation,ECC-003 Proposed entropy-energy architecture H EXP-ECC-B02 New theory/limit test ,"[""EXP-ECC-B02""]","[""EXP-ENERGY-B01""]","Audit links to relevant registered protocols; original crosswalk references retained separately. New links are proposed relevance links, not alias confirmation or execution evidence.","[{""historical_reference"": ""EXP-ECC-B02"", ""canonical_definition_present"": false, ""resolution_status"": ""PENDING / DO NOT MERGE BY ID"", ""candidate_canonical_id"": null, ""alias_resolution"": ""NO ALIAS ASSIGNED"", ""referencing_claims"": [""ECC-003""], ""required_action"": ""Preserve original reference and reconcile/register its complete protocol explicitly. A related canonical experiment is not a confirmed alias.""}]",[],N,PROPOSED / CONTROLLED TEST NOT VERIFIED,EXPLORATORY / UNVERIFIED,"[""Follow the original registered test/derivation and charter controls; bind source releases, exact code, parameters, seeds, nulls and held-out results before promotion.""]",NO NEW INDEPENDENT REPLICATION PERFORMED
ENERGY-001,Generalized Mass-Energy Relation,ENERGY-001 Conceptual mass-energy proposals H EXP-ENERGY-B01 New derivation ,"[""EXP-ENERGY-B01""]","[""EXP-ENERGY-B01""]","Audit links to relevant registered protocols; original crosswalk references retained separately. New links are proposed relevance links, not alias confirmation or execution evidence.",[],[],N,PROPOSED / CONTROLLED TEST NOT VERIFIED,EXPLORATORY / UNVERIFIED,"[""Follow the original registered test/derivation and charter controls; bind source releases, exact code, parameters, seeds, nulls and held-out results before promotion.""]",NO NEW INDEPENDENT REPLICATION PERFORMED
COSMO-E001,Arithmetic/Topological Redshift Evolution,COSMO-E001 Redshift/topology framework H EXP-COSMO-B01 New longitudinal experiment ,"[""EXP-COSMO-B01""]","[""EXP-COSMO-B01""]","Audit links to relevant registered protocols; original crosswalk references retained separately. New links are proposed relevance links, not alias confirmation or execution evidence.",[],[],N,PROPOSED / CONTROLLED TEST NOT VERIFIED,EXPLORATORY / UNVERIFIED,"[""Follow the original registered test/derivation and charter controls; bind source releases, exact code, parameters, seeds, nulls and held-out results before promotion.""]",NO NEW INDEPENDENT REPLICATION PERFORMED
COSMO-E002,Hubble-Planck Tension Application,COSMO-E002 No direct evidence N EXP-COSMO-B02 Downstream only,"[""EXP-COSMO-B02""]","[""EXP-COSMO-C01""]","Audit links to relevant registered protocols; original crosswalk references retained separately. New links are proposed relevance links, not alias confirmation or execution evidence.","[{""historical_reference"": ""EXP-COSMO-B02"", ""canonical_definition_present"": false, ""resolution_status"": ""PENDING / DO NOT MERGE BY ID"", ""candidate_canonical_id"": ""EXP-COSMO-C01"", ""alias_resolution"": ""UNCONFIRMED"", ""referencing_claims"": [""COSMO-E002""], ""required_action"": ""Preserve original reference and reconcile/register its complete protocol explicitly. A related canonical experiment is not a confirmed alias.""}]","[""E-LCL-016""]",N + H,DOWNSTREAM / UNVALIDATED; ILLUSTRATION IS CALIBRATED,EXPLORATORY / HISTORICAL MODEL,"[""Bind website displays to a synthetic/model provenance label; preserve model formulas and coefficients as construction choices. Keep COSMO-E002 downstream; displayed agreement with calibration anchors is not independent confirmation.""]",NO NEW INDEPENDENT REPLICATION PERFORMED
HIST-001,Retained historical assertion 001,,[],"[""EXP-RANK-A01"", ""EXP-TOPO-A01"", ""EXP-MAP-A01""]","Audit links to relevant registered protocols; original crosswalk references retained separately. New links are proposed relevance links, not alias confirmation or execution evidence.",[],"[""E-LCL-006"", ""E-LCL-008"", ""E-LCL-016""]",H + R,HISTORICAL ONLY / RECONSTRUCTION AND NEW CONTROLLED TEST REQUIRED,HISTORICAL MODEL / UNVERIFIED,"[""Retain completed-run reports as historical computational evidence only; reconstruct identical mapping, filtration and survey/null comparisons before TOPO-001 promotion."", ""Retain both null/diagnostic generations. Rebuild adequate null counts, effect sizes, intervals, multiple-comparison controls, code binding and independent arithmetic/astronomical inputs before empirical promotion."", ""Bind website displays to a synthetic/model provenance label; preserve model formulas and coefficients as construction choices. Keep COSMO-E002 downstream; displayed agreement with calibration anchors is not independent confirmation.""]",NO NEW INDEPENDENT REPLICATION PERFORMED
HIST-002,Retained historical assertion 002,,[],"[""EXP-RANK-A01"", ""EXP-RANK-A02""]","Audit links to relevant registered protocols; original crosswalk references retained separately. New links are proposed relevance links, not alias confirmation or execution evidence.",[],"[""E-LCL-005"", ""E-LCL-008""]",H + R,HISTORICAL ONLY / RECONSTRUCTION AND NEW CONTROLLED TEST REQUIRED,HISTORICAL MODEL / UNVERIFIED,"[""Record estimated/proxy status explicitly; prevent3-Selmer exactness or cosmic-evidence promotion from these filenames/results."", ""Retain both null/diagnostic generations. Rebuild adequate null counts, effect sizes, intervals, multiple-comparison controls, code binding and independent arithmetic/astronomical inputs before empirical promotion.""]",NO NEW INDEPENDENT REPLICATION PERFORMED
HIST-003,Retained historical assertion 003,,[],"[""EXP-RANK-A01"", ""EXP-RANK-A02""]","Audit links to relevant registered protocols; original crosswalk references retained separately. New links are proposed relevance links, not alias confirmation or execution evidence.",[],"[""E-LCL-005"", ""E-LCL-008""]",H + R,HISTORICAL ONLY / RECONSTRUCTION AND NEW CONTROLLED TEST REQUIRED,HISTORICAL MODEL / UNVERIFIED,"[""Record estimated/proxy status explicitly; prevent3-Selmer exactness or cosmic-evidence promotion from these filenames/results."", ""Retain both null/diagnostic generations. Rebuild adequate null counts, effect sizes, intervals, multiple-comparison controls, code binding and independent arithmetic/astronomical inputs before empirical promotion.""]",NO NEW INDEPENDENT REPLICATION PERFORMED
HIST-004,Retained historical assertion 004,,[],"[""EXP-RANK-A01"", ""EXP-RANK-A02""]","Audit links to relevant registered protocols; original crosswalk references retained separately. New links are proposed relevance links, not alias confirmation or execution evidence.",[],"[""E-LCL-005"", ""E-LCL-008""]",H + R,HISTORICAL ONLY / RECONSTRUCTION AND NEW CONTROLLED TEST REQUIRED,HISTORICAL MODEL / UNVERIFIED,"[""Record estimated/proxy status explicitly; prevent3-Selmer exactness or cosmic-evidence promotion from these filenames/results."", ""Retain both null/diagnostic generations. Rebuild adequate null counts, effect sizes, intervals, multiple-comparison controls, code binding and independent arithmetic/astronomical inputs before empirical promotion.""]",NO NEW INDEPENDENT REPLICATION PERFORMED
HIST-005,Retained historical assertion 005,,[],"[""EXP-RANK-A01"", ""EXP-RANK-A02""]","Audit links to relevant registered protocols; original crosswalk references retained separately. New links are proposed relevance links, not alias confirmation or execution evidence.",[],"[""E-LCL-005"", ""E-LCL-008""]",H + R,HISTORICAL ONLY / RECONSTRUCTION AND NEW CONTROLLED TEST REQUIRED,HISTORICAL MODEL / UNVERIFIED,"[""Record estimated/proxy status explicitly; prevent3-Selmer exactness or cosmic-evidence promotion from these filenames/results."", ""Retain both null/diagnostic generations. Rebuild adequate null counts, effect sizes, intervals, multiple-comparison controls, code binding and independent arithmetic/astronomical inputs before empirical promotion.""]",NO NEW INDEPENDENT REPLICATION PERFORMED
HIST-006,Retained historical assertion 006,,[],"[""EXP-RANK-A01"", ""EXP-RANK-A02""]","Audit links to relevant registered protocols; original crosswalk references retained separately. New links are proposed relevance links, not alias confirmation or execution evidence.",[],"[""E-LCL-005"", ""E-LCL-008""]",H + R,HISTORICAL ONLY / RECONSTRUCTION AND NEW CONTROLLED TEST REQUIRED,HISTORICAL MODEL / UNVERIFIED,"[""Record estimated/proxy status explicitly; prevent3-Selmer exactness or cosmic-evidence promotion from these filenames/results."", ""Retain both null/diagnostic generations. Rebuild adequate null counts, effect sizes, intervals, multiple-comparison controls, code binding and independent arithmetic/astronomical inputs before empirical promotion.""]",NO NEW INDEPENDENT REPLICATION PERFORMED
HIST-007,Retained historical assertion 007,,[],"[""EXP-TOPO-A01""]","Audit links to relevant registered protocols; original crosswalk references retained separately. New links are proposed relevance links, not alias confirmation or execution evidence.",[],"[""E-LCL-006"", ""E-LCL-008"", ""E-LCL-016""]",H + R,HISTORICAL ONLY / RECONSTRUCTION AND NEW CONTROLLED TEST REQUIRED,HISTORICAL MODEL / UNVERIFIED,"[""Retain completed-run reports as historical computational evidence only; reconstruct identical mapping, filtration and survey/null comparisons before TOPO-001 promotion."", ""Retain both null/diagnostic generations. Rebuild adequate null counts, effect sizes, intervals, multiple-comparison controls, code binding and independent arithmetic/astronomical inputs before empirical promotion."", ""Bind website displays to a synthetic/model provenance label; preserve model formulas and coefficients as construction choices. Keep COSMO-E002 downstream; displayed agreement with calibration anchors is not independent confirmation.""]",NO NEW INDEPENDENT REPLICATION PERFORMED
HIST-008,Retained historical assertion 008,,[],"[""EXP-DATA-A02"", ""EXP-TOPO-A01"", ""EXP-MAP-A01""]","Audit links to relevant registered protocols; original crosswalk references retained separately. New links are proposed relevance links, not alias confirmation or execution evidence.",[],"[""E-LCL-006"", ""E-LCL-008"", ""E-LCL-016""]",H + R,HISTORICAL ONLY / RECONSTRUCTION AND NEW CONTROLLED TEST REQUIRED,HISTORICAL MODEL / UNVERIFIED,"[""Retain completed-run reports as historical computational evidence only; reconstruct identical mapping, filtration and survey/null comparisons before TOPO-001 promotion."", ""Retain both null/diagnostic generations. Rebuild adequate null counts, effect sizes, intervals, multiple-comparison controls, code binding and independent arithmetic/astronomical inputs before empirical promotion."", ""Bind website displays to a synthetic/model provenance label; preserve model formulas and coefficients as construction choices. Keep COSMO-E002 downstream; displayed agreement with calibration anchors is not independent confirmation.""]",NO NEW INDEPENDENT REPLICATION PERFORMED
