directory,action,history_preserved
docs/registries,created,true
experiments,created,true
experiments/reconstruction_candidates,created,true
experiments/reconstruction_candidates/2026-10-03,created,true
historical/r&d/code_log,created,true
historical/r&d/code_log/2026-10-03,created,true
historical/r&d/code_log/2026-10-03/drive,created,true
historical/r&d/code_log/2026-10-03/drive/review candidates,created,true
historical/r&d/code_log/2026-10-03/local,created,true
historical/r&d/code_log/2026-10-03/local/review candidates,created,true
historical/r&d/code_log_triage,created,true
historical/r&d/code_log_triage/2026-10-03,created,true
historical/r&d/code_log_triage/2026-10-03/correction_sources,created,true
historical/r&d/docs,created,true
historical/r&d/docs/provenance_audit,created,true
historical/r&d/docs/provenance_audit/drive_text_snapshots,created,true
historical/r&d/docs/provenance_audit_v0.3,created,true
historical/r&d/docs/provenance_audit_v0.3/drive_text_snapshots,created,true
historical/r&d/quarantine,created,true
historical/r&d/quarantine/2026-10-03_audit,created,true
historical/r&d/quarantine/2026-10-03_audit/projection_packages,created,true
historical/r&d/quarantine/2026-10-03_audit/projection_packages/data,created,true
historical/r&d/quarantine/2026-10-03_audit/projection_packages/data/derived,created,true
historical/r&d/quarantine/2026-10-03_audit/rtch_e1_synthetic,created,true
historical/r&d/quarantine/2026-10-03_audit/rtch_e1_synthetic/nested_350,created,true
historical/r&d/quarantine/2026-10-03_audit/rtch_e1_synthetic/nested_350/data,created,true
historical/r&d/quarantine/2026-10-03_audit/rtch_e1_synthetic/nested_350/results,created,true
historical/r&d/quarantine/2026-10-03_audit/rtch_e1_synthetic/nested_350/results/figures,created,true
historical/r&d/quarantine/2026-10-03_audit/rtch_e1_synthetic/outer_900,created,true
historical/r&d/quarantine/2026-10-03_audit/rtch_e1_synthetic/outer_900/data,created,true
historical/r&d/quarantine/2026-10-03_audit/rtch_e1_synthetic/outer_900/results,created,true
historical/r&d/quarantine/2026-10-03_audit/rtch_e1_synthetic/outer_900/results/figures,created,true
historical/r&d/quarantine/2026-10-03_audit/sdss_hi_match,created,true
