null_id,H0_max_persistence,H1_max_persistence,H2_max_persistence,H3_max_persistence,H0_obs_exceed,H0_empirical_p,H1_obs_exceed,H1_empirical_p,H2_obs_exceed,H2_empirical_p,H3_obs_exceed,H3_empirical_p,feature_set
0,0.011079887859523296,0.0,0.0,0.0,0.011079887859523296,1.0,0.0,1.0,0.0,1.0,0.0,1.0,intrinsic
1,0.011079887859523296,0.0,0.0,0.0,0.011079887859523296,1.0,0.0,1.0,0.0,1.0,0.0,1.0,intrinsic
2,0.011079887859523296,0.0,0.0,0.0,0.011079887859523296,1.0,0.0,1.0,0.0,1.0,0.0,1.0,intrinsic
3,0.011079887859523296,0.0,0.0,0.0,0.011079887859523296,1.0,0.0,1.0,0.0,1.0,0.0,1.0,intrinsic
4,0.011079887859523296,0.0,0.0,0.0,0.011079887859523296,1.0,0.0,1.0,0.0,1.0,0.0,1.0,intrinsic
5,0.011079887859523296,0.0,0.0,0.0,0.011079887859523296,1.0,0.0,1.0,0.0,1.0,0.0,1.0,intrinsic
6,0.011079887859523296,0.0,0.0,0.0,0.011079887859523296,1.0,0.0,1.0,0.0,1.0,0.0,1.0,intrinsic
7,0.011079887859523296,0.0,0.0,0.0,0.011079887859523296,1.0,0.0,1.0,0.0,1.0,0.0,1.0,intrinsic
8,0.011079887859523296,0.0,0.0,0.0,0.011079887859523296,1.0,0.0,1.0,0.0,1.0,0.0,1.0,intrinsic
9,0.011079887859523296,0.0,0.0,0.0,0.011079887859523296,1.0,0.0,1.0,0.0,1.0,0.0,1.0,intrinsic
10,0.011079887859523296,0.0,0.0,0.0,0.011079887859523296,1.0,0.0,1.0,0.0,1.0,0.0,1.0,intrinsic
11,0.011079887859523296,0.0,0.0,0.0,0.011079887859523296,1.0,0.0,1.0,0.0,1.0,0.0,1.0,intrinsic
12,0.011079887859523296,0.0,0.0,0.0,0.011079887859523296,1.0,0.0,1.0,0.0,1.0,0.0,1.0,intrinsic
13,0.011079887859523296,0.0,0.0,0.0,0.011079887859523296,1.0,0.0,1.0,0.0,1.0,0.0,1.0,intrinsic
14,0.011079887859523296,0.0,0.0,0.0,0.011079887859523296,1.0,0.0,1.0,0.0,1.0,0.0,1.0,intrinsic
15,0.011079887859523296,0.0,0.0,0.0,0.011079887859523296,1.0,0.0,1.0,0.0,1.0,0.0,1.0,intrinsic
16,0.011079887859523296,0.0,0.0,0.0,0.011079887859523296,1.0,0.0,1.0,0.0,1.0,0.0,1.0,intrinsic
17,0.011079887859523296,0.0,0.0,0.0,0.011079887859523296,1.0,0.0,1.0,0.0,1.0,0.0,1.0,intrinsic
18,0.011079887859523296,0.0,0.0,0.0,0.011079887859523296,1.0,0.0,1.0,0.0,1.0,0.0,1.0,intrinsic
19,0.011079887859523296,0.0,0.0,0.0,0.011079887859523296,1.0,0.0,1.0,0.0,1.0,0.0,1.0,intrinsic
20,0.011079887859523296,0.0,0.0,0.0,0.011079887859523296,1.0,0.0,1.0,0.0,1.0,0.0,1.0,intrinsic
21,0.011079887859523296,0.0,0.0,0.0,0.011079887859523296,1.0,0.0,1.0,0.0,1.0,0.0,1.0,intrinsic
22,0.011079887859523296,0.0,0.0,0.0,0.011079887859523296,1.0,0.0,1.0,0.0,1.0,0.0,1.0,intrinsic
23,0.011079887859523296,0.0,0.0,0.0,0.011079887859523296,1.0,0.0,1.0,0.0,1.0,0.0,1.0,intrinsic
24,0.011079887859523296,0.0,0.0,0.0,0.011079887859523296,1.0,0.0,1.0,0.0,1.0,0.0,1.0,intrinsic
25,0.011079887859523296,0.0,0.0,0.0,0.011079887859523296,1.0,0.0,1.0,0.0,1.0,0.0,1.0,intrinsic
26,0.011079887859523296,0.0,0.0,0.0,0.011079887859523296,1.0,0.0,1.0,0.0,1.0,0.0,1.0,intrinsic
27,0.011079887859523296,0.0,0.0,0.0,0.011079887859523296,1.0,0.0,1.0,0.0,1.0,0.0,1.0,intrinsic
28,0.011079887859523296,0.0,0.0,0.0,0.011079887859523296,1.0,0.0,1.0,0.0,1.0,0.0,1.0,intrinsic
29,0.011079887859523296,0.0,0.0,0.0,0.011079887859523296,1.0,0.0,1.0,0.0,1.0,0.0,1.0,intrinsic
30,0.011079887859523296,0.0,0.0,0.0,0.011079887859523296,1.0,0.0,1.0,0.0,1.0,0.0,1.0,intrinsic
31,0.011079887859523296,0.0,0.0,0.0,0.011079887859523296,1.0,0.0,1.0,0.0,1.0,0.0,1.0,intrinsic
32,0.011079887859523296,0.0,0.0,0.0,0.011079887859523296,1.0,0.0,1.0,0.0,1.0,0.0,1.0,intrinsic
33,0.011079887859523296,0.0,0.0,0.0,0.011079887859523296,1.0,0.0,1.0,0.0,1.0,0.0,1.0,intrinsic
34,0.011079887859523296,0.0,0.0,0.0,0.011079887859523296,1.0,0.0,1.0,0.0,1.0,0.0,1.0,intrinsic
35,0.011079887859523296,0.0,0.0,0.0,0.011079887859523296,1.0,0.0,1.0,0.0,1.0,0.0,1.0,intrinsic
36,0.011079887859523296,0.0,0.0,0.0,0.011079887859523296,1.0,0.0,1.0,0.0,1.0,0.0,1.0,intrinsic
37,0.011079887859523296,0.0,0.0,0.0,0.011079887859523296,1.0,0.0,1.0,0.0,1.0,0.0,1.0,intrinsic
38,0.011079887859523296,0.0,0.0,0.0,0.011079887859523296,1.0,0.0,1.0,0.0,1.0,0.0,1.0,intrinsic
39,0.011079887859523296,0.0,0.0,0.0,0.011079887859523296,1.0,0.0,1.0,0.0,1.0,0.0,1.0,intrinsic
40,0.011079887859523296,0.0,0.0,0.0,0.011079887859523296,1.0,0.0,1.0,0.0,1.0,0.0,1.0,intrinsic
41,0.011079887859523296,0.0,0.0,0.0,0.011079887859523296,1.0,0.0,1.0,0.0,1.0,0.0,1.0,intrinsic
42,0.011079887859523296,0.0,0.0,0.0,0.011079887859523296,1.0,0.0,1.0,0.0,1.0,0.0,1.0,intrinsic
43,0.011079887859523296,0.0,0.0,0.0,0.011079887859523296,1.0,0.0,1.0,0.0,1.0,0.0,1.0,intrinsic
44,0.011079887859523296,0.0,0.0,0.0,0.011079887859523296,1.0,0.0,1.0,0.0,1.0,0.0,1.0,intrinsic
45,0.011079887859523296,0.0,0.0,0.0,0.011079887859523296,1.0,0.0,1.0,0.0,1.0,0.0,1.0,intrinsic
46,0.011079887859523296,0.0,0.0,0.0,0.011079887859523296,1.0,0.0,1.0,0.0,1.0,0.0,1.0,intrinsic
47,0.011079887859523296,0.0,0.0,0.0,0.011079887859523296,1.0,0.0,1.0,0.0,1.0,0.0,1.0,intrinsic
48,0.011079887859523296,0.0,0.0,0.0,0.011079887859523296,1.0,0.0,1.0,0.0,1.0,0.0,1.0,intrinsic
49,0.011079887859523296,0.0,0.0,0.0,0.011079887859523296,1.0,0.0,1.0,0.0,1.0,0.0,1.0,intrinsic
50,0.011079887859523296,0.0,0.0,0.0,0.011079887859523296,1.0,0.0,1.0,0.0,1.0,0.0,1.0,intrinsic
51,0.011079887859523296,0.0,0.0,0.0,0.011079887859523296,1.0,0.0,1.0,0.0,1.0,0.0,1.0,intrinsic
52,0.011079887859523296,0.0,0.0,0.0,0.011079887859523296,1.0,0.0,1.0,0.0,1.0,0.0,1.0,intrinsic
53,0.011079887859523296,0.0,0.0,0.0,0.011079887859523296,1.0,0.0,1.0,0.0,1.0,0.0,1.0,intrinsic
54,0.011079887859523296,0.0,0.0,0.0,0.011079887859523296,1.0,0.0,1.0,0.0,1.0,0.0,1.0,intrinsic
55,0.011079887859523296,0.0,0.0,0.0,0.011079887859523296,1.0,0.0,1.0,0.0,1.0,0.0,1.0,intrinsic
56,0.011079887859523296,0.0,0.0,0.0,0.011079887859523296,1.0,0.0,1.0,0.0,1.0,0.0,1.0,intrinsic
57,0.011079887859523296,0.0,0.0,0.0,0.011079887859523296,1.0,0.0,1.0,0.0,1.0,0.0,1.0,intrinsic
58,0.011079887859523296,0.0,0.0,0.0,0.011079887859523296,1.0,0.0,1.0,0.0,1.0,0.0,1.0,intrinsic
59,0.011079887859523296,0.0,0.0,0.0,0.011079887859523296,1.0,0.0,1.0,0.0,1.0,0.0,1.0,intrinsic
60,0.011079887859523296,0.0,0.0,0.0,0.011079887859523296,1.0,0.0,1.0,0.0,1.0,0.0,1.0,intrinsic
61,0.011079887859523296,0.0,0.0,0.0,0.011079887859523296,1.0,0.0,1.0,0.0,1.0,0.0,1.0,intrinsic
62,0.011079887859523296,0.0,0.0,0.0,0.011079887859523296,1.0,0.0,1.0,0.0,1.0,0.0,1.0,intrinsic
63,0.011079887859523296,0.0,0.0,0.0,0.011079887859523296,1.0,0.0,1.0,0.0,1.0,0.0,1.0,intrinsic
64,0.011079887859523296,0.0,0.0,0.0,0.011079887859523296,1.0,0.0,1.0,0.0,1.0,0.0,1.0,intrinsic
65,0.011079887859523296,0.0,0.0,0.0,0.011079887859523296,1.0,0.0,1.0,0.0,1.0,0.0,1.0,intrinsic
66,0.011079887859523296,0.0,0.0,0.0,0.011079887859523296,1.0,0.0,1.0,0.0,1.0,0.0,1.0,intrinsic
67,0.011079887859523296,0.0,0.0,0.0,0.011079887859523296,1.0,0.0,1.0,0.0,1.0,0.0,1.0,intrinsic
68,0.011079887859523296,0.0,0.0,0.0,0.011079887859523296,1.0,0.0,1.0,0.0,1.0,0.0,1.0,intrinsic
69,0.011079887859523296,0.0,0.0,0.0,0.011079887859523296,1.0,0.0,1.0,0.0,1.0,0.0,1.0,intrinsic
70,0.011079887859523296,0.0,0.0,0.0,0.011079887859523296,1.0,0.0,1.0,0.0,1.0,0.0,1.0,intrinsic
71,0.011079887859523296,0.0,0.0,0.0,0.011079887859523296,1.0,0.0,1.0,0.0,1.0,0.0,1.0,intrinsic
72,0.011079887859523296,0.0,0.0,0.0,0.011079887859523296,1.0,0.0,1.0,0.0,1.0,0.0,1.0,intrinsic
73,0.011079887859523296,0.0,0.0,0.0,0.011079887859523296,1.0,0.0,1.0,0.0,1.0,0.0,1.0,intrinsic
74,0.011079887859523296,0.0,0.0,0.0,0.011079887859523296,1.0,0.0,1.0,0.0,1.0,0.0,1.0,intrinsic
75,0.011079887859523296,0.0,0.0,0.0,0.011079887859523296,1.0,0.0,1.0,0.0,1.0,0.0,1.0,intrinsic
76,0.011079887859523296,0.0,0.0,0.0,0.011079887859523296,1.0,0.0,1.0,0.0,1.0,0.0,1.0,intrinsic
77,0.011079887859523296,0.0,0.0,0.0,0.011079887859523296,1.0,0.0,1.0,0.0,1.0,0.0,1.0,intrinsic
78,0.011079887859523296,0.0,0.0,0.0,0.011079887859523296,1.0,0.0,1.0,0.0,1.0,0.0,1.0,intrinsic
79,0.011079887859523296,0.0,0.0,0.0,0.011079887859523296,1.0,0.0,1.0,0.0,1.0,0.0,1.0,intrinsic
80,0.011079887859523296,0.0,0.0,0.0,0.011079887859523296,1.0,0.0,1.0,0.0,1.0,0.0,1.0,intrinsic
81,0.011079887859523296,0.0,0.0,0.0,0.011079887859523296,1.0,0.0,1.0,0.0,1.0,0.0,1.0,intrinsic
82,0.011079887859523296,0.0,0.0,0.0,0.011079887859523296,1.0,0.0,1.0,0.0,1.0,0.0,1.0,intrinsic
83,0.011079887859523296,0.0,0.0,0.0,0.011079887859523296,1.0,0.0,1.0,0.0,1.0,0.0,1.0,intrinsic
84,0.011079887859523296,0.0,0.0,0.0,0.011079887859523296,1.0,0.0,1.0,0.0,1.0,0.0,1.0,intrinsic
85,0.011079887859523296,0.0,0.0,0.0,0.011079887859523296,1.0,0.0,1.0,0.0,1.0,0.0,1.0,intrinsic
86,0.011079887859523296,0.0,0.0,0.0,0.011079887859523296,1.0,0.0,1.0,0.0,1.0,0.0,1.0,intrinsic
87,0.011079887859523296,0.0,0.0,0.0,0.011079887859523296,1.0,0.0,1.0,0.0,1.0,0.0,1.0,intrinsic
88,0.011079887859523296,0.0,0.0,0.0,0.011079887859523296,1.0,0.0,1.0,0.0,1.0,0.0,1.0,intrinsic
89,0.011079887859523296,0.0,0.0,0.0,0.011079887859523296,1.0,0.0,1.0,0.0,1.0,0.0,1.0,intrinsic
90,0.011079887859523296,0.0,0.0,0.0,0.011079887859523296,1.0,0.0,1.0,0.0,1.0,0.0,1.0,intrinsic
91,0.011079887859523296,0.0,0.0,0.0,0.011079887859523296,1.0,0.0,1.0,0.0,1.0,0.0,1.0,intrinsic
92,0.011079887859523296,0.0,0.0,0.0,0.011079887859523296,1.0,0.0,1.0,0.0,1.0,0.0,1.0,intrinsic
93,0.011079887859523296,0.0,0.0,0.0,0.011079887859523296,1.0,0.0,1.0,0.0,1.0,0.0,1.0,intrinsic
94,0.011079887859523296,0.0,0.0,0.0,0.011079887859523296,1.0,0.0,1.0,0.0,1.0,0.0,1.0,intrinsic
95,0.011079887859523296,0.0,0.0,0.0,0.011079887859523296,1.0,0.0,1.0,0.0,1.0,0.0,1.0,intrinsic
96,0.011079887859523296,0.0,0.0,0.0,0.011079887859523296,1.0,0.0,1.0,0.0,1.0,0.0,1.0,intrinsic
97,0.011079887859523296,0.0,0.0,0.0,0.011079887859523296,1.0,0.0,1.0,0.0,1.0,0.0,1.0,intrinsic
98,0.011079887859523296,0.0,0.0,0.0,0.011079887859523296,1.0,0.0,1.0,0.0,1.0,0.0,1.0,intrinsic
99,0.011079887859523296,0.0,0.0,0.0,0.011079887859523296,1.0,0.0,1.0,0.0,1.0,0.0,1.0,intrinsic
0,0.011079887859523296,0.0,0.0,0.0,0.011079887859523296,1.0,0.0,1.0,0.0,1.0,0.0,1.0,no_regulator
1,0.011079887859523296,0.0,0.0,0.0,0.011079887859523296,1.0,0.0,1.0,0.0,1.0,0.0,1.0,no_regulator
2,0.011079887859523296,0.0,0.0,0.0,0.011079887859523296,1.0,0.0,1.0,0.0,1.0,0.0,1.0,no_regulator
3,0.011079887859523296,0.0,0.0,0.0,0.011079887859523296,1.0,0.0,1.0,0.0,1.0,0.0,1.0,no_regulator
4,0.011079887859523296,0.0,0.0,0.0,0.011079887859523296,1.0,0.0,1.0,0.0,1.0,0.0,1.0,no_regulator
5,0.011079887859523296,0.0,0.0,0.0,0.011079887859523296,1.0,0.0,1.0,0.0,1.0,0.0,1.0,no_regulator
6,0.011079887859523296,0.0,0.0,0.0,0.011079887859523296,1.0,0.0,1.0,0.0,1.0,0.0,1.0,no_regulator
7,0.011079887859523296,0.0,0.0,0.0,0.011079887859523296,1.0,0.0,1.0,0.0,1.0,0.0,1.0,no_regulator
8,0.011079887859523296,0.0,0.0,0.0,0.011079887859523296,1.0,0.0,1.0,0.0,1.0,0.0,1.0,no_regulator
9,0.011079887859523296,0.0,0.0,0.0,0.011079887859523296,1.0,0.0,1.0,0.0,1.0,0.0,1.0,no_regulator
10,0.011079887859523296,0.0,0.0,0.0,0.011079887859523296,1.0,0.0,1.0,0.0,1.0,0.0,1.0,no_regulator
11,0.011079887859523296,0.0,0.0,0.0,0.011079887859523296,1.0,0.0,1.0,0.0,1.0,0.0,1.0,no_regulator
12,0.011079887859523296,0.0,0.0,0.0,0.011079887859523296,1.0,0.0,1.0,0.0,1.0,0.0,1.0,no_regulator
13,0.011079887859523296,0.0,0.0,0.0,0.011079887859523296,1.0,0.0,1.0,0.0,1.0,0.0,1.0,no_regulator
14,0.011079887859523296,0.0,0.0,0.0,0.011079887859523296,1.0,0.0,1.0,0.0,1.0,0.0,1.0,no_regulator
15,0.011079887859523296,0.0,0.0,0.0,0.011079887859523296,1.0,0.0,1.0,0.0,1.0,0.0,1.0,no_regulator
16,0.011079887859523296,0.0,0.0,0.0,0.011079887859523296,1.0,0.0,1.0,0.0,1.0,0.0,1.0,no_regulator
17,0.011079887859523296,0.0,0.0,0.0,0.011079887859523296,1.0,0.0,1.0,0.0,1.0,0.0,1.0,no_regulator
18,0.011079887859523296,0.0,0.0,0.0,0.011079887859523296,1.0,0.0,1.0,0.0,1.0,0.0,1.0,no_regulator
19,0.011079887859523296,0.0,0.0,0.0,0.011079887859523296,1.0,0.0,1.0,0.0,1.0,0.0,1.0,no_regulator
20,0.011079887859523296,0.0,0.0,0.0,0.011079887859523296,1.0,0.0,1.0,0.0,1.0,0.0,1.0,no_regulator
21,0.011079887859523296,0.0,0.0,0.0,0.011079887859523296,1.0,0.0,1.0,0.0,1.0,0.0,1.0,no_regulator
22,0.011079887859523296,0.0,0.0,0.0,0.011079887859523296,1.0,0.0,1.0,0.0,1.0,0.0,1.0,no_regulator
23,0.011079887859523296,0.0,0.0,0.0,0.011079887859523296,1.0,0.0,1.0,0.0,1.0,0.0,1.0,no_regulator
24,0.011079887859523296,0.0,0.0,0.0,0.011079887859523296,1.0,0.0,1.0,0.0,1.0,0.0,1.0,no_regulator
25,0.011079887859523296,0.0,0.0,0.0,0.011079887859523296,1.0,0.0,1.0,0.0,1.0,0.0,1.0,no_regulator
26,0.011079887859523296,0.0,0.0,0.0,0.011079887859523296,1.0,0.0,1.0,0.0,1.0,0.0,1.0,no_regulator
27,0.011079887859523296,0.0,0.0,0.0,0.011079887859523296,1.0,0.0,1.0,0.0,1.0,0.0,1.0,no_regulator
28,0.011079887859523296,0.0,0.0,0.0,0.011079887859523296,1.0,0.0,1.0,0.0,1.0,0.0,1.0,no_regulator
29,0.011079887859523296,0.0,0.0,0.0,0.011079887859523296,1.0,0.0,1.0,0.0,1.0,0.0,1.0,no_regulator
30,0.011079887859523296,0.0,0.0,0.0,0.011079887859523296,1.0,0.0,1.0,0.0,1.0,0.0,1.0,no_regulator
31,0.011079887859523296,0.0,0.0,0.0,0.011079887859523296,1.0,0.0,1.0,0.0,1.0,0.0,1.0,no_regulator
32,0.011079887859523296,0.0,0.0,0.0,0.011079887859523296,1.0,0.0,1.0,0.0,1.0,0.0,1.0,no_regulator
33,0.011079887859523296,0.0,0.0,0.0,0.011079887859523296,1.0,0.0,1.0,0.0,1.0,0.0,1.0,no_regulator
34,0.011079887859523296,0.0,0.0,0.0,0.011079887859523296,1.0,0.0,1.0,0.0,1.0,0.0,1.0,no_regulator
35,0.011079887859523296,0.0,0.0,0.0,0.011079887859523296,1.0,0.0,1.0,0.0,1.0,0.0,1.0,no_regulator
36,0.011079887859523296,0.0,0.0,0.0,0.011079887859523296,1.0,0.0,1.0,0.0,1.0,0.0,1.0,no_regulator
37,0.011079887859523296,0.0,0.0,0.0,0.011079887859523296,1.0,0.0,1.0,0.0,1.0,0.0,1.0,no_regulator
38,0.011079887859523296,0.0,0.0,0.0,0.011079887859523296,1.0,0.0,1.0,0.0,1.0,0.0,1.0,no_regulator
39,0.011079887859523296,0.0,0.0,0.0,0.011079887859523296,1.0,0.0,1.0,0.0,1.0,0.0,1.0,no_regulator
40,0.011079887859523296,0.0,0.0,0.0,0.011079887859523296,1.0,0.0,1.0,0.0,1.0,0.0,1.0,no_regulator
41,0.011079887859523296,0.0,0.0,0.0,0.011079887859523296,1.0,0.0,1.0,0.0,1.0,0.0,1.0,no_regulator
42,0.011079887859523296,0.0,0.0,0.0,0.011079887859523296,1.0,0.0,1.0,0.0,1.0,0.0,1.0,no_regulator
43,0.011079887859523296,0.0,0.0,0.0,0.011079887859523296,1.0,0.0,1.0,0.0,1.0,0.0,1.0,no_regulator
44,0.011079887859523296,0.0,0.0,0.0,0.011079887859523296,1.0,0.0,1.0,0.0,1.0,0.0,1.0,no_regulator
45,0.011079887859523296,0.0,0.0,0.0,0.011079887859523296,1.0,0.0,1.0,0.0,1.0,0.0,1.0,no_regulator
46,0.011079887859523296,0.0,0.0,0.0,0.011079887859523296,1.0,0.0,1.0,0.0,1.0,0.0,1.0,no_regulator
47,0.011079887859523296,0.0,0.0,0.0,0.011079887859523296,1.0,0.0,1.0,0.0,1.0,0.0,1.0,no_regulator
48,0.011079887859523296,0.0,0.0,0.0,0.011079887859523296,1.0,0.0,1.0,0.0,1.0,0.0,1.0,no_regulator
49,0.011079887859523296,0.0,0.0,0.0,0.011079887859523296,1.0,0.0,1.0,0.0,1.0,0.0,1.0,no_regulator
50,0.011079887859523296,0.0,0.0,0.0,0.011079887859523296,1.0,0.0,1.0,0.0,1.0,0.0,1.0,no_regulator
51,0.011079887859523296,0.0,0.0,0.0,0.011079887859523296,1.0,0.0,1.0,0.0,1.0,0.0,1.0,no_regulator
52,0.011079887859523296,0.0,0.0,0.0,0.011079887859523296,1.0,0.0,1.0,0.0,1.0,0.0,1.0,no_regulator
53,0.011079887859523296,0.0,0.0,0.0,0.011079887859523296,1.0,0.0,1.0,0.0,1.0,0.0,1.0,no_regulator
54,0.011079887859523296,0.0,0.0,0.0,0.011079887859523296,1.0,0.0,1.0,0.0,1.0,0.0,1.0,no_regulator
55,0.011079887859523296,0.0,0.0,0.0,0.011079887859523296,1.0,0.0,1.0,0.0,1.0,0.0,1.0,no_regulator
56,0.011079887859523296,0.0,0.0,0.0,0.011079887859523296,1.0,0.0,1.0,0.0,1.0,0.0,1.0,no_regulator
57,0.011079887859523296,0.0,0.0,0.0,0.011079887859523296,1.0,0.0,1.0,0.0,1.0,0.0,1.0,no_regulator
58,0.011079887859523296,0.0,0.0,0.0,0.011079887859523296,1.0,0.0,1.0,0.0,1.0,0.0,1.0,no_regulator
59,0.011079887859523296,0.0,0.0,0.0,0.011079887859523296,1.0,0.0,1.0,0.0,1.0,0.0,1.0,no_regulator
60,0.011079887859523296,0.0,0.0,0.0,0.011079887859523296,1.0,0.0,1.0,0.0,1.0,0.0,1.0,no_regulator
61,0.011079887859523296,0.0,0.0,0.0,0.011079887859523296,1.0,0.0,1.0,0.0,1.0,0.0,1.0,no_regulator
62,0.011079887859523296,0.0,0.0,0.0,0.011079887859523296,1.0,0.0,1.0,0.0,1.0,0.0,1.0,no_regulator
63,0.011079887859523296,0.0,0.0,0.0,0.011079887859523296,1.0,0.0,1.0,0.0,1.0,0.0,1.0,no_regulator
64,0.011079887859523296,0.0,0.0,0.0,0.011079887859523296,1.0,0.0,1.0,0.0,1.0,0.0,1.0,no_regulator
65,0.011079887859523296,0.0,0.0,0.0,0.011079887859523296,1.0,0.0,1.0,0.0,1.0,0.0,1.0,no_regulator
66,0.011079887859523296,0.0,0.0,0.0,0.011079887859523296,1.0,0.0,1.0,0.0,1.0,0.0,1.0,no_regulator
67,0.011079887859523296,0.0,0.0,0.0,0.011079887859523296,1.0,0.0,1.0,0.0,1.0,0.0,1.0,no_regulator
68,0.011079887859523296,0.0,0.0,0.0,0.011079887859523296,1.0,0.0,1.0,0.0,1.0,0.0,1.0,no_regulator
69,0.011079887859523296,0.0,0.0,0.0,0.011079887859523296,1.0,0.0,1.0,0.0,1.0,0.0,1.0,no_regulator
70,0.011079887859523296,0.0,0.0,0.0,0.011079887859523296,1.0,0.0,1.0,0.0,1.0,0.0,1.0,no_regulator
71,0.011079887859523296,0.0,0.0,0.0,0.011079887859523296,1.0,0.0,1.0,0.0,1.0,0.0,1.0,no_regulator
72,0.011079887859523296,0.0,0.0,0.0,0.011079887859523296,1.0,0.0,1.0,0.0,1.0,0.0,1.0,no_regulator
73,0.011079887859523296,0.0,0.0,0.0,0.011079887859523296,1.0,0.0,1.0,0.0,1.0,0.0,1.0,no_regulator
74,0.011079887859523296,0.0,0.0,0.0,0.011079887859523296,1.0,0.0,1.0,0.0,1.0,0.0,1.0,no_regulator
75,0.011079887859523296,0.0,0.0,0.0,0.011079887859523296,1.0,0.0,1.0,0.0,1.0,0.0,1.0,no_regulator
76,0.011079887859523296,0.0,0.0,0.0,0.011079887859523296,1.0,0.0,1.0,0.0,1.0,0.0,1.0,no_regulator
77,0.011079887859523296,0.0,0.0,0.0,0.011079887859523296,1.0,0.0,1.0,0.0,1.0,0.0,1.0,no_regulator
78,0.011079887859523296,0.0,0.0,0.0,0.011079887859523296,1.0,0.0,1.0,0.0,1.0,0.0,1.0,no_regulator
79,0.011079887859523296,0.0,0.0,0.0,0.011079887859523296,1.0,0.0,1.0,0.0,1.0,0.0,1.0,no_regulator
80,0.011079887859523296,0.0,0.0,0.0,0.011079887859523296,1.0,0.0,1.0,0.0,1.0,0.0,1.0,no_regulator
81,0.011079887859523296,0.0,0.0,0.0,0.011079887859523296,1.0,0.0,1.0,0.0,1.0,0.0,1.0,no_regulator
82,0.011079887859523296,0.0,0.0,0.0,0.011079887859523296,1.0,0.0,1.0,0.0,1.0,0.0,1.0,no_regulator
83,0.011079887859523296,0.0,0.0,0.0,0.011079887859523296,1.0,0.0,1.0,0.0,1.0,0.0,1.0,no_regulator
84,0.011079887859523296,0.0,0.0,0.0,0.011079887859523296,1.0,0.0,1.0,0.0,1.0,0.0,1.0,no_regulator
85,0.011079887859523296,0.0,0.0,0.0,0.011079887859523296,1.0,0.0,1.0,0.0,1.0,0.0,1.0,no_regulator
86,0.011079887859523296,0.0,0.0,0.0,0.011079887859523296,1.0,0.0,1.0,0.0,1.0,0.0,1.0,no_regulator
87,0.011079887859523296,0.0,0.0,0.0,0.011079887859523296,1.0,0.0,1.0,0.0,1.0,0.0,1.0,no_regulator
88,0.011079887859523296,0.0,0.0,0.0,0.011079887859523296,1.0,0.0,1.0,0.0,1.0,0.0,1.0,no_regulator
89,0.011079887859523296,0.0,0.0,0.0,0.011079887859523296,1.0,0.0,1.0,0.0,1.0,0.0,1.0,no_regulator
90,0.011079887859523296,0.0,0.0,0.0,0.011079887859523296,1.0,0.0,1.0,0.0,1.0,0.0,1.0,no_regulator
91,0.011079887859523296,0.0,0.0,0.0,0.011079887859523296,1.0,0.0,1.0,0.0,1.0,0.0,1.0,no_regulator
92,0.011079887859523296,0.0,0.0,0.0,0.011079887859523296,1.0,0.0,1.0,0.0,1.0,0.0,1.0,no_regulator
93,0.011079887859523296,0.0,0.0,0.0,0.011079887859523296,1.0,0.0,1.0,0.0,1.0,0.0,1.0,no_regulator
94,0.011079887859523296,0.0,0.0,0.0,0.011079887859523296,1.0,0.0,1.0,0.0,1.0,0.0,1.0,no_regulator
95,0.011079887859523296,0.0,0.0,0.0,0.011079887859523296,1.0,0.0,1.0,0.0,1.0,0.0,1.0,no_regulator
96,0.011079887859523296,0.0,0.0,0.0,0.011079887859523296,1.0,0.0,1.0,0.0,1.0,0.0,1.0,no_regulator
97,0.011079887859523296,0.0,0.0,0.0,0.011079887859523296,1.0,0.0,1.0,0.0,1.0,0.0,1.0,no_regulator
98,0.011079887859523296,0.0,0.0,0.0,0.011079887859523296,1.0,0.0,1.0,0.0,1.0,0.0,1.0,no_regulator
99,0.011079887859523296,0.0,0.0,0.0,0.011079887859523296,1.0,0.0,1.0,0.0,1.0,0.0,1.0,no_regulator
0,0.0,0.0,0.0,0.0,0.0,1.0,0.0,1.0,0.0,1.0,0.0,1.0,minimal
1,0.0,0.0,0.0,0.0,0.0,1.0,0.0,1.0,0.0,1.0,0.0,1.0,minimal
2,0.0,0.0,0.0,0.0,0.0,1.0,0.0,1.0,0.0,1.0,0.0,1.0,minimal
3,0.0,0.0,0.0,0.0,0.0,1.0,0.0,1.0,0.0,1.0,0.0,1.0,minimal
4,0.0,0.0,0.0,0.0,0.0,1.0,0.0,1.0,0.0,1.0,0.0,1.0,minimal
5,0.0,0.0,0.0,0.0,0.0,1.0,0.0,1.0,0.0,1.0,0.0,1.0,minimal
6,0.0,0.0,0.0,0.0,0.0,1.0,0.0,1.0,0.0,1.0,0.0,1.0,minimal
7,0.0,0.0,0.0,0.0,0.0,1.0,0.0,1.0,0.0,1.0,0.0,1.0,minimal
8,0.0,0.0,0.0,0.0,0.0,1.0,0.0,1.0,0.0,1.0,0.0,1.0,minimal
9,0.0,0.0,0.0,0.0,0.0,1.0,0.0,1.0,0.0,1.0,0.0,1.0,minimal
10,0.0,0.0,0.0,0.0,0.0,1.0,0.0,1.0,0.0,1.0,0.0,1.0,minimal
11,0.0,0.0,0.0,0.0,0.0,1.0,0.0,1.0,0.0,1.0,0.0,1.0,minimal
12,0.0,0.0,0.0,0.0,0.0,1.0,0.0,1.0,0.0,1.0,0.0,1.0,minimal
13,0.0,0.0,0.0,0.0,0.0,1.0,0.0,1.0,0.0,1.0,0.0,1.0,minimal
14,0.0,0.0,0.0,0.0,0.0,1.0,0.0,1.0,0.0,1.0,0.0,1.0,minimal
15,0.0,0.0,0.0,0.0,0.0,1.0,0.0,1.0,0.0,1.0,0.0,1.0,minimal
16,0.0,0.0,0.0,0.0,0.0,1.0,0.0,1.0,0.0,1.0,0.0,1.0,minimal
17,0.0,0.0,0.0,0.0,0.0,1.0,0.0,1.0,0.0,1.0,0.0,1.0,minimal
18,0.0,0.0,0.0,0.0,0.0,1.0,0.0,1.0,0.0,1.0,0.0,1.0,minimal
19,0.0,0.0,0.0,0.0,0.0,1.0,0.0,1.0,0.0,1.0,0.0,1.0,minimal
20,0.0,0.0,0.0,0.0,0.0,1.0,0.0,1.0,0.0,1.0,0.0,1.0,minimal
21,0.0,0.0,0.0,0.0,0.0,1.0,0.0,1.0,0.0,1.0,0.0,1.0,minimal
22,0.0,0.0,0.0,0.0,0.0,1.0,0.0,1.0,0.0,1.0,0.0,1.0,minimal
23,0.0,0.0,0.0,0.0,0.0,1.0,0.0,1.0,0.0,1.0,0.0,1.0,minimal
24,0.0,0.0,0.0,0.0,0.0,1.0,0.0,1.0,0.0,1.0,0.0,1.0,minimal
25,0.0,0.0,0.0,0.0,0.0,1.0,0.0,1.0,0.0,1.0,0.0,1.0,minimal
26,0.0,0.0,0.0,0.0,0.0,1.0,0.0,1.0,0.0,1.0,0.0,1.0,minimal
27,0.0,0.0,0.0,0.0,0.0,1.0,0.0,1.0,0.0,1.0,0.0,1.0,minimal
28,0.0,0.0,0.0,0.0,0.0,1.0,0.0,1.0,0.0,1.0,0.0,1.0,minimal
29,0.0,0.0,0.0,0.0,0.0,1.0,0.0,1.0,0.0,1.0,0.0,1.0,minimal
30,0.0,0.0,0.0,0.0,0.0,1.0,0.0,1.0,0.0,1.0,0.0,1.0,minimal
31,0.0,0.0,0.0,0.0,0.0,1.0,0.0,1.0,0.0,1.0,0.0,1.0,minimal
32,0.0,0.0,0.0,0.0,0.0,1.0,0.0,1.0,0.0,1.0,0.0,1.0,minimal
33,0.0,0.0,0.0,0.0,0.0,1.0,0.0,1.0,0.0,1.0,0.0,1.0,minimal
34,0.0,0.0,0.0,0.0,0.0,1.0,0.0,1.0,0.0,1.0,0.0,1.0,minimal
35,0.0,0.0,0.0,0.0,0.0,1.0,0.0,1.0,0.0,1.0,0.0,1.0,minimal
36,0.0,0.0,0.0,0.0,0.0,1.0,0.0,1.0,0.0,1.0,0.0,1.0,minimal
37,0.0,0.0,0.0,0.0,0.0,1.0,0.0,1.0,0.0,1.0,0.0,1.0,minimal
38,0.0,0.0,0.0,0.0,0.0,1.0,0.0,1.0,0.0,1.0,0.0,1.0,minimal
39,0.0,0.0,0.0,0.0,0.0,1.0,0.0,1.0,0.0,1.0,0.0,1.0,minimal
40,0.0,0.0,0.0,0.0,0.0,1.0,0.0,1.0,0.0,1.0,0.0,1.0,minimal
41,0.0,0.0,0.0,0.0,0.0,1.0,0.0,1.0,0.0,1.0,0.0,1.0,minimal
42,0.0,0.0,0.0,0.0,0.0,1.0,0.0,1.0,0.0,1.0,0.0,1.0,minimal
43,0.0,0.0,0.0,0.0,0.0,1.0,0.0,1.0,0.0,1.0,0.0,1.0,minimal
44,0.0,0.0,0.0,0.0,0.0,1.0,0.0,1.0,0.0,1.0,0.0,1.0,minimal
45,0.0,0.0,0.0,0.0,0.0,1.0,0.0,1.0,0.0,1.0,0.0,1.0,minimal
46,0.0,0.0,0.0,0.0,0.0,1.0,0.0,1.0,0.0,1.0,0.0,1.0,minimal
47,0.0,0.0,0.0,0.0,0.0,1.0,0.0,1.0,0.0,1.0,0.0,1.0,minimal
48,0.0,0.0,0.0,0.0,0.0,1.0,0.0,1.0,0.0,1.0,0.0,1.0,minimal
49,0.0,0.0,0.0,0.0,0.0,1.0,0.0,1.0,0.0,1.0,0.0,1.0,minimal
50,0.0,0.0,0.0,0.0,0.0,1.0,0.0,1.0,0.0,1.0,0.0,1.0,minimal
51,0.0,0.0,0.0,0.0,0.0,1.0,0.0,1.0,0.0,1.0,0.0,1.0,minimal
52,0.0,0.0,0.0,0.0,0.0,1.0,0.0,1.0,0.0,1.0,0.0,1.0,minimal
53,0.0,0.0,0.0,0.0,0.0,1.0,0.0,1.0,0.0,1.0,0.0,1.0,minimal
54,0.0,0.0,0.0,0.0,0.0,1.0,0.0,1.0,0.0,1.0,0.0,1.0,minimal
55,0.0,0.0,0.0,0.0,0.0,1.0,0.0,1.0,0.0,1.0,0.0,1.0,minimal
56,0.0,0.0,0.0,0.0,0.0,1.0,0.0,1.0,0.0,1.0,0.0,1.0,minimal
57,0.0,0.0,0.0,0.0,0.0,1.0,0.0,1.0,0.0,1.0,0.0,1.0,minimal
58,0.0,0.0,0.0,0.0,0.0,1.0,0.0,1.0,0.0,1.0,0.0,1.0,minimal
59,0.0,0.0,0.0,0.0,0.0,1.0,0.0,1.0,0.0,1.0,0.0,1.0,minimal
60,0.0,0.0,0.0,0.0,0.0,1.0,0.0,1.0,0.0,1.0,0.0,1.0,minimal
61,0.0,0.0,0.0,0.0,0.0,1.0,0.0,1.0,0.0,1.0,0.0,1.0,minimal
62,0.0,0.0,0.0,0.0,0.0,1.0,0.0,1.0,0.0,1.0,0.0,1.0,minimal
63,0.0,0.0,0.0,0.0,0.0,1.0,0.0,1.0,0.0,1.0,0.0,1.0,minimal
64,0.0,0.0,0.0,0.0,0.0,1.0,0.0,1.0,0.0,1.0,0.0,1.0,minimal
65,0.0,0.0,0.0,0.0,0.0,1.0,0.0,1.0,0.0,1.0,0.0,1.0,minimal
66,0.0,0.0,0.0,0.0,0.0,1.0,0.0,1.0,0.0,1.0,0.0,1.0,minimal
67,0.0,0.0,0.0,0.0,0.0,1.0,0.0,1.0,0.0,1.0,0.0,1.0,minimal
68,0.0,0.0,0.0,0.0,0.0,1.0,0.0,1.0,0.0,1.0,0.0,1.0,minimal
69,0.0,0.0,0.0,0.0,0.0,1.0,0.0,1.0,0.0,1.0,0.0,1.0,minimal
70,0.0,0.0,0.0,0.0,0.0,1.0,0.0,1.0,0.0,1.0,0.0,1.0,minimal
71,0.0,0.0,0.0,0.0,0.0,1.0,0.0,1.0,0.0,1.0,0.0,1.0,minimal
72,0.0,0.0,0.0,0.0,0.0,1.0,0.0,1.0,0.0,1.0,0.0,1.0,minimal
73,0.0,0.0,0.0,0.0,0.0,1.0,0.0,1.0,0.0,1.0,0.0,1.0,minimal
74,0.0,0.0,0.0,0.0,0.0,1.0,0.0,1.0,0.0,1.0,0.0,1.0,minimal
75,0.0,0.0,0.0,0.0,0.0,1.0,0.0,1.0,0.0,1.0,0.0,1.0,minimal
76,0.0,0.0,0.0,0.0,0.0,1.0,0.0,1.0,0.0,1.0,0.0,1.0,minimal
77,0.0,0.0,0.0,0.0,0.0,1.0,0.0,1.0,0.0,1.0,0.0,1.0,minimal
78,0.0,0.0,0.0,0.0,0.0,1.0,0.0,1.0,0.0,1.0,0.0,1.0,minimal
79,0.0,0.0,0.0,0.0,0.0,1.0,0.0,1.0,0.0,1.0,0.0,1.0,minimal
80,0.0,0.0,0.0,0.0,0.0,1.0,0.0,1.0,0.0,1.0,0.0,1.0,minimal
81,0.0,0.0,0.0,0.0,0.0,1.0,0.0,1.0,0.0,1.0,0.0,1.0,minimal
82,0.0,0.0,0.0,0.0,0.0,1.0,0.0,1.0,0.0,1.0,0.0,1.0,minimal
83,0.0,0.0,0.0,0.0,0.0,1.0,0.0,1.0,0.0,1.0,0.0,1.0,minimal
84,0.0,0.0,0.0,0.0,0.0,1.0,0.0,1.0,0.0,1.0,0.0,1.0,minimal
85,0.0,0.0,0.0,0.0,0.0,1.0,0.0,1.0,0.0,1.0,0.0,1.0,minimal
86,0.0,0.0,0.0,0.0,0.0,1.0,0.0,1.0,0.0,1.0,0.0,1.0,minimal
87,0.0,0.0,0.0,0.0,0.0,1.0,0.0,1.0,0.0,1.0,0.0,1.0,minimal
88,0.0,0.0,0.0,0.0,0.0,1.0,0.0,1.0,0.0,1.0,0.0,1.0,minimal
89,0.0,0.0,0.0,0.0,0.0,1.0,0.0,1.0,0.0,1.0,0.0,1.0,minimal
90,0.0,0.0,0.0,0.0,0.0,1.0,0.0,1.0,0.0,1.0,0.0,1.0,minimal
91,0.0,0.0,0.0,0.0,0.0,1.0,0.0,1.0,0.0,1.0,0.0,1.0,minimal
92,0.0,0.0,0.0,0.0,0.0,1.0,0.0,1.0,0.0,1.0,0.0,1.0,minimal
93,0.0,0.0,0.0,0.0,0.0,1.0,0.0,1.0,0.0,1.0,0.0,1.0,minimal
94,0.0,0.0,0.0,0.0,0.0,1.0,0.0,1.0,0.0,1.0,0.0,1.0,minimal
95,0.0,0.0,0.0,0.0,0.0,1.0,0.0,1.0,0.0,1.0,0.0,1.0,minimal
96,0.0,0.0,0.0,0.0,0.0,1.0,0.0,1.0,0.0,1.0,0.0,1.0,minimal
97,0.0,0.0,0.0,0.0,0.0,1.0,0.0,1.0,0.0,1.0,0.0,1.0,minimal
98,0.0,0.0,0.0,0.0,0.0,1.0,0.0,1.0,0.0,1.0,0.0,1.0,minimal
99,0.0,0.0,0.0,0.0,0.0,1.0,0.0,1.0,0.0,1.0,0.0,1.0,minimal
