dimension,feature,birth,death,persistence,feature_set
0,0,0.0,0.006829484365880489,0.006829484365880489,intrinsic
0,1,0.0,0.015141742303967476,0.015141742303967476,intrinsic
0,2,0.0,0.019615817815065384,0.019615817815065384,intrinsic
0,3,0.0,0.022306187078356743,0.022306187078356743,intrinsic
0,4,0.0,0.024282926693558693,0.024282926693558693,intrinsic
0,5,0.0,0.02537955529987812,0.02537955529987812,intrinsic
0,6,0.0,0.025742165744304657,0.025742165744304657,intrinsic
0,7,0.0,0.027585133910179138,0.027585133910179138,intrinsic
0,8,0.0,0.02901720628142357,0.02901720628142357,intrinsic
0,9,0.0,0.03239631652832031,0.03239631652832031,intrinsic
0,10,0.0,0.033568404614925385,0.033568404614925385,intrinsic
0,11,0.0,0.03361048176884651,0.03361048176884651,intrinsic
0,12,0.0,0.03426291048526764,0.03426291048526764,intrinsic
0,13,0.0,0.035627756267786026,0.035627756267786026,intrinsic
0,14,0.0,0.036824654787778854,0.036824654787778854,intrinsic
0,15,0.0,0.037178657948970795,0.037178657948970795,intrinsic
0,16,0.0,0.03733208402991295,0.03733208402991295,intrinsic
0,17,0.0,0.037371132522821426,0.037371132522821426,intrinsic
0,18,0.0,0.038041986525058746,0.038041986525058746,intrinsic
0,19,0.0,0.03845663741230965,0.03845663741230965,intrinsic
0,20,0.0,0.03849348425865173,0.03849348425865173,intrinsic
0,21,0.0,0.03885343298316002,0.03885343298316002,intrinsic
0,22,0.0,0.03954656794667244,0.03954656794667244,intrinsic
0,23,0.0,0.040113311260938644,0.040113311260938644,intrinsic
0,24,0.0,0.041820213198661804,0.041820213198661804,intrinsic
0,25,0.0,0.042205020785331726,0.042205020785331726,intrinsic
0,26,0.0,0.04321153461933136,0.04321153461933136,intrinsic
0,27,0.0,0.0432993546128273,0.0432993546128273,intrinsic
0,28,0.0,0.04443354159593582,0.04443354159593582,intrinsic
0,29,0.0,0.04496622085571289,0.04496622085571289,intrinsic
0,30,0.0,0.045596856623888016,0.045596856623888016,intrinsic
0,31,0.0,0.04694647341966629,0.04694647341966629,intrinsic
0,32,0.0,0.04800523445010185,0.04800523445010185,intrinsic
0,33,0.0,0.04871320351958275,0.04871320351958275,intrinsic
0,34,0.0,0.048727527260780334,0.048727527260780334,intrinsic
0,35,0.0,0.04900606349110603,0.04900606349110603,intrinsic
0,36,0.0,0.04966873303055763,0.04966873303055763,intrinsic
0,37,0.0,0.051554612815380096,0.051554612815380096,intrinsic
0,38,0.0,0.052738357335329056,0.052738357335329056,intrinsic
0,39,0.0,0.05668028071522713,0.05668028071522713,intrinsic
0,40,0.0,0.05711332708597183,0.05711332708597183,intrinsic
0,41,0.0,0.0571327842772007,0.0571327842772007,intrinsic
0,42,0.0,0.05733541399240494,0.05733541399240494,intrinsic
0,43,0.0,0.05798591300845146,0.05798591300845146,intrinsic
0,44,0.0,0.05833373963832855,0.05833373963832855,intrinsic
0,45,0.0,0.05851518362760544,0.05851518362760544,intrinsic
0,46,0.0,0.05864623561501503,0.05864623561501503,intrinsic
0,47,0.0,0.05899891257286072,0.05899891257286072,intrinsic
0,48,0.0,0.05901550129055977,0.05901550129055977,intrinsic
0,49,0.0,0.060050398111343384,0.060050398111343384,intrinsic
0,50,0.0,0.06008613854646683,0.06008613854646683,intrinsic
0,51,0.0,0.060312218964099884,0.060312218964099884,intrinsic
0,52,0.0,0.06091761589050293,0.06091761589050293,intrinsic
0,53,0.0,0.0610191784799099,0.0610191784799099,intrinsic
0,54,0.0,0.06105616316199303,0.06105616316199303,intrinsic
0,55,0.0,0.06247889995574951,0.06247889995574951,intrinsic
0,56,0.0,0.06303344666957855,0.06303344666957855,intrinsic
0,57,0.0,0.06315679848194122,0.06315679848194122,intrinsic
0,58,0.0,0.06344342231750488,0.06344342231750488,intrinsic
0,59,0.0,0.06401708722114563,0.06401708722114563,intrinsic
0,60,0.0,0.06455937027931213,0.06455937027931213,intrinsic
0,61,0.0,0.06547655165195465,0.06547655165195465,intrinsic
0,62,0.0,0.06558768451213837,0.06558768451213837,intrinsic
0,63,0.0,0.0671377182006836,0.0671377182006836,intrinsic
0,64,0.0,0.0671735405921936,0.0671735405921936,intrinsic
0,65,0.0,0.06738471239805222,0.06738471239805222,intrinsic
0,66,0.0,0.06906476616859436,0.06906476616859436,intrinsic
0,67,0.0,0.07035894691944122,0.07035894691944122,intrinsic
0,68,0.0,0.07113568484783173,0.07113568484783173,intrinsic
0,69,0.0,0.07134754955768585,0.07134754955768585,intrinsic
0,70,0.0,0.07148681581020355,0.07148681581020355,intrinsic
0,71,0.0,0.07168059796094894,0.07168059796094894,intrinsic
0,72,0.0,0.07172510772943497,0.07172510772943497,intrinsic
0,73,0.0,0.07199007272720337,0.07199007272720337,intrinsic
0,74,0.0,0.07205206155776978,0.07205206155776978,intrinsic
0,75,0.0,0.0732521340250969,0.0732521340250969,intrinsic
0,76,0.0,0.07338226586580276,0.07338226586580276,intrinsic
0,77,0.0,0.07341594249010086,0.07341594249010086,intrinsic
0,78,0.0,0.07399750500917435,0.07399750500917435,intrinsic
0,79,0.0,0.07401180267333984,0.07401180267333984,intrinsic
0,80,0.0,0.07418233156204224,0.07418233156204224,intrinsic
0,81,0.0,0.07449464499950409,0.07449464499950409,intrinsic
0,82,0.0,0.07491733133792877,0.07491733133792877,intrinsic
0,83,0.0,0.07560214400291443,0.07560214400291443,intrinsic
0,84,0.0,0.07601147890090942,0.07601147890090942,intrinsic
0,85,0.0,0.07604265958070755,0.07604265958070755,intrinsic
0,86,0.0,0.07650190591812134,0.07650190591812134,intrinsic
0,87,0.0,0.07677429914474487,0.07677429914474487,intrinsic
0,88,0.0,0.07702416926622391,0.07702416926622391,intrinsic
0,89,0.0,0.07718174904584885,0.07718174904584885,intrinsic
0,90,0.0,0.07807670533657074,0.07807670533657074,intrinsic
0,91,0.0,0.0796179324388504,0.0796179324388504,intrinsic
0,92,0.0,0.07976052165031433,0.07976052165031433,intrinsic
0,93,0.0,0.07983417063951492,0.07983417063951492,intrinsic
0,94,0.0,0.08056876063346863,0.08056876063346863,intrinsic
0,95,0.0,0.08127856254577637,0.08127856254577637,intrinsic
0,96,0.0,0.0815793052315712,0.0815793052315712,intrinsic
0,97,0.0,0.0817684531211853,0.0817684531211853,intrinsic
0,98,0.0,0.08300257474184036,0.08300257474184036,intrinsic
0,99,0.0,0.0832686647772789,0.0832686647772789,intrinsic
0,100,0.0,0.08339127153158188,0.08339127153158188,intrinsic
0,101,0.0,0.08371119201183319,0.08371119201183319,intrinsic
0,102,0.0,0.08381473273038864,0.08381473273038864,intrinsic
0,103,0.0,0.08384700864553452,0.08384700864553452,intrinsic
0,104,0.0,0.0845058485865593,0.0845058485865593,intrinsic
0,105,0.0,0.08493034541606903,0.08493034541606903,intrinsic
0,106,0.0,0.08495192229747772,0.08495192229747772,intrinsic
0,107,0.0,0.08519793301820755,0.08519793301820755,intrinsic
0,108,0.0,0.08626674115657806,0.08626674115657806,intrinsic
0,109,0.0,0.08700142055749893,0.08700142055749893,intrinsic
0,110,0.0,0.08720972388982773,0.08720972388982773,intrinsic
0,111,0.0,0.08735211193561554,0.08735211193561554,intrinsic
0,112,0.0,0.08824953436851501,0.08824953436851501,intrinsic
0,113,0.0,0.08863053470849991,0.08863053470849991,intrinsic
0,114,0.0,0.0901934802532196,0.0901934802532196,intrinsic
0,115,0.0,0.09023861587047577,0.09023861587047577,intrinsic
0,116,0.0,0.09048718959093094,0.09048718959093094,intrinsic
0,117,0.0,0.09066891670227051,0.09066891670227051,intrinsic
0,118,0.0,0.09067472070455551,0.09067472070455551,intrinsic
0,119,0.0,0.09112779796123505,0.09112779796123505,intrinsic
0,120,0.0,0.0915527492761612,0.0915527492761612,intrinsic
0,121,0.0,0.09307247400283813,0.09307247400283813,intrinsic
0,122,0.0,0.09423893690109253,0.09423893690109253,intrinsic
0,123,0.0,0.09499142318964005,0.09499142318964005,intrinsic
0,124,0.0,0.09543702751398087,0.09543702751398087,intrinsic
0,125,0.0,0.09595298767089844,0.09595298767089844,intrinsic
0,126,0.0,0.09727101773023605,0.09727101773023605,intrinsic
0,127,0.0,0.09741004556417465,0.09741004556417465,intrinsic
0,128,0.0,0.09791900217533112,0.09791900217533112,intrinsic
0,129,0.0,0.09838441014289856,0.09838441014289856,intrinsic
0,130,0.0,0.09882470220327377,0.09882470220327377,intrinsic
0,131,0.0,0.09911611676216125,0.09911611676216125,intrinsic
0,132,0.0,0.09939009696245193,0.09939009696245193,intrinsic
0,133,0.0,0.09950370341539383,0.09950370341539383,intrinsic
0,134,0.0,0.10006403923034668,0.10006403923034668,intrinsic
0,135,0.0,0.1013970896601677,0.1013970896601677,intrinsic
0,136,0.0,0.1026071235537529,0.1026071235537529,intrinsic
0,137,0.0,0.1026683822274208,0.1026683822274208,intrinsic
0,138,0.0,0.10327265411615372,0.10327265411615372,intrinsic
0,139,0.0,0.10355700552463531,0.10355700552463531,intrinsic
0,140,0.0,0.10409649461507797,0.10409649461507797,intrinsic
0,141,0.0,0.10418689996004105,0.10418689996004105,intrinsic
0,142,0.0,0.10447218269109726,0.10447218269109726,intrinsic
0,143,0.0,0.1046648770570755,0.1046648770570755,intrinsic
0,144,0.0,0.10474231094121933,0.10474231094121933,intrinsic
0,145,0.0,0.10482562333345413,0.10482562333345413,intrinsic
0,146,0.0,0.1048392727971077,0.1048392727971077,intrinsic
0,147,0.0,0.10485026985406876,0.10485026985406876,intrinsic
0,148,0.0,0.1049739196896553,0.1049739196896553,intrinsic
0,149,0.0,0.10539326816797256,0.10539326816797256,intrinsic
0,150,0.0,0.10564462840557098,0.10564462840557098,intrinsic
0,151,0.0,0.10571086406707764,0.10571086406707764,intrinsic
0,152,0.0,0.10599791258573532,0.10599791258573532,intrinsic
0,153,0.0,0.10602138936519623,0.10602138936519623,intrinsic
0,154,0.0,0.10621005296707153,0.10621005296707153,intrinsic
0,155,0.0,0.10637420415878296,0.10637420415878296,intrinsic
0,156,0.0,0.10688415914773941,0.10688415914773941,intrinsic
0,157,0.0,0.10692405700683594,0.10692405700683594,intrinsic
0,158,0.0,0.10771749168634415,0.10771749168634415,intrinsic
0,159,0.0,0.10796281695365906,0.10796281695365906,intrinsic
0,160,0.0,0.1081550270318985,0.1081550270318985,intrinsic
0,161,0.0,0.10836909711360931,0.10836909711360931,intrinsic
0,162,0.0,0.1092938482761383,0.1092938482761383,intrinsic
0,163,0.0,0.11173969507217407,0.11173969507217407,intrinsic
0,164,0.0,0.11175307631492615,0.11175307631492615,intrinsic
0,165,0.0,0.11236900836229324,0.11236900836229324,intrinsic
0,166,0.0,0.11243794113397598,0.11243794113397598,intrinsic
0,167,0.0,0.11264292895793915,0.11264292895793915,intrinsic
0,168,0.0,0.11339277029037476,0.11339277029037476,intrinsic
0,169,0.0,0.11360299587249756,0.11360299587249756,intrinsic
0,170,0.0,0.11460794508457184,0.11460794508457184,intrinsic
0,171,0.0,0.1151820719242096,0.1151820719242096,intrinsic
0,172,0.0,0.1163206622004509,0.1163206622004509,intrinsic
0,173,0.0,0.11648985743522644,0.11648985743522644,intrinsic
0,174,0.0,0.11663069576025009,0.11663069576025009,intrinsic
0,175,0.0,0.11727660894393921,0.11727660894393921,intrinsic
0,176,0.0,0.11739546805620193,0.11739546805620193,intrinsic
0,177,0.0,0.11768575012683868,0.11768575012683868,intrinsic
0,178,0.0,0.11796379089355469,0.11796379089355469,intrinsic
0,179,0.0,0.11903832852840424,0.11903832852840424,intrinsic
0,180,0.0,0.11954011023044586,0.11954011023044586,intrinsic
0,181,0.0,0.120063915848732,0.120063915848732,intrinsic
0,182,0.0,0.12052062898874283,0.12052062898874283,intrinsic
0,183,0.0,0.12072356790304184,0.12072356790304184,intrinsic
0,184,0.0,0.12315962463617325,0.12315962463617325,intrinsic
0,185,0.0,0.12316687405109406,0.12316687405109406,intrinsic
0,186,0.0,0.12352962046861649,0.12352962046861649,intrinsic
0,187,0.0,0.12368931621313095,0.12368931621313095,intrinsic
0,188,0.0,0.12523303925991058,0.12523303925991058,intrinsic
0,189,0.0,0.12562519311904907,0.12562519311904907,intrinsic
0,190,0.0,0.1260831356048584,0.1260831356048584,intrinsic
0,191,0.0,0.12662598490715027,0.12662598490715027,intrinsic
0,192,0.0,0.12739984691143036,0.12739984691143036,intrinsic
0,193,0.0,0.12792983651161194,0.12792983651161194,intrinsic
0,194,0.0,0.128123939037323,0.128123939037323,intrinsic
0,195,0.0,0.12850868701934814,0.12850868701934814,intrinsic
0,196,0.0,0.12853650748729706,0.12853650748729706,intrinsic
0,197,0.0,0.12864209711551666,0.12864209711551666,intrinsic
0,198,0.0,0.12867183983325958,0.12867183983325958,intrinsic
0,199,0.0,0.12882575392723083,0.12882575392723083,intrinsic
0,200,0.0,0.13044875860214233,0.13044875860214233,intrinsic
0,201,0.0,0.13071227073669434,0.13071227073669434,intrinsic
0,202,0.0,0.13090920448303223,0.13090920448303223,intrinsic
0,203,0.0,0.13113030791282654,0.13113030791282654,intrinsic
0,204,0.0,0.13115406036376953,0.13115406036376953,intrinsic
0,205,0.0,0.13336263597011566,0.13336263597011566,intrinsic
0,206,0.0,0.13362935185432434,0.13362935185432434,intrinsic
0,207,0.0,0.13415122032165527,0.13415122032165527,intrinsic
0,208,0.0,0.13455498218536377,0.13455498218536377,intrinsic
0,209,0.0,0.134888157248497,0.134888157248497,intrinsic
0,210,0.0,0.1351669579744339,0.1351669579744339,intrinsic
0,211,0.0,0.1355852633714676,0.1355852633714676,intrinsic
0,212,0.0,0.13585849106311798,0.13585849106311798,intrinsic
0,213,0.0,0.13617055118083954,0.13617055118083954,intrinsic
0,214,0.0,0.13624180853366852,0.13624180853366852,intrinsic
0,215,0.0,0.13625678420066833,0.13625678420066833,intrinsic
0,216,0.0,0.13626861572265625,0.13626861572265625,intrinsic
0,217,0.0,0.13715273141860962,0.13715273141860962,intrinsic
0,218,0.0,0.13718734681606293,0.13718734681606293,intrinsic
0,219,0.0,0.13739748299121857,0.13739748299121857,intrinsic
0,220,0.0,0.13806061446666718,0.13806061446666718,intrinsic
0,221,0.0,0.13832871615886688,0.13832871615886688,intrinsic
0,222,0.0,0.1390276402235031,0.1390276402235031,intrinsic
0,223,0.0,0.140210822224617,0.140210822224617,intrinsic
0,224,0.0,0.1419917196035385,0.1419917196035385,intrinsic
0,225,0.0,0.14277222752571106,0.14277222752571106,intrinsic
0,226,0.0,0.14317958056926727,0.14317958056926727,intrinsic
0,227,0.0,0.14388231933116913,0.14388231933116913,intrinsic
0,228,0.0,0.1440642923116684,0.1440642923116684,intrinsic
0,229,0.0,0.14446020126342773,0.14446020126342773,intrinsic
0,230,0.0,0.14468619227409363,0.14468619227409363,intrinsic
0,231,0.0,0.144831582903862,0.144831582903862,intrinsic
0,232,0.0,0.14529238641262054,0.14529238641262054,intrinsic
0,233,0.0,0.14565080404281616,0.14565080404281616,intrinsic
0,234,0.0,0.14632770419120789,0.14632770419120789,intrinsic
0,235,0.0,0.14692923426628113,0.14692923426628113,intrinsic
0,236,0.0,0.14730404317378998,0.14730404317378998,intrinsic
0,237,0.0,0.14746394753456116,0.14746394753456116,intrinsic
0,238,0.0,0.14767539501190186,0.14767539501190186,intrinsic
0,239,0.0,0.14830906689167023,0.14830906689167023,intrinsic
0,240,0.0,0.149081289768219,0.149081289768219,intrinsic
0,241,0.0,0.14918862283229828,0.14918862283229828,intrinsic
0,242,0.0,0.14969272911548615,0.14969272911548615,intrinsic
0,243,0.0,0.15028853714466095,0.15028853714466095,intrinsic
0,244,0.0,0.15043272078037262,0.15043272078037262,intrinsic
0,245,0.0,0.15141721069812775,0.15141721069812775,intrinsic
0,246,0.0,0.15479761362075806,0.15479761362075806,intrinsic
0,247,0.0,0.15518158674240112,0.15518158674240112,intrinsic
0,248,0.0,0.15584459900856018,0.15584459900856018,intrinsic
0,249,0.0,0.1592968851327896,0.1592968851327896,intrinsic
0,250,0.0,0.16021831333637238,0.16021831333637238,intrinsic
0,251,0.0,0.16059014201164246,0.16059014201164246,intrinsic
0,252,0.0,0.16081729531288147,0.16081729531288147,intrinsic
0,253,0.0,0.1612948328256607,0.1612948328256607,intrinsic
0,254,0.0,0.16229388117790222,0.16229388117790222,intrinsic
0,255,0.0,0.16254006326198578,0.16254006326198578,intrinsic
0,256,0.0,0.16266581416130066,0.16266581416130066,intrinsic
0,257,0.0,0.1640215665102005,0.1640215665102005,intrinsic
0,258,0.0,0.16441680490970612,0.16441680490970612,intrinsic
0,259,0.0,0.16465552151203156,0.16465552151203156,intrinsic
0,260,0.0,0.16475948691368103,0.16475948691368103,intrinsic
0,261,0.0,0.165732741355896,0.165732741355896,intrinsic
0,262,0.0,0.16649669408798218,0.16649669408798218,intrinsic
0,263,0.0,0.16840395331382751,0.16840395331382751,intrinsic
0,264,0.0,0.16946759819984436,0.16946759819984436,intrinsic
0,265,0.0,0.1700192391872406,0.1700192391872406,intrinsic
0,266,0.0,0.17052170634269714,0.17052170634269714,intrinsic
0,267,0.0,0.17107899487018585,0.17107899487018585,intrinsic
0,268,0.0,0.1727144867181778,0.1727144867181778,intrinsic
0,269,0.0,0.17343373596668243,0.17343373596668243,intrinsic
0,270,0.0,0.17366641759872437,0.17366641759872437,intrinsic
0,271,0.0,0.17461071908473969,0.17461071908473969,intrinsic
0,272,0.0,0.17717593908309937,0.17717593908309937,intrinsic
0,273,0.0,0.17738184332847595,0.17738184332847595,intrinsic
0,274,0.0,0.17749203741550446,0.17749203741550446,intrinsic
0,275,0.0,0.17768263816833496,0.17768263816833496,intrinsic
0,276,0.0,0.1777820587158203,0.1777820587158203,intrinsic
0,277,0.0,0.17849905788898468,0.17849905788898468,intrinsic
0,278,0.0,0.17888611555099487,0.17888611555099487,intrinsic
0,279,0.0,0.18058957159519196,0.18058957159519196,intrinsic
0,280,0.0,0.18120239675045013,0.18120239675045013,intrinsic
0,281,0.0,0.1812678575515747,0.1812678575515747,intrinsic
0,282,0.0,0.1816706359386444,0.1816706359386444,intrinsic
0,283,0.0,0.18200261890888214,0.18200261890888214,intrinsic
0,284,0.0,0.18201646208763123,0.18201646208763123,intrinsic
0,285,0.0,0.18206126987934113,0.18206126987934113,intrinsic
0,286,0.0,0.1835646778345108,0.1835646778345108,intrinsic
0,287,0.0,0.1839989870786667,0.1839989870786667,intrinsic
0,288,0.0,0.1841009557247162,0.1841009557247162,intrinsic
0,289,0.0,0.1876310557126999,0.1876310557126999,intrinsic
0,290,0.0,0.18779043853282928,0.18779043853282928,intrinsic
0,291,0.0,0.18815910816192627,0.18815910816192627,intrinsic
0,292,0.0,0.18872760236263275,0.18872760236263275,intrinsic
0,293,0.0,0.18911176919937134,0.18911176919937134,intrinsic
0,294,0.0,0.18977545201778412,0.18977545201778412,intrinsic
0,295,0.0,0.19075851142406464,0.19075851142406464,intrinsic
0,296,0.0,0.1937526911497116,0.1937526911497116,intrinsic
0,297,0.0,0.19488480687141418,0.19488480687141418,intrinsic
0,298,0.0,0.1963941603899002,0.1963941603899002,intrinsic
0,299,0.0,0.19687433540821075,0.19687433540821075,intrinsic
0,300,0.0,0.19725874066352844,0.19725874066352844,intrinsic
0,301,0.0,0.19780093431472778,0.19780093431472778,intrinsic
0,302,0.0,0.19863440096378326,0.19863440096378326,intrinsic
0,303,0.0,0.19957394897937775,0.19957394897937775,intrinsic
0,304,0.0,0.19982454180717468,0.19982454180717468,intrinsic
0,305,0.0,0.20380130410194397,0.20380130410194397,intrinsic
0,306,0.0,0.2048482745885849,0.2048482745885849,intrinsic
0,307,0.0,0.20541401207447052,0.20541401207447052,intrinsic
0,308,0.0,0.2062353491783142,0.2062353491783142,intrinsic
0,309,0.0,0.20632490515708923,0.20632490515708923,intrinsic
0,310,0.0,0.20662200450897217,0.20662200450897217,intrinsic
0,311,0.0,0.20738525688648224,0.20738525688648224,intrinsic
0,312,0.0,0.20832516252994537,0.20832516252994537,intrinsic
0,313,0.0,0.21136437356472015,0.21136437356472015,intrinsic
0,314,0.0,0.2136729508638382,0.2136729508638382,intrinsic
0,315,0.0,0.21384462714195251,0.21384462714195251,intrinsic
0,316,0.0,0.21392756700515747,0.21392756700515747,intrinsic
0,317,0.0,0.21444258093833923,0.21444258093833923,intrinsic
0,318,0.0,0.21528786420822144,0.21528786420822144,intrinsic
0,319,0.0,0.21736612915992737,0.21736612915992737,intrinsic
0,320,0.0,0.21764834225177765,0.21764834225177765,intrinsic
0,321,0.0,0.21852566301822662,0.21852566301822662,intrinsic
0,322,0.0,0.22125841677188873,0.22125841677188873,intrinsic
0,323,0.0,0.2225724756717682,0.2225724756717682,intrinsic
0,324,0.0,0.22262169420719147,0.22262169420719147,intrinsic
0,325,0.0,0.22281160950660706,0.22281160950660706,intrinsic
0,326,0.0,0.2229754477739334,0.2229754477739334,intrinsic
0,327,0.0,0.2266845852136612,0.2266845852136612,intrinsic
0,328,0.0,0.2284366339445114,0.2284366339445114,intrinsic
0,329,0.0,0.22951355576515198,0.22951355576515198,intrinsic
0,330,0.0,0.22965151071548462,0.22965151071548462,intrinsic
0,331,0.0,0.2299385815858841,0.2299385815858841,intrinsic
0,332,0.0,0.23261196911334991,0.23261196911334991,intrinsic
0,333,0.0,0.23271816968917847,0.23271816968917847,intrinsic
0,334,0.0,0.2332429736852646,0.2332429736852646,intrinsic
0,335,0.0,0.235503152012825,0.235503152012825,intrinsic
0,336,0.0,0.23604536056518555,0.23604536056518555,intrinsic
0,337,0.0,0.23784281313419342,0.23784281313419342,intrinsic
0,338,0.0,0.23917214572429657,0.23917214572429657,intrinsic
0,339,0.0,0.24224373698234558,0.24224373698234558,intrinsic
0,340,0.0,0.24703793227672577,0.24703793227672577,intrinsic
0,341,0.0,0.2475573718547821,0.2475573718547821,intrinsic
0,342,0.0,0.2488701194524765,0.2488701194524765,intrinsic
0,343,0.0,0.2637616991996765,0.2637616991996765,intrinsic
0,344,0.0,0.2694210410118103,0.2694210410118103,intrinsic
0,345,0.0,0.2773146629333496,0.2773146629333496,intrinsic
0,346,0.0,0.3001045882701874,0.3001045882701874,intrinsic
0,347,0.0,0.30295902490615845,0.30295902490615845,intrinsic
0,348,0.0,0.30740562081336975,0.30740562081336975,intrinsic
1,0,0.5395739674568176,0.5702969431877136,0.030722975730895996,intrinsic
1,1,0.46026772260665894,0.48696789145469666,0.02670016884803772,intrinsic
1,2,0.4383547604084015,0.4628649055957794,0.02451014518737793,intrinsic
1,3,0.43329891562461853,0.5074704885482788,0.07417157292366028,intrinsic
1,4,0.4085688292980194,0.4281097948551178,0.01954096555709839,intrinsic
1,5,0.405862033367157,0.44932663440704346,0.043464601039886475,intrinsic
1,6,0.403163343667984,0.5032265186309814,0.10006317496299744,intrinsic
1,7,0.3934587240219116,0.4146910011768341,0.021232277154922485,intrinsic
1,8,0.3898385465145111,0.4289550483226776,0.039116501808166504,intrinsic
1,9,0.3728344142436981,0.4963870346546173,0.12355262041091919,intrinsic
1,10,0.3603268265724182,0.5365740656852722,0.176247239112854,intrinsic
1,11,0.35880595445632935,0.3680773675441742,0.009271413087844849,intrinsic
1,12,0.35755953192710876,0.4048953056335449,0.04733577370643616,intrinsic
1,13,0.3565448522567749,0.36697933077812195,0.010434478521347046,intrinsic
1,14,0.34890982508659363,0.4320293366909027,0.08311951160430908,intrinsic
1,15,0.34402498602867126,0.42156705260276794,0.07754206657409668,intrinsic
1,16,0.34180986881256104,0.49849849939346313,0.1566886305809021,intrinsic
1,17,0.3414017856121063,0.5454932451248169,0.20409145951271057,intrinsic
1,18,0.3366047441959381,0.44170069694519043,0.10509595274925232,intrinsic
1,19,0.3324486315250397,0.3835982084274292,0.051149576902389526,intrinsic
1,20,0.32717448472976685,0.3325321078300476,0.005357623100280762,intrinsic
1,21,0.3252100944519043,0.5633916258811951,0.23818153142929077,intrinsic
1,22,0.32477784156799316,0.33538195490837097,0.010604113340377808,intrinsic
1,23,0.32153692841529846,0.32657891511917114,0.005041986703872681,intrinsic
1,24,0.32070884108543396,0.37483635544776917,0.054127514362335205,intrinsic
1,25,0.3153567910194397,0.5029521584510803,0.18759536743164062,intrinsic
1,26,0.311156690120697,0.5191643834114075,0.20800769329071045,intrinsic
1,27,0.3110685646533966,0.47752928733825684,0.16646072268486023,intrinsic
1,28,0.31097835302352905,0.4438682496547699,0.13288989663124084,intrinsic
1,29,0.30829572677612305,0.3338988125324249,0.02560308575630188,intrinsic
1,30,0.3034260869026184,0.308316171169281,0.004890084266662598,intrinsic
1,31,0.3028475344181061,0.3329271376132965,0.03007960319519043,intrinsic
1,32,0.29807859659194946,0.30310630798339844,0.005027711391448975,intrinsic
1,33,0.29627522826194763,0.3034232556819916,0.007148027420043945,intrinsic
1,34,0.28736159205436707,0.7306056022644043,0.44324401021003723,intrinsic
1,35,0.2866712510585785,0.3463302254676819,0.059658974409103394,intrinsic
1,36,0.2846727967262268,0.3170614242553711,0.03238862752914429,intrinsic
1,37,0.2840239405632019,0.5535471439361572,0.2695232033729553,intrinsic
1,38,0.2817193269729614,0.36030495166778564,0.07858562469482422,intrinsic
1,39,0.28133058547973633,0.40184834599494934,0.12051776051521301,intrinsic
1,40,0.28120332956314087,0.28780990839004517,0.006606578826904297,intrinsic
1,41,0.2773607671260834,0.2886408865451813,0.0112801194190979,intrinsic
1,42,0.2771465480327606,0.315367192029953,0.03822064399719238,intrinsic
1,43,0.27703115344047546,0.35483667254447937,0.0778055191040039,intrinsic
1,44,0.27165743708610535,0.31181567907333374,0.040158241987228394,intrinsic
1,45,0.26863548159599304,0.5223376154899597,0.2537021338939667,intrinsic
1,46,0.2672145366668701,0.28838610649108887,0.02117156982421875,intrinsic
1,47,0.2660183608531952,0.3894372582435608,0.1234188973903656,intrinsic
1,48,0.2655995786190033,0.5610381960868835,0.29543861746788025,intrinsic
1,49,0.25766512751579285,0.2580244541168213,0.0003593266010284424,intrinsic
1,50,0.25570428371429443,0.34845471382141113,0.0927504301071167,intrinsic
1,51,0.2540060579776764,0.39361536502838135,0.13960930705070496,intrinsic
1,52,0.25281447172164917,0.2616809606552124,0.008866488933563232,intrinsic
1,53,0.2504275143146515,0.39065665006637573,0.14022913575172424,intrinsic
1,54,0.25000932812690735,0.5703076124191284,0.32029828429222107,intrinsic
1,55,0.2472715824842453,0.32279330492019653,0.07552172243595123,intrinsic
1,56,0.2445940226316452,0.34636175632476807,0.10176773369312286,intrinsic
1,57,0.24325166642665863,0.2625417709350586,0.019290104508399963,intrinsic
1,58,0.24078959226608276,0.2469124048948288,0.006122812628746033,intrinsic
1,59,0.23941121995449066,0.30404579639434814,0.06463457643985748,intrinsic
1,60,0.2391340136528015,0.9466785788536072,0.7075445652008057,intrinsic
1,61,0.23659613728523254,0.4927056133747101,0.25610947608947754,intrinsic
1,62,0.23566898703575134,0.2729967534542084,0.03732776641845703,intrinsic
1,63,0.23321843147277832,0.40881630778312683,0.1755978763103485,intrinsic
1,64,0.23068413138389587,0.38485798239707947,0.1541738510131836,intrinsic
1,65,0.22974793612957,0.25476565957069397,0.025017723441123962,intrinsic
1,66,0.22854119539260864,0.25277450680732727,0.024233311414718628,intrinsic
1,67,0.2241259515285492,0.25140276551246643,0.027276813983917236,intrinsic
1,68,0.22245262563228607,0.3182890713214874,0.09583644568920135,intrinsic
1,69,0.22175417840480804,0.22192084789276123,0.00016666948795318604,intrinsic
1,70,0.21710290014743805,0.2316102385520935,0.014507338404655457,intrinsic
1,71,0.2157939076423645,0.23971588909626007,0.02392198145389557,intrinsic
1,72,0.21405646204948425,0.2545846998691559,0.04052823781967163,intrinsic
1,73,0.20735208690166473,0.2362348437309265,0.02888275682926178,intrinsic
1,74,0.20233924686908722,0.20646852254867554,0.004129275679588318,intrinsic
1,75,0.20148898661136627,0.3664858937263489,0.1649969071149826,intrinsic
1,76,0.19760653376579285,0.26718905568122864,0.06958252191543579,intrinsic
1,77,0.19709305465221405,0.23000231385231018,0.03290925920009613,intrinsic
1,78,0.18687719106674194,0.20772215723991394,0.020844966173171997,intrinsic
1,79,0.1753435581922531,0.2566312551498413,0.0812876969575882,intrinsic
1,80,0.1661873459815979,0.1812213957309723,0.01503404974937439,intrinsic
1,81,0.1553707718849182,0.2397906631231308,0.08441989123821259,intrinsic
1,82,0.15280218422412872,0.18425673246383667,0.03145454823970795,intrinsic
1,83,0.14400795102119446,0.16007652878761292,0.016068577766418457,intrinsic
1,84,0.14132875204086304,0.1532430797815323,0.01191432774066925,intrinsic
1,85,0.13792768120765686,0.1614493429660797,0.02352166175842285,intrinsic
1,86,0.13772188127040863,0.1577039510011673,0.019982069730758667,intrinsic
1,87,0.1305798590183258,0.19114381074905396,0.06056395173072815,intrinsic
1,88,0.1297217160463333,0.16204644739627838,0.03232473134994507,intrinsic
1,89,0.10587034374475479,0.11147793382406235,0.005607590079307556,intrinsic
1,90,0.09640097618103027,0.09933841228485107,0.0029374361038208008,intrinsic
1,91,0.09600146114826202,0.13106758892536163,0.03506612777709961,intrinsic
2,0,0.9879921674728394,0.9980730414390564,0.010080873966217041,intrinsic
2,1,0.987546980381012,0.994367241859436,0.006820261478424072,intrinsic
2,2,0.9812189340591431,0.9819442629814148,0.0007253289222717285,intrinsic
2,3,0.9794347882270813,1.0012831687927246,0.02184838056564331,intrinsic
2,4,0.9787219762802124,0.9857029914855957,0.006981015205383301,intrinsic
2,5,0.9784033894538879,0.9861998558044434,0.00779646635055542,intrinsic
2,6,0.9776400923728943,0.9777413606643677,0.00010126829147338867,intrinsic
2,7,0.9769381880760193,0.9820046424865723,0.0050664544105529785,intrinsic
2,8,0.9768993258476257,0.9853498339653015,0.008450508117675781,intrinsic
2,9,0.9760537147521973,0.993740439414978,0.01768672466278076,intrinsic
2,10,0.9751768708229065,0.9897699356079102,0.014593064785003662,intrinsic
2,11,0.9747104644775391,0.9841327667236328,0.00942230224609375,intrinsic
2,12,0.9744371175765991,0.9759184718132019,0.0014813542366027832,intrinsic
2,13,0.9743509292602539,0.9940716028213501,0.01972067356109619,intrinsic
2,14,0.9725072979927063,0.9824812412261963,0.00997394323348999,intrinsic
2,15,0.9721893072128296,0.9842615723609924,0.012072265148162842,intrinsic
2,16,0.9721875786781311,0.9988336563110352,0.026646077632904053,intrinsic
2,17,0.9700597524642944,0.9872823357582092,0.017222583293914795,intrinsic
2,18,0.9693655371665955,1.0105596780776978,0.041194140911102295,intrinsic
2,19,0.9673663377761841,0.970504641532898,0.003138303756713867,intrinsic
2,20,0.9671483635902405,0.9828583598136902,0.015709996223449707,intrinsic
2,21,0.9669655561447144,0.9843355417251587,0.017369985580444336,intrinsic
2,22,0.9660497903823853,0.9673470854759216,0.001297295093536377,intrinsic
2,23,0.9641862511634827,0.9654845595359802,0.0012983083724975586,intrinsic
2,24,0.9632796049118042,0.9926034808158875,0.029323875904083252,intrinsic
2,25,0.9620819091796875,0.9740671515464783,0.011985242366790771,intrinsic
2,26,0.9611809849739075,0.9626460671424866,0.0014650821685791016,intrinsic
2,27,0.9604650735855103,0.9926666021347046,0.032201528549194336,intrinsic
2,28,0.9604195356369019,0.9926731586456299,0.03225362300872803,intrinsic
2,29,0.9593724608421326,0.9840751886367798,0.024702727794647217,intrinsic
2,30,0.9569092392921448,0.978122353553772,0.021213114261627197,intrinsic
2,31,0.9567630290985107,0.9750402569770813,0.018277227878570557,intrinsic
2,32,0.9552884101867676,0.9902003407478333,0.034911930561065674,intrinsic
2,33,0.9543386697769165,0.9868356585502625,0.03249698877334595,intrinsic
2,34,0.9535995125770569,0.9952084422111511,0.04160892963409424,intrinsic
2,35,0.9521963596343994,0.9993988871574402,0.04720252752304077,intrinsic
2,36,0.9519230127334595,1.0002530813217163,0.048330068588256836,intrinsic
2,37,0.9516311883926392,0.9970376491546631,0.045406460762023926,intrinsic
2,38,0.7578749060630798,0.7651413083076477,0.007266402244567871,intrinsic
2,39,0.7554501295089722,0.7570301294326782,0.0015799999237060547,intrinsic
2,40,0.6405681371688843,0.6504143476486206,0.009846210479736328,intrinsic
2,41,0.618573784828186,1.0020326375961304,0.38345885276794434,intrinsic
2,42,0.5939278602600098,0.5965065956115723,0.0025787353515625,intrinsic
2,43,0.5562702417373657,0.5564619302749634,0.00019168853759765625,intrinsic
