document_index,document_id,source_url,output_path,sha256,content_type,final_url
1,1p40dNYbbV8ec6EKCkNzh1lcqxh5N_0FYTJn81UeqIXo,https://docs.google.com/document/d/1p40dNYbbV8ec6EKCkNzh1lcqxh5N_0FYTJn81UeqIXo/edit?usp=sharing,raw/doc_001_1p40dNYbbV8ec6EKCkNzh1lcqxh5N_0FYTJn81UeqIXo.txt,4778308895121a9d8c87d1cc6f2fc8531bc712edc74dc9c2cc65e553e0e6df16,text/plain; charset=utf-8,https://doc-0o-ak-docstext.googleusercontent.com/export/s8v029du74rmth76t5k6ldhbqs/8fb6509f4cakaqu2qte82hh9ms/1791219160000/106993905607327178910/*/1p40dNYbbV8ec6EKCkNzh1lcqxh5N_0FYTJn81UeqIXo?format=txt
2,1cGAlp-E2tirmj_RRBI55W_XLm-jyu8kZTwM2HXZ8kgE,https://docs.google.com/document/d/1cGAlp-E2tirmj_RRBI55W_XLm-jyu8kZTwM2HXZ8kgE/edit?usp=sharing,raw/doc_002_1cGAlp-E2tirmj_RRBI55W_XLm-jyu8kZTwM2HXZ8kgE.txt,493ce39c39f96c84f6e54c60f0601cea65b98f53104d9096f3aac3365869fa6a,text/plain; charset=utf-8,https://doc-00-ak-docstext.googleusercontent.com/export/s8v029du74rmth76t5k6ldhbqs/sajru3fsaiejrurdhkkl20pmjs/1791219160000/106993905607327178910/*/1cGAlp-E2tirmj_RRBI55W_XLm-jyu8kZTwM2HXZ8kgE?format=txt
3,1M1IXefVUSCaz_SKdhhfJZuo0p3yREsbNPEEM-AP6ubc,https://docs.google.com/document/d/1M1IXefVUSCaz_SKdhhfJZuo0p3yREsbNPEEM-AP6ubc/edit?usp=sharing,raw/doc_003_1M1IXefVUSCaz_SKdhhfJZuo0p3yREsbNPEEM-AP6ubc.txt,06bfe4ab860b8e4fda9a660bca0f2b4dc6d29b307281dfb2ec938316fbf95d3f,text/plain; charset=utf-8,https://doc-14-ak-docstext.googleusercontent.com/export/s8v029du74rmth76t5k6ldhbqs/lh0hht89cd6q6kna143bovs93c/1791219165000/106993905607327178910/*/1M1IXefVUSCaz_SKdhhfJZuo0p3yREsbNPEEM-AP6ubc?format=txt
4,1hEcMq4nBUn0BxNJHi6dOblBHoIH2LJJangwiZl0e_Fw,https://docs.google.com/document/d/1hEcMq4nBUn0BxNJHi6dOblBHoIH2LJJangwiZl0e_Fw/edit?usp=sharing,raw/doc_004_1hEcMq4nBUn0BxNJHi6dOblBHoIH2LJJangwiZl0e_Fw.txt,652c73528b9f5fe7db7f6fe16f71409a2411cd82823a34cbd97a2aac7860af96,text/plain; charset=utf-8,https://doc-04-ak-docstext.googleusercontent.com/export/s8v029du74rmth76t5k6ldhbqs/iv4hfj9u4usugohb3077op7u1s/1791219165000/106993905607327178910/*/1hEcMq4nBUn0BxNJHi6dOblBHoIH2LJJangwiZl0e_Fw?format=txt
5,1pL6xWc71sV85dKVHecgg7ofTf8CdI982mQyf8NL-0r0,https://docs.google.com/document/d/1pL6xWc71sV85dKVHecgg7ofTf8CdI982mQyf8NL-0r0/edit?usp=sharing,raw/doc_005_1pL6xWc71sV85dKVHecgg7ofTf8CdI982mQyf8NL-0r0.txt,12c9a0adfb8135a63abc3a0a67de2b9ef20e9857ee8659c5a34b97ebe13e4996,text/plain; charset=utf-8,https://doc-0g-ak-docstext.googleusercontent.com/export/s8v029du74rmth76t5k6ldhbqs/5b2g5v41h4e4pp5g065loqiq38/1791219165000/106993905607327178910/*/1pL6xWc71sV85dKVHecgg7ofTf8CdI982mQyf8NL-0r0?format=txt
6,12lTW636WXBJLbhsEhk5Zg5tRsfErnIgoZQRzP1NXTxc,https://docs.google.com/document/d/12lTW636WXBJLbhsEhk5Zg5tRsfErnIgoZQRzP1NXTxc/edit?usp=sharing,raw/doc_006_12lTW636WXBJLbhsEhk5Zg5tRsfErnIgoZQRzP1NXTxc.txt,9b71b5106341bd1d1b4ef1df5df190fb50f2904be69419c2850bf58c0dd5a7bf,text/plain; charset=utf-8,https://doc-0g-ak-docstext.googleusercontent.com/export/s8v029du74rmth76t5k6ldhbqs/rqk9frqn9evqhij6antcf1n3fk/1791219165000/106993905607327178910/*/12lTW636WXBJLbhsEhk5Zg5tRsfErnIgoZQRzP1NXTxc?format=txt
7,1c5rBqlaxPRYN4PwsYI8xXKQ0JelFBNjds30OPUj6Xms,https://docs.google.com/document/d/1c5rBqlaxPRYN4PwsYI8xXKQ0JelFBNjds30OPUj6Xms/edit?usp=sharing,raw/doc_007_1c5rBqlaxPRYN4PwsYI8xXKQ0JelFBNjds30OPUj6Xms.txt,af9ff754c1c9f1afac3893a80020e63d33418e51479f222f4cab6c36fb9a5cbc,text/plain; charset=utf-8,https://doc-04-ak-docstext.googleusercontent.com/export/s8v029du74rmth76t5k6ldhbqs/qds2ckbh95vbu6m25pilblh02c/1791219170000/106993905607327178910/*/1c5rBqlaxPRYN4PwsYI8xXKQ0JelFBNjds30OPUj6Xms?format=txt
8,1B6s-CC1jSn6bdFr20viCxL4vDCekzN4s-fIequX65BA,https://docs.google.com/document/d/1B6s-CC1jSn6bdFr20viCxL4vDCekzN4s-fIequX65BA/edit?usp=sharing,raw/doc_008_1B6s-CC1jSn6bdFr20viCxL4vDCekzN4s-fIequX65BA.txt,b582f1f4f82730e0ec5d74296bcd6626b337a2e9f22f2b0012322896892706b9,text/plain; charset=utf-8,https://doc-0c-ak-docstext.googleusercontent.com/export/s8v029du74rmth76t5k6ldhbqs/ke7jit6b7sa73pveth3irba0so/1791219170000/106993905607327178910/*/1B6s-CC1jSn6bdFr20viCxL4vDCekzN4s-fIequX65BA?format=txt
9,12fNMrxaVa4lXn8d4vE7s3qwd1EgMPjlx1LNwBUIZrCI,https://docs.google.com/document/d/12fNMrxaVa4lXn8d4vE7s3qwd1EgMPjlx1LNwBUIZrCI/edit?usp=sharing,raw/doc_009_12fNMrxaVa4lXn8d4vE7s3qwd1EgMPjlx1LNwBUIZrCI.txt,09f1258ad36f4b73ffefcb1837c1a7bf5fac0bc85a8d01c3de19c11cf9b4dca1,text/plain; charset=utf-8,https://doc-0c-ak-docstext.googleusercontent.com/export/s8v029du74rmth76t5k6ldhbqs/vt7d69dvjtcjvn72nqgas2jrh8/1791219175000/106993905607327178910/*/12fNMrxaVa4lXn8d4vE7s3qwd1EgMPjlx1LNwBUIZrCI?format=txt
10,1E21SgxTWepeuptRP0N2K95EaV2Bi7cWeW4yUxTm-OYU,https://docs.google.com/document/d/1E21SgxTWepeuptRP0N2K95EaV2Bi7cWeW4yUxTm-OYU/edit?usp=sharing,raw/doc_010_1E21SgxTWepeuptRP0N2K95EaV2Bi7cWeW4yUxTm-OYU.txt,19cc69eb28ad9c575f87b21094ff189972149bbff83b69c546fb1abbcf4e6ede,text/plain; charset=utf-8,https://doc-0c-ak-docstext.googleusercontent.com/export/s8v029du74rmth76t5k6ldhbqs/17gdidfmf3ethe1b5s2sb9c9tc/1791219175000/106993905607327178910/*/1E21SgxTWepeuptRP0N2K95EaV2Bi7cWeW4yUxTm-OYU?format=txt
11,1RXchz4dVkI-VYFkXcRz2gpklUmljUNOcPrhmXr99lQo,https://docs.google.com/document/d/1RXchz4dVkI-VYFkXcRz2gpklUmljUNOcPrhmXr99lQo/edit?usp=sharing,raw/doc_011_1RXchz4dVkI-VYFkXcRz2gpklUmljUNOcPrhmXr99lQo.txt,48191dbdbd54bd21deaf9b6c2db9932cafbc689d3bc3515952e44a790ada09f0,text/plain; charset=utf-8,https://doc-14-ak-docstext.googleusercontent.com/export/s8v029du74rmth76t5k6ldhbqs/eiifhd7g738vgfla4uj4dibdkg/1791219175000/106993905607327178910/*/1RXchz4dVkI-VYFkXcRz2gpklUmljUNOcPrhmXr99lQo?format=txt
12,1PU6e6pYQQ5kpQ9KqLg5RFrP2JyYJ1Qejv97GKN8leYU,https://docs.google.com/document/d/1PU6e6pYQQ5kpQ9KqLg5RFrP2JyYJ1Qejv97GKN8leYU/edit?usp=sharing,raw/doc_012_1PU6e6pYQQ5kpQ9KqLg5RFrP2JyYJ1Qejv97GKN8leYU.txt,58957f2d9bf92d2b330ab67e2688c856c4a88ccec3947437491e74268056764b,text/plain; charset=utf-8,https://doc-00-ak-docstext.googleusercontent.com/export/s8v029du74rmth76t5k6ldhbqs/pkf9sljb095lh45el4fthtvjq4/1791219175000/106993905607327178910/*/1PU6e6pYQQ5kpQ9KqLg5RFrP2JyYJ1Qejv97GKN8leYU?format=txt
13,1CYBXBFbtC8PpnCXcNOTKiH6yql89ceuqfwtOStNZJfE,https://docs.google.com/document/d/1CYBXBFbtC8PpnCXcNOTKiH6yql89ceuqfwtOStNZJfE/edit?usp=sharing,raw/doc_013_1CYBXBFbtC8PpnCXcNOTKiH6yql89ceuqfwtOStNZJfE.txt,9ac5691c0145b3c9a95c78ca51f6760eb36976dff396b33d54507c7e78a50a7a,text/plain; charset=utf-8,https://doc-08-ak-docstext.googleusercontent.com/export/s8v029du74rmth76t5k6ldhbqs/s6ug8g11qcbohltuge2cacup04/1791219185000/106993905607327178910/*/1CYBXBFbtC8PpnCXcNOTKiH6yql89ceuqfwtOStNZJfE?format=txt
14,1jwwd3VE-NA8Cde4DLyz_18MXCmx_ukPpLKM3ss1TkeI,https://docs.google.com/document/d/1jwwd3VE-NA8Cde4DLyz_18MXCmx_ukPpLKM3ss1TkeI/edit?usp=sharing,raw/doc_014_1jwwd3VE-NA8Cde4DLyz_18MXCmx_ukPpLKM3ss1TkeI.txt,17df537294b125b29a3e127ff078c6d6f68e629f60290317b4258bed8b3220a3,text/plain; charset=utf-8,https://doc-08-ak-docstext.googleusercontent.com/export/s8v029du74rmth76t5k6ldhbqs/cajk72l6lfug9bl54q56iohloo/1791219200000/106993905607327178910/*/1jwwd3VE-NA8Cde4DLyz_18MXCmx_ukPpLKM3ss1TkeI?format=txt
15,1qNiEbFTR6qgrpObaUafXk5mv9kH4679dyC-gZlhAfgc,https://docs.google.com/document/d/1qNiEbFTR6qgrpObaUafXk5mv9kH4679dyC-gZlhAfgc/edit?usp=sharing,raw/doc_015_1qNiEbFTR6qgrpObaUafXk5mv9kH4679dyC-gZlhAfgc.txt,75c226ac3522c14e6ed9f4d1825995cf7273e5719053cede575d76049743abe5,text/plain; charset=utf-8,https://doc-14-ak-docstext.googleusercontent.com/export/s8v029du74rmth76t5k6ldhbqs/2mbok33n4un6qaqon5e99vmhpk/1791219200000/106993905607327178910/*/1qNiEbFTR6qgrpObaUafXk5mv9kH4679dyC-gZlhAfgc?format=txt
16,1CoxtVuPSO806BBkeK9FABHI19QsZmpV1MCZ7OrY1BbA,https://docs.google.com/document/d/1CoxtVuPSO806BBkeK9FABHI19QsZmpV1MCZ7OrY1BbA/edit?usp=sharing,raw/doc_016_1CoxtVuPSO806BBkeK9FABHI19QsZmpV1MCZ7OrY1BbA.txt,d415163f2fb0aa436e6146d346fc9a8f6ed329979079e33f83e0f6469faaf2b4,text/plain; charset=utf-8,https://doc-08-ak-docstext.googleusercontent.com/export/s8v029du74rmth76t5k6ldhbqs/58ujlsgp9tp4jb1pus74e04m44/1791219205000/106993905607327178910/*/1CoxtVuPSO806BBkeK9FABHI19QsZmpV1MCZ7OrY1BbA?format=txt
17,1_vCjhToSrdSnU9jj7JwgRPaZKSwHPuSRE3U5rDOldY4,https://docs.google.com/document/d/1_vCjhToSrdSnU9jj7JwgRPaZKSwHPuSRE3U5rDOldY4/edit?usp=sharing,raw/doc_017_1_vCjhToSrdSnU9jj7JwgRPaZKSwHPuSRE3U5rDOldY4.txt,6c0ff61faaa32a8a5b7881853ff690543ba8891ce8b5c63052fc547d265423ae,text/plain; charset=utf-8,https://doc-14-ak-docstext.googleusercontent.com/export/s8v029du74rmth76t5k6ldhbqs/k1mq423r85cqdntfve5eoo325c/1791219210000/106993905607327178910/*/1_vCjhToSrdSnU9jj7JwgRPaZKSwHPuSRE3U5rDOldY4?format=txt
18,1MxT5M2g62O6r44dRkMyt_A6X7wY0rmmSB_Y-HtGdl0c,https://docs.google.com/document/d/1MxT5M2g62O6r44dRkMyt_A6X7wY0rmmSB_Y-HtGdl0c/edit?usp=sharing,raw/doc_018_1MxT5M2g62O6r44dRkMyt_A6X7wY0rmmSB_Y-HtGdl0c.txt,9734253cb5a84fb97283d3414e4dc6bce1b75b6338bedb149d1941ddcc65f198,text/plain; charset=utf-8,https://doc-0s-ak-docstext.googleusercontent.com/export/s8v029du74rmth76t5k6ldhbqs/6n14cch9v0dcr5l8qdcuib31b0/1791219215000/106993905607327178910/*/1MxT5M2g62O6r44dRkMyt_A6X7wY0rmmSB_Y-HtGdl0c?format=txt
19,1HHXAlKCheh05nuNoGW372ysO2faJvcPtKfblKNVADqQ,https://docs.google.com/document/d/1HHXAlKCheh05nuNoGW372ysO2faJvcPtKfblKNVADqQ/edit?usp=sharing,raw/doc_019_1HHXAlKCheh05nuNoGW372ysO2faJvcPtKfblKNVADqQ.txt,e0b096377b1acc28acb86fae972f9519e4608ee019bbc4cfbc183f064c40ee01,text/plain; charset=utf-8,https://doc-10-ak-docstext.googleusercontent.com/export/s8v029du74rmth76t5k6ldhbqs/lm37lr63ad3nt0abqt5ndifc60/1791219215000/106993905607327178910/*/1HHXAlKCheh05nuNoGW372ysO2faJvcPtKfblKNVADqQ?format=txt
20,16kzZPz122zwcyNxQ7BbIoHzxFoZ6nQ5dN8n44XnGrO0,https://docs.google.com/document/d/16kzZPz122zwcyNxQ7BbIoHzxFoZ6nQ5dN8n44XnGrO0/edit?usp=sharing,raw/doc_020_16kzZPz122zwcyNxQ7BbIoHzxFoZ6nQ5dN8n44XnGrO0.txt,709b224cfcfe5b5c39783cc5913cfc0ecd1371ad22175622f1fcb5667b25b8a9,text/plain; charset=utf-8,https://doc-0o-ak-docstext.googleusercontent.com/export/s8v029du74rmth76t5k6ldhbqs/liu2131h5g980et9jq0slpqbqc/1791219220000/106993905607327178910/*/16kzZPz122zwcyNxQ7BbIoHzxFoZ6nQ5dN8n44XnGrO0?format=txt
21,1q-hywsbiqNGWUudpBIhwZpKhSgRdNCc4M2iPrGR8HP0,https://docs.google.com/document/d/1q-hywsbiqNGWUudpBIhwZpKhSgRdNCc4M2iPrGR8HP0/edit?usp=sharing,raw/doc_021_1q-hywsbiqNGWUudpBIhwZpKhSgRdNCc4M2iPrGR8HP0.txt,d6c2b9a925f71a7a61eca9aebee513afbefcaa7a9e334bdfa9dc25003477b80e,text/plain; charset=utf-8,https://doc-0o-ak-docstext.googleusercontent.com/export/s8v029du74rmth76t5k6ldhbqs/dsk6c5al00b1i1vton22pnvbv8/1791219220000/106993905607327178910/*/1q-hywsbiqNGWUudpBIhwZpKhSgRdNCc4M2iPrGR8HP0?format=txt
22,1E_a21bIt2Fu6lrRrZ3igjSwZVZTU2zPfAh-0GCm06dM,https://docs.google.com/document/d/1E_a21bIt2Fu6lrRrZ3igjSwZVZTU2zPfAh-0GCm06dM/edit?usp=sharing,raw/doc_022_1E_a21bIt2Fu6lrRrZ3igjSwZVZTU2zPfAh-0GCm06dM.txt,023435973ba2584e5929b0be9989204b1273cfe395e12602a611e95e0a9e1449,text/plain; charset=utf-8,https://doc-00-ak-docstext.googleusercontent.com/export/s8v029du74rmth76t5k6ldhbqs/pfnt0o53ol724r8j0224ouajss/1791219220000/106993905607327178910/*/1E_a21bIt2Fu6lrRrZ3igjSwZVZTU2zPfAh-0GCm06dM?format=txt
23,1Nej0kivdvGbdd25wOt4n9jD0NTbtRc9EQJnUO6mGcyA,https://docs.google.com/document/d/1Nej0kivdvGbdd25wOt4n9jD0NTbtRc9EQJnUO6mGcyA/edit?usp=sharing,raw/doc_023_1Nej0kivdvGbdd25wOt4n9jD0NTbtRc9EQJnUO6mGcyA.txt,78865a102bd3d1553c114cb6b29787b983a5b33682f05846db3305618edd0d98,text/plain; charset=utf-8,https://doc-08-ak-docstext.googleusercontent.com/export/s8v029du74rmth76t5k6ldhbqs/tjfuq1hmo6ftfsi8fgk7t28510/1791219220000/106993905607327178910/*/1Nej0kivdvGbdd25wOt4n9jD0NTbtRc9EQJnUO6mGcyA?format=txt
24,1h9btNcVRKiDnr2HKQAtH2D6rQ3RjxaeMilXY35GWBz8,https://docs.google.com/document/d/1h9btNcVRKiDnr2HKQAtH2D6rQ3RjxaeMilXY35GWBz8/edit?usp=sharing,raw/doc_024_1h9btNcVRKiDnr2HKQAtH2D6rQ3RjxaeMilXY35GWBz8.txt,8afe3f5a889ec72dd188a49a75953b1e4155f254251be9b130f8b9db31c384cf,text/plain; charset=utf-8,https://doc-04-ak-docstext.googleusercontent.com/export/s8v029du74rmth76t5k6ldhbqs/8evsufa8a3s7228t97eceferrs/1791219220000/106993905607327178910/*/1h9btNcVRKiDnr2HKQAtH2D6rQ3RjxaeMilXY35GWBz8?format=txt
25,1N02kHhLYI9R5e4-HZnjv3-5TUIR2eiVLQa_j08aSiOU,https://docs.google.com/document/d/1N02kHhLYI9R5e4-HZnjv3-5TUIR2eiVLQa_j08aSiOU/edit?usp=sharing,raw/doc_025_1N02kHhLYI9R5e4-HZnjv3-5TUIR2eiVLQa_j08aSiOU.txt,1b5bd9dc24b360b8ed8fbd96f8e1fb1dd778a859159e484865e0409521b22bc8,text/plain; charset=utf-8,https://doc-14-ak-docstext.googleusercontent.com/export/s8v029du74rmth76t5k6ldhbqs/uj6opud3c9c5qqnqffmtf9as7g/1791219225000/106993905607327178910/*/1N02kHhLYI9R5e4-HZnjv3-5TUIR2eiVLQa_j08aSiOU?format=txt
26,1bDdC-CduDgaJKDf2DBMOLEYtm8jDZWKJ8rlNEIY9k8w,https://docs.google.com/document/d/1bDdC-CduDgaJKDf2DBMOLEYtm8jDZWKJ8rlNEIY9k8w/edit?usp=sharing,raw/doc_026_1bDdC-CduDgaJKDf2DBMOLEYtm8jDZWKJ8rlNEIY9k8w.txt,49d02bd72b45055c7b4258a681c6fef6e58b6d312b62ae81b327756d0f1f5b57,text/plain; charset=utf-8,https://doc-0o-ak-docstext.googleusercontent.com/export/s8v029du74rmth76t5k6ldhbqs/b8rcj9vpilmm45ojtbaas17ut0/1791219225000/106993905607327178910/*/1bDdC-CduDgaJKDf2DBMOLEYtm8jDZWKJ8rlNEIY9k8w?format=txt
27,18XnJgaHvXM0j7VsRXQE-ampoUzEXrFS-Z-cPNFxSz74,https://docs.google.com/document/d/18XnJgaHvXM0j7VsRXQE-ampoUzEXrFS-Z-cPNFxSz74/edit?usp=sharing,raw/doc_027_18XnJgaHvXM0j7VsRXQE-ampoUzEXrFS-Z-cPNFxSz74.txt,406449474a89c9d5a49dcfcae46d16d2ea61c39a1c5c8d41e5aded6bc2128fd5,text/plain; charset=utf-8,https://doc-14-ak-docstext.googleusercontent.com/export/s8v029du74rmth76t5k6ldhbqs/ci70ejds5m9i2e0gu1o3m6c20k/1791219225000/106993905607327178910/*/18XnJgaHvXM0j7VsRXQE-ampoUzEXrFS-Z-cPNFxSz74?format=txt
28,13kHna8LuUoBbMwFJbYsYSfzlnS-K3_TY2p_NLbPf-8w,https://docs.google.com/document/d/13kHna8LuUoBbMwFJbYsYSfzlnS-K3_TY2p_NLbPf-8w/edit?usp=sharing,raw/doc_028_13kHna8LuUoBbMwFJbYsYSfzlnS-K3_TY2p_NLbPf-8w.txt,2061c03b407a3b0a06895a1934ff97f2a796dcbd1fead8ab110eb6bb5f761c67,text/plain; charset=utf-8,https://doc-00-ak-docstext.googleusercontent.com/export/s8v029du74rmth76t5k6ldhbqs/83gqnq6mt6seae7a1boa3morbg/1791219225000/106993905607327178910/*/13kHna8LuUoBbMwFJbYsYSfzlnS-K3_TY2p_NLbPf-8w?format=txt
29,1dmDmx0E2gz4uuUfCST9eUinYbBNSFClbSQuqTTXwrWk,https://docs.google.com/document/d/1dmDmx0E2gz4uuUfCST9eUinYbBNSFClbSQuqTTXwrWk/edit?usp=sharing,raw/doc_029_1dmDmx0E2gz4uuUfCST9eUinYbBNSFClbSQuqTTXwrWk.txt,37029151152923c7246b22105e7fd17b665e29125520c323d55d1429a5922b78,text/plain; charset=utf-8,https://doc-04-ak-docstext.googleusercontent.com/export/s8v029du74rmth76t5k6ldhbqs/avivf2gh095iihtcilv38kc8hc/1791219230000/106993905607327178910/*/1dmDmx0E2gz4uuUfCST9eUinYbBNSFClbSQuqTTXwrWk?format=txt
30,1kSn4WgVltY5UaJUYMb1xzCJW_g5rZ9QGuTkYDSK4858,https://docs.google.com/document/d/1kSn4WgVltY5UaJUYMb1xzCJW_g5rZ9QGuTkYDSK4858/edit?usp=sharing,raw/doc_030_1kSn4WgVltY5UaJUYMb1xzCJW_g5rZ9QGuTkYDSK4858.txt,63c0aaef77f7dfa8eb50793ecbe92528c0c0b2bac1fce61de1bf23bafb82aa26,text/plain; charset=utf-8,https://doc-00-ak-docstext.googleusercontent.com/export/s8v029du74rmth76t5k6ldhbqs/p8f05si6roi3q7evaeq7f6rtkg/1791219230000/106993905607327178910/*/1kSn4WgVltY5UaJUYMb1xzCJW_g5rZ9QGuTkYDSK4858?format=txt
31,1WVuzu9tsAuL5J7-lc_kwPZhrqYm2J4es5DQOyuhcPSk,https://docs.google.com/document/d/1WVuzu9tsAuL5J7-lc_kwPZhrqYm2J4es5DQOyuhcPSk/edit?usp=sharing,raw/doc_031_1WVuzu9tsAuL5J7-lc_kwPZhrqYm2J4es5DQOyuhcPSk.txt,773d96f80659c2b54f43302bf4140a9fc349b9da90e26ca7847cda287d0c34fb,text/plain; charset=utf-8,https://doc-0k-ak-docstext.googleusercontent.com/export/s8v029du74rmth76t5k6ldhbqs/6af412rudbk928e0eu0afsqbtc/1791219235000/106993905607327178910/*/1WVuzu9tsAuL5J7-lc_kwPZhrqYm2J4es5DQOyuhcPSk?format=txt
32,1Ln0UvFG-Ada8J2Z3L5bfIeClIaKTVZABKWM0vCDqUlI,https://docs.google.com/document/d/1Ln0UvFG-Ada8J2Z3L5bfIeClIaKTVZABKWM0vCDqUlI/edit?usp=sharing,raw/doc_032_1Ln0UvFG-Ada8J2Z3L5bfIeClIaKTVZABKWM0vCDqUlI.txt,eea3f27849bed1ec02dada5a057b4793e623763e870b42200f1661ac103fc993,text/plain; charset=utf-8,https://doc-0g-ak-docstext.googleusercontent.com/export/s8v029du74rmth76t5k6ldhbqs/pke2nqr5j43uermmmg52gqp7rk/1791219240000/106993905607327178910/*/1Ln0UvFG-Ada8J2Z3L5bfIeClIaKTVZABKWM0vCDqUlI?format=txt
33,1331uw9FH0RCOkHsDnmkm-KsvnmXWOTsdYQDdlhaNjSY,https://docs.google.com/document/d/1331uw9FH0RCOkHsDnmkm-KsvnmXWOTsdYQDdlhaNjSY/edit?usp=sharing,raw/doc_033_1331uw9FH0RCOkHsDnmkm-KsvnmXWOTsdYQDdlhaNjSY.txt,41d893c8187d8f60a8d8ac2c965c2b71aac3b20f9c6729cad7afd81fe51ea3c3,text/plain; charset=utf-8,https://doc-08-ak-docstext.googleusercontent.com/export/s8v029du74rmth76t5k6ldhbqs/71iinmvrq55274p8kuo420u7ds/1791219240000/106993905607327178910/*/1331uw9FH0RCOkHsDnmkm-KsvnmXWOTsdYQDdlhaNjSY?format=txt
34,1ZdknmHzoHmN5_Eu2zywsh3P783pcUI1mbUxuLiCt7Wk,https://docs.google.com/document/d/1ZdknmHzoHmN5_Eu2zywsh3P783pcUI1mbUxuLiCt7Wk/edit?usp=sharing,raw/doc_034_1ZdknmHzoHmN5_Eu2zywsh3P783pcUI1mbUxuLiCt7Wk.txt,a95ce64e7f973445c606a0ce3f07e328a93437e48adf02f7e335d6bb2551febb,text/plain; charset=utf-8,https://doc-08-ak-docstext.googleusercontent.com/export/s8v029du74rmth76t5k6ldhbqs/0ps861cs9vf1iak45gujrqg8qk/1791219245000/106993905607327178910/*/1ZdknmHzoHmN5_Eu2zywsh3P783pcUI1mbUxuLiCt7Wk?format=txt
35,1yfcJKZOzF_SaezeNiCLdS_QiZrNader3HW01oLs2JWA,https://docs.google.com/document/d/1yfcJKZOzF_SaezeNiCLdS_QiZrNader3HW01oLs2JWA/edit?usp=sharing,raw/doc_035_1yfcJKZOzF_SaezeNiCLdS_QiZrNader3HW01oLs2JWA.txt,939ae747ec645ad55b492ec7c5413848574eeab92b5677dae34b58bd000ed5a3,text/plain; charset=utf-8,https://doc-0g-ak-docstext.googleusercontent.com/export/s8v029du74rmth76t5k6ldhbqs/958ptk7sh8dst6jdoddta12dm4/1791219245000/106993905607327178910/*/1yfcJKZOzF_SaezeNiCLdS_QiZrNader3HW01oLs2JWA?format=txt
36,1SGIANf7fKHk8ah1dXYt3irFB5UUyi0TTrBi7jwC8FMA,https://docs.google.com/document/d/1SGIANf7fKHk8ah1dXYt3irFB5UUyi0TTrBi7jwC8FMA/edit?usp=sharing,raw/doc_036_1SGIANf7fKHk8ah1dXYt3irFB5UUyi0TTrBi7jwC8FMA.txt,5964b442df0397031fcd20ff8b0fc85b424c0a39792ec91feeab83df289b0c95,text/plain; charset=utf-8,https://doc-0s-ak-docstext.googleusercontent.com/export/s8v029du74rmth76t5k6ldhbqs/8cu8tc9f4hf59n3l7srdlsu1qc/1791219245000/106993905607327178910/*/1SGIANf7fKHk8ah1dXYt3irFB5UUyi0TTrBi7jwC8FMA?format=txt
37,1nCpQxhokMWy3GF5zp5B-DsuBsEXEoocmtPVwuy4URt8,https://docs.google.com/document/d/1nCpQxhokMWy3GF5zp5B-DsuBsEXEoocmtPVwuy4URt8/edit?usp=sharing,raw/doc_037_1nCpQxhokMWy3GF5zp5B-DsuBsEXEoocmtPVwuy4URt8.txt,d1299020f42ca12d43d96607ed6ee28cad1145b17d2ea56ad5258affbeed5c59,text/plain; charset=utf-8,https://doc-0k-ak-docstext.googleusercontent.com/export/s8v029du74rmth76t5k6ldhbqs/3njo3l9o4erg9it4hujsrc0hm4/1791219245000/106993905607327178910/*/1nCpQxhokMWy3GF5zp5B-DsuBsEXEoocmtPVwuy4URt8?format=txt
38,1X-8_1A3b-5GAnZph3lw8SjoYRyLV2Lk2z20_mp8GmSk,https://docs.google.com/document/d/1X-8_1A3b-5GAnZph3lw8SjoYRyLV2Lk2z20_mp8GmSk/edit?usp=sharing,raw/doc_038_1X-8_1A3b-5GAnZph3lw8SjoYRyLV2Lk2z20_mp8GmSk.txt,59c89726bc6947fd2422f6f008fb423fe0514e53f588e8e29dd868bf5aba90aa,text/plain; charset=utf-8,https://doc-0s-ak-docstext.googleusercontent.com/export/s8v029du74rmth76t5k6ldhbqs/erprpp5itl5pc6js0qpq3g0n1s/1791219245000/106993905607327178910/*/1X-8_1A3b-5GAnZph3lw8SjoYRyLV2Lk2z20_mp8GmSk?format=txt
39,1ELJ2dFMcRAVHmF_K8MQFCE_DNosOPbkRSUJSWK5Fkz8,https://docs.google.com/document/d/1ELJ2dFMcRAVHmF_K8MQFCE_DNosOPbkRSUJSWK5Fkz8/edit?usp=sharing,raw/doc_039_1ELJ2dFMcRAVHmF_K8MQFCE_DNosOPbkRSUJSWK5Fkz8.txt,27799768b0d96a304b4453aed5f6512aa092c8314748b6df27e423d35d413eeb,text/plain; charset=utf-8,https://doc-00-ak-docstext.googleusercontent.com/export/s8v029du74rmth76t5k6ldhbqs/7qt6rovrvo3hoo65ndcjitrqe8/1791219245000/106993905607327178910/*/1ELJ2dFMcRAVHmF_K8MQFCE_DNosOPbkRSUJSWK5Fkz8?format=txt
40,11Gpbqm66oxeSpXI9w2ORVd4_OStA4HImAJ_8QsgfAI8,https://docs.google.com/document/d/11Gpbqm66oxeSpXI9w2ORVd4_OStA4HImAJ_8QsgfAI8/edit?usp=sharing,raw/doc_040_11Gpbqm66oxeSpXI9w2ORVd4_OStA4HImAJ_8QsgfAI8.txt,8458e92a08327ec56441378881a166cb8eb80beb522dcf3fc0e2eec34ce26a99,text/plain; charset=utf-8,https://doc-0c-ak-docstext.googleusercontent.com/export/s8v029du74rmth76t5k6ldhbqs/ghfptrajfnb5febs2i0v6pvke8/1791219250000/106993905607327178910/*/11Gpbqm66oxeSpXI9w2ORVd4_OStA4HImAJ_8QsgfAI8?format=txt
41,1zcMyY0dWkHCzn7LY83GJTofc1-Vi0S0IHz0KSef6hCs,https://docs.google.com/document/d/1zcMyY0dWkHCzn7LY83GJTofc1-Vi0S0IHz0KSef6hCs/edit?usp=sharing,raw/doc_041_1zcMyY0dWkHCzn7LY83GJTofc1-Vi0S0IHz0KSef6hCs.txt,05ff48aeaef3b057f05f79ba87ab66eb3298bd2602c5b3e3bc89d0700c420d70,text/plain; charset=utf-8,https://doc-04-ak-docstext.googleusercontent.com/export/s8v029du74rmth76t5k6ldhbqs/317la0rleeasj6egfld6mhtfto/1791219250000/106993905607327178910/*/1zcMyY0dWkHCzn7LY83GJTofc1-Vi0S0IHz0KSef6hCs?format=txt
42,1hLDmyK1tX7Ph65st3M9Tq9Qib2yN3VCWogknHoWc-gU,https://docs.google.com/document/d/1hLDmyK1tX7Ph65st3M9Tq9Qib2yN3VCWogknHoWc-gU/edit?usp=sharing,raw/doc_042_1hLDmyK1tX7Ph65st3M9Tq9Qib2yN3VCWogknHoWc-gU.txt,d3bff4f281840061f098a2bc5bcc8eaf9397f985542f544201587baf7e3a723e,text/plain; charset=utf-8,https://doc-04-ak-docstext.googleusercontent.com/export/s8v029du74rmth76t5k6ldhbqs/futnkpua2asjq0lidf6ev3ucf0/1791219250000/106993905607327178910/*/1hLDmyK1tX7Ph65st3M9Tq9Qib2yN3VCWogknHoWc-gU?format=txt
43,1VnNfV_VWtHBmrkVzNGR9GJO52VUIPzgdRz7FiH2Tias,https://docs.google.com/document/d/1VnNfV_VWtHBmrkVzNGR9GJO52VUIPzgdRz7FiH2Tias/edit?usp=sharing,raw/doc_043_1VnNfV_VWtHBmrkVzNGR9GJO52VUIPzgdRz7FiH2Tias.txt,e2049ce11d35059dd9d973f5d0b7765d978249cf98daf0a395ccf6ea36c09923,text/plain; charset=utf-8,https://doc-00-ak-docstext.googleusercontent.com/export/s8v029du74rmth76t5k6ldhbqs/k0dcdak63jlap4eiejukn7t78s/1791219250000/106993905607327178910/*/1VnNfV_VWtHBmrkVzNGR9GJO52VUIPzgdRz7FiH2Tias?format=txt
44,183oxw7KW0J7zNh2aREG6tO-RjgQTLCHwJfx7u2dcgDI,https://docs.google.com/document/d/183oxw7KW0J7zNh2aREG6tO-RjgQTLCHwJfx7u2dcgDI/edit?usp=sharing,raw/doc_044_183oxw7KW0J7zNh2aREG6tO-RjgQTLCHwJfx7u2dcgDI.txt,c6a218a76f8ede166f3cf2330e49284617f075da114e6302bcaf32961d4d5550,text/plain; charset=utf-8,https://doc-0o-ak-docstext.googleusercontent.com/export/s8v029du74rmth76t5k6ldhbqs/aqr15vi2aoeo4egqtifltnbcno/1791219255000/106993905607327178910/*/183oxw7KW0J7zNh2aREG6tO-RjgQTLCHwJfx7u2dcgDI?format=txt
45,1c8h95_AtkGOkx8Bfq4QOwGOUv-YTeZuBrd3S6NBk8C4,https://docs.google.com/document/d/1c8h95_AtkGOkx8Bfq4QOwGOUv-YTeZuBrd3S6NBk8C4/edit?usp=sharing,raw/doc_045_1c8h95_AtkGOkx8Bfq4QOwGOUv-YTeZuBrd3S6NBk8C4.txt,6af10b47bbd090be81c89e840555fcd505eef2c771937f92e5a33381e631f064,text/plain; charset=utf-8,https://doc-0o-ak-docstext.googleusercontent.com/export/s8v029du74rmth76t5k6ldhbqs/k3s69efks6vjkva2d958qpf1h0/1791219255000/106993905607327178910/*/1c8h95_AtkGOkx8Bfq4QOwGOUv-YTeZuBrd3S6NBk8C4?format=txt
46,1eeM6RDRGhWNNvazkz7zeO2azMg0Arg-GjrthoJU2iYo,https://docs.google.com/document/d/1eeM6RDRGhWNNvazkz7zeO2azMg0Arg-GjrthoJU2iYo/edit?usp=sharing,raw/doc_046_1eeM6RDRGhWNNvazkz7zeO2azMg0Arg-GjrthoJU2iYo.txt,1431b1b03d1262f3359bfb7dc1a579d248e200e65158ccbccac0a80e7dc21b25,text/plain; charset=utf-8,https://doc-08-ak-docstext.googleusercontent.com/export/s8v029du74rmth76t5k6ldhbqs/1poi94d63jj22c4liekokeq908/1791219255000/106993905607327178910/*/1eeM6RDRGhWNNvazkz7zeO2azMg0Arg-GjrthoJU2iYo?format=txt
47,1Ogt6y_zt3jAx61YMbBwmoq3UDopEgOW5b8e2-DCtZAU,https://docs.google.com/document/d/1Ogt6y_zt3jAx61YMbBwmoq3UDopEgOW5b8e2-DCtZAU/edit?usp=sharing,raw/doc_047_1Ogt6y_zt3jAx61YMbBwmoq3UDopEgOW5b8e2-DCtZAU.txt,ef6c9222e9bad47e05a1af5e32b485607bfebc139e394bd6f3b97cd7e87182ef,text/plain; charset=utf-8,https://doc-0o-ak-docstext.googleusercontent.com/export/s8v029du74rmth76t5k6ldhbqs/leq8cct720hmvg5bh11bqufphs/1791219260000/106993905607327178910/*/1Ogt6y_zt3jAx61YMbBwmoq3UDopEgOW5b8e2-DCtZAU?format=txt
48,1YF6IasxUZxpzFD1F7zbs5m2WFNNK9iYu8csFfkPkE4s,https://docs.google.com/document/d/1YF6IasxUZxpzFD1F7zbs5m2WFNNK9iYu8csFfkPkE4s/edit?usp=sharing,raw/doc_048_1YF6IasxUZxpzFD1F7zbs5m2WFNNK9iYu8csFfkPkE4s.txt,ec7828ace3d824ba51a63d83a3ec4c9a2a6013a961091945cba00f6a0963462a,text/plain; charset=utf-8,https://doc-0o-ak-docstext.googleusercontent.com/export/s8v029du74rmth76t5k6ldhbqs/rfbmru1k1u0vfam9jmqp690pko/1791219265000/106993905607327178910/*/1YF6IasxUZxpzFD1F7zbs5m2WFNNK9iYu8csFfkPkE4s?format=txt
49,1wWVKhTHFXzH-pqkGLNjmQOswOYZ10EgwA5rGRCosCgc,https://docs.google.com/document/d/1wWVKhTHFXzH-pqkGLNjmQOswOYZ10EgwA5rGRCosCgc/edit?usp=sharing,raw/doc_049_1wWVKhTHFXzH-pqkGLNjmQOswOYZ10EgwA5rGRCosCgc.txt,22f9dd37e60493683c11cdb0353c1d5c99918c6bf9a77bb64f249f152162cb50,text/plain; charset=utf-8,https://doc-04-ak-docstext.googleusercontent.com/export/s8v029du74rmth76t5k6ldhbqs/5oalnobhfm4ri9qk3ckfkl24uk/1791219265000/106993905607327178910/*/1wWVKhTHFXzH-pqkGLNjmQOswOYZ10EgwA5rGRCosCgc?format=txt
50,1l0FyU4cIMyDYMAtOC_4-_vso8Jw661aH0M1HocOpung,https://docs.google.com/document/d/1l0FyU4cIMyDYMAtOC_4-_vso8Jw661aH0M1HocOpung/edit?usp=sharing,raw/doc_050_1l0FyU4cIMyDYMAtOC_4-_vso8Jw661aH0M1HocOpung.txt,cb8750025e15b6e4621b07e930bb0d4d202309c5aa7cbd461e078dee81f7eaeb,text/plain; charset=utf-8,https://doc-0c-ak-docstext.googleusercontent.com/export/s8v029du74rmth76t5k6ldhbqs/djiklm9jjo6op28pvfoc8e5ddo/1791219265000/106993905607327178910/*/1l0FyU4cIMyDYMAtOC_4-_vso8Jw661aH0M1HocOpung?format=txt
51,1IZAgRXwJMgm-xeVbdlt2ojcjQbopLT_u1k5hjrl7YwM,https://docs.google.com/document/d/1IZAgRXwJMgm-xeVbdlt2ojcjQbopLT_u1k5hjrl7YwM/edit?usp=sharing,raw/doc_051_1IZAgRXwJMgm-xeVbdlt2ojcjQbopLT_u1k5hjrl7YwM.txt,204c2adffd05d3f023b6aeba373cbc1df40d67abca53fabf1d75c30cc0d64444,text/plain; charset=utf-8,https://doc-14-ak-docstext.googleusercontent.com/export/s8v029du74rmth76t5k6ldhbqs/s66utlpmh6v9hpmuuo79tsmcr0/1791219270000/106993905607327178910/*/1IZAgRXwJMgm-xeVbdlt2ojcjQbopLT_u1k5hjrl7YwM?format=txt
52,1Qz46ohMleDHfXOPCBRqgwR_uq_XjBcjhquJE4N9Lywg,https://docs.google.com/document/d/1Qz46ohMleDHfXOPCBRqgwR_uq_XjBcjhquJE4N9Lywg/edit?usp=sharing,raw/doc_052_1Qz46ohMleDHfXOPCBRqgwR_uq_XjBcjhquJE4N9Lywg.txt,33204e2b6307c21389a7417c1291098bb1c456f7a7b2bfb3d8ccf486bc3d9f04,text/plain; charset=utf-8,https://doc-00-ak-docstext.googleusercontent.com/export/s8v029du74rmth76t5k6ldhbqs/hddoa446p6qipcj2eeab2927ik/1791219270000/106993905607327178910/*/1Qz46ohMleDHfXOPCBRqgwR_uq_XjBcjhquJE4N9Lywg?format=txt
53,1YfBgpSV1DmlDAhAZv7n0yMy9HU3U2XphLwGnknuvwUs,https://docs.google.com/document/d/1YfBgpSV1DmlDAhAZv7n0yMy9HU3U2XphLwGnknuvwUs/edit?usp=sharing,raw/doc_053_1YfBgpSV1DmlDAhAZv7n0yMy9HU3U2XphLwGnknuvwUs.txt,fc12cea2a9b02d7031a389bf68dd18766a64041821f1350c2252e3d9119b2e4e,text/plain; charset=utf-8,https://doc-0s-ak-docstext.googleusercontent.com/export/s8v029du74rmth76t5k6ldhbqs/p3rdcbfu0fj6laup7ep4a3ld60/1791219270000/106993905607327178910/*/1YfBgpSV1DmlDAhAZv7n0yMy9HU3U2XphLwGnknuvwUs?format=txt
54,17UlBpJS7PD96vbGxwfkT4uD_s0MOHW4yMv8ebf-6yFI,https://docs.google.com/document/d/17UlBpJS7PD96vbGxwfkT4uD_s0MOHW4yMv8ebf-6yFI/edit?usp=sharing,raw/doc_054_17UlBpJS7PD96vbGxwfkT4uD_s0MOHW4yMv8ebf-6yFI.txt,c1afea803dea94a937ddcf297fe65e879162c7637acb1cb129b1a9b35d2a9dd1,text/plain; charset=utf-8,https://doc-04-ak-docstext.googleusercontent.com/export/s8v029du74rmth76t5k6ldhbqs/65oorbjku68dc3rise3v29pof0/1791219270000/106993905607327178910/*/17UlBpJS7PD96vbGxwfkT4uD_s0MOHW4yMv8ebf-6yFI?format=txt
55,134QwQ9qrbhnP4ZyBCaexMNR1ivkcEFCEeXY6G54_kwE,https://docs.google.com/document/d/134QwQ9qrbhnP4ZyBCaexMNR1ivkcEFCEeXY6G54_kwE/edit?usp=sharing,raw/doc_055_134QwQ9qrbhnP4ZyBCaexMNR1ivkcEFCEeXY6G54_kwE.txt,27e01d4d12969f5827d20cd598f344394b8b3f2c48bce28fad9a1422fef00663,text/plain; charset=utf-8,https://doc-0k-ak-docstext.googleusercontent.com/export/s8v029du74rmth76t5k6ldhbqs/lu4n39ib4b579h61s95668eb70/1791219275000/106993905607327178910/*/134QwQ9qrbhnP4ZyBCaexMNR1ivkcEFCEeXY6G54_kwE?format=txt
56,1tr8ZKoBZjaBW2F2ncDxBPVHqC9oBXgo7VIj9t3NywMM,https://docs.google.com/document/d/1tr8ZKoBZjaBW2F2ncDxBPVHqC9oBXgo7VIj9t3NywMM/edit?usp=sharing,raw/doc_056_1tr8ZKoBZjaBW2F2ncDxBPVHqC9oBXgo7VIj9t3NywMM.txt,1b610f169a38a9b1462384ce8b4a021dd6e2255f6e80934f465070eadca5d155,text/plain; charset=utf-8,https://doc-0s-ak-docstext.googleusercontent.com/export/s8v029du74rmth76t5k6ldhbqs/jtn8rdg5pjs6hc3eoubp5gg6n0/1791219275000/106993905607327178910/*/1tr8ZKoBZjaBW2F2ncDxBPVHqC9oBXgo7VIj9t3NywMM?format=txt
57,1j80pnKjIjIYfeN_qZJ_OhV2QbGKEEYRfNDba6jw56FY,https://docs.google.com/document/d/1j80pnKjIjIYfeN_qZJ_OhV2QbGKEEYRfNDba6jw56FY/edit?usp=sharing,raw/doc_057_1j80pnKjIjIYfeN_qZJ_OhV2QbGKEEYRfNDba6jw56FY.txt,7e46a3942ae75a22599855085a692a7d5d423c5d749f0958347d45d787c21977,text/plain; charset=utf-8,https://doc-0c-ak-docstext.googleusercontent.com/export/s8v029du74rmth76t5k6ldhbqs/dtujk1tpn1ma0e0jg46mq7qkqc/1791219275000/106993905607327178910/*/1j80pnKjIjIYfeN_qZJ_OhV2QbGKEEYRfNDba6jw56FY?format=txt
58,1CxR4jCWluln9Nu-zo7hVn4iiQkE0I1sxdk87pGFJABM,https://docs.google.com/document/d/1CxR4jCWluln9Nu-zo7hVn4iiQkE0I1sxdk87pGFJABM/edit?usp=sharing,raw/doc_058_1CxR4jCWluln9Nu-zo7hVn4iiQkE0I1sxdk87pGFJABM.txt,d0af0a42e35d66980ea442d6178c735b4fa55aaea0cf5f1cbdce03e1e0152d14,text/plain; charset=utf-8,https://doc-04-ak-docstext.googleusercontent.com/export/s8v029du74rmth76t5k6ldhbqs/l04nr7ucos7lfvtsse125nq59k/1791219280000/106993905607327178910/*/1CxR4jCWluln9Nu-zo7hVn4iiQkE0I1sxdk87pGFJABM?format=txt
59,1E6c3a4aIcQOjS7oN_B5PFLM-DcHMuqGoUVSnz3ObUR4,https://docs.google.com/document/d/1E6c3a4aIcQOjS7oN_B5PFLM-DcHMuqGoUVSnz3ObUR4/edit?usp=sharing,raw/doc_059_1E6c3a4aIcQOjS7oN_B5PFLM-DcHMuqGoUVSnz3ObUR4.txt,2e6b8678b6934fd3a18b6a1492b40128d5153fe4274ba0aa4eb0c6ac6daaef49,text/plain; charset=utf-8,https://doc-0k-ak-docstext.googleusercontent.com/export/s8v029du74rmth76t5k6ldhbqs/23u4c89ad4koe1rvrqsruui9u4/1791219280000/106993905607327178910/*/1E6c3a4aIcQOjS7oN_B5PFLM-DcHMuqGoUVSnz3ObUR4?format=txt
60,1xC6Y3bGWfWqv3ohrM80RW8kaMbt7jdsPNEPOABpunJo,https://docs.google.com/document/d/1xC6Y3bGWfWqv3ohrM80RW8kaMbt7jdsPNEPOABpunJo/edit?usp=sharing,raw/doc_060_1xC6Y3bGWfWqv3ohrM80RW8kaMbt7jdsPNEPOABpunJo.txt,5b310385903ee3cda8701dd7f390202e3fe2eea8e3ce56cc73a2ecca6369f921,text/plain; charset=utf-8,https://doc-0g-ak-docstext.googleusercontent.com/export/s8v029du74rmth76t5k6ldhbqs/1flm4vvpfrt8pl9o863e6jc80c/1791219280000/106993905607327178910/*/1xC6Y3bGWfWqv3ohrM80RW8kaMbt7jdsPNEPOABpunJo?format=txt
61,1q_Iie8vH91gsgurAZxf3zrlzPE8IfXCJnDocmJh3flU,https://docs.google.com/document/d/1q_Iie8vH91gsgurAZxf3zrlzPE8IfXCJnDocmJh3flU/edit?usp=sharing,raw/doc_061_1q_Iie8vH91gsgurAZxf3zrlzPE8IfXCJnDocmJh3flU.txt,3e11b1db6f47a163c7db503fbe4469f83f155717861b8e84eb33cf19743f138a,text/plain; charset=utf-8,https://doc-0c-ak-docstext.googleusercontent.com/export/s8v029du74rmth76t5k6ldhbqs/8bqfbjhbao80u2ca38pjt8dpos/1791219285000/106993905607327178910/*/1q_Iie8vH91gsgurAZxf3zrlzPE8IfXCJnDocmJh3flU?format=txt
62,14m3PlS-W0CLOdAAYwt4gvGMw2aNVbZdzDmXWJRcvpV0,https://docs.google.com/document/d/14m3PlS-W0CLOdAAYwt4gvGMw2aNVbZdzDmXWJRcvpV0/edit?usp=sharing,raw/doc_062_14m3PlS-W0CLOdAAYwt4gvGMw2aNVbZdzDmXWJRcvpV0.txt,0a511459e09ee8ce3b2437b268655f92af9bb4b7b2af2f9040e70bc3df060a1c,text/plain; charset=utf-8,https://doc-04-ak-docstext.googleusercontent.com/export/s8v029du74rmth76t5k6ldhbqs/frepopq9lk2n9j52lvhgpcham4/1791219285000/106993905607327178910/*/14m3PlS-W0CLOdAAYwt4gvGMw2aNVbZdzDmXWJRcvpV0?format=txt
63,1kHh5cljKJs9qQPssO6uL505bFQbnFZDF4aP25Z-YDo4,https://docs.google.com/document/d/1kHh5cljKJs9qQPssO6uL505bFQbnFZDF4aP25Z-YDo4/edit?usp=sharing,raw/doc_063_1kHh5cljKJs9qQPssO6uL505bFQbnFZDF4aP25Z-YDo4.txt,7c8d8f779115fbca7f80a74a152a356b73d501be083966c2ff9319e23ef88386,text/plain; charset=utf-8,https://doc-0k-ak-docstext.googleusercontent.com/export/s8v029du74rmth76t5k6ldhbqs/nl91tl34hec4g8nd8v811hlqqc/1791219285000/106993905607327178910/*/1kHh5cljKJs9qQPssO6uL505bFQbnFZDF4aP25Z-YDo4?format=txt
64,1ZVWuuwAS8zRrEsLIYNNSFNuZRGjUWdHbl4WSxpFVreo,https://docs.google.com/document/d/1ZVWuuwAS8zRrEsLIYNNSFNuZRGjUWdHbl4WSxpFVreo/edit?usp=sharing,raw/doc_064_1ZVWuuwAS8zRrEsLIYNNSFNuZRGjUWdHbl4WSxpFVreo.txt,058d9ec90802b7c4a287aa6f38f040abf85b6bea88f7ffaa15ab2810d9307486,text/plain; charset=utf-8,https://doc-0s-ak-docstext.googleusercontent.com/export/s8v029du74rmth76t5k6ldhbqs/0l3ujod6ori7j91mh3ejj86so0/1791219295000/106993905607327178910/*/1ZVWuuwAS8zRrEsLIYNNSFNuZRGjUWdHbl4WSxpFVreo?format=txt
65,1OHlWpYVrbDkHMb4b6OQJaz81S9DOILOkDf7JmhOuJg8,https://docs.google.com/document/d/1OHlWpYVrbDkHMb4b6OQJaz81S9DOILOkDf7JmhOuJg8/edit?usp=sharing,raw/doc_065_1OHlWpYVrbDkHMb4b6OQJaz81S9DOILOkDf7JmhOuJg8.txt,cbcbdcca0b30164e0b83af6baecf79fc0e5be2b8f23bbce96e7359cc03d9415f,text/plain; charset=utf-8,https://doc-0c-ak-docstext.googleusercontent.com/export/s8v029du74rmth76t5k6ldhbqs/1b9cgp902hn0ilbcre0558v3ps/1791219300000/106993905607327178910/*/1OHlWpYVrbDkHMb4b6OQJaz81S9DOILOkDf7JmhOuJg8?format=txt
66,17Zd-LeWHBysgECZQ1ZhyYWcu2pXQ_hejWpjEUGRcfFs,https://docs.google.com/document/d/17Zd-LeWHBysgECZQ1ZhyYWcu2pXQ_hejWpjEUGRcfFs/edit?usp=sharing,raw/doc_066_17Zd-LeWHBysgECZQ1ZhyYWcu2pXQ_hejWpjEUGRcfFs.txt,14c3ab9a0596fa2bfa49f17d594c5a4089f95c0496b1b5b086f260b53248c820,text/plain; charset=utf-8,https://doc-04-ak-docstext.googleusercontent.com/export/s8v029du74rmth76t5k6ldhbqs/hl9mberfq83659log6gp61e8e0/1791219305000/106993905607327178910/*/17Zd-LeWHBysgECZQ1ZhyYWcu2pXQ_hejWpjEUGRcfFs?format=txt
67,1pMqIsePzVqAMI4uIBmYnBaeFAcuPNUxLQbGza94RRgQ,https://docs.google.com/document/d/1pMqIsePzVqAMI4uIBmYnBaeFAcuPNUxLQbGza94RRgQ/edit?usp=sharing,raw/doc_067_1pMqIsePzVqAMI4uIBmYnBaeFAcuPNUxLQbGza94RRgQ.txt,5fce8b89808e5db966139f76fbc81f4f7ec300ae10e2dbb7dc951eb5bc9bdb3b,text/plain; charset=utf-8,https://doc-00-ak-docstext.googleusercontent.com/export/s8v029du74rmth76t5k6ldhbqs/ebkmu3rt6n5uvhl82jr1o3sm98/1791219305000/106993905607327178910/*/1pMqIsePzVqAMI4uIBmYnBaeFAcuPNUxLQbGza94RRgQ?format=txt
68,1B2s2NKoD3PK5-OwkPpDvrScWUn56BOmxLQtZBRd6jdo,https://docs.google.com/document/d/1B2s2NKoD3PK5-OwkPpDvrScWUn56BOmxLQtZBRd6jdo/edit?usp=sharing,raw/doc_068_1B2s2NKoD3PK5-OwkPpDvrScWUn56BOmxLQtZBRd6jdo.txt,065f66d40b7f2e0df7cd8485020d72661868f09240c3df5eec148c073b91db95,text/plain; charset=utf-8,https://doc-0c-ak-docstext.googleusercontent.com/export/s8v029du74rmth76t5k6ldhbqs/ibarbafk0ahmev6ebmprb20dhg/1791219305000/106993905607327178910/*/1B2s2NKoD3PK5-OwkPpDvrScWUn56BOmxLQtZBRd6jdo?format=txt
69,1CZV_rGv_VEJ1HbZ6XaPZmUk_vQFqtlIdakHFpiJ_HqE,https://docs.google.com/document/d/1CZV_rGv_VEJ1HbZ6XaPZmUk_vQFqtlIdakHFpiJ_HqE/edit?usp=sharing,raw/doc_069_1CZV_rGv_VEJ1HbZ6XaPZmUk_vQFqtlIdakHFpiJ_HqE.txt,fc943779ac9a0ad05bdda6be50c0227b5ecf787fd60fa85231eb6e546f82241f,text/plain; charset=utf-8,https://doc-10-ak-docstext.googleusercontent.com/export/s8v029du74rmth76t5k6ldhbqs/4isu61u9dkkma838ahs4gr8h1c/1791219305000/106993905607327178910/*/1CZV_rGv_VEJ1HbZ6XaPZmUk_vQFqtlIdakHFpiJ_HqE?format=txt
70,1gRVaofuHZ10FUOmP7fA195LOOWQINygfC_TMW895gqY,https://docs.google.com/document/d/1gRVaofuHZ10FUOmP7fA195LOOWQINygfC_TMW895gqY/edit?usp=sharing,raw/doc_070_1gRVaofuHZ10FUOmP7fA195LOOWQINygfC_TMW895gqY.txt,3f5773998a5e1c7f125a0a535797763c712bccfce961b7ca3d9edf12f59ff52c,text/plain; charset=utf-8,https://doc-14-ak-docstext.googleusercontent.com/export/s8v029du74rmth76t5k6ldhbqs/hqbgjnrq811snjbm76b3ghvah0/1791219305000/106993905607327178910/*/1gRVaofuHZ10FUOmP7fA195LOOWQINygfC_TMW895gqY?format=txt
71,1Ayw-hUEETjIKTxsZETsW8LrD7PC8vpezerR5xBzTkUM,https://docs.google.com/document/d/1Ayw-hUEETjIKTxsZETsW8LrD7PC8vpezerR5xBzTkUM/edit?usp=sharing,raw/doc_071_1Ayw-hUEETjIKTxsZETsW8LrD7PC8vpezerR5xBzTkUM.txt,c40559a02ec72d3d779a5aa5c1c52b226d21bf5684ac495ed56a1dd2ef772f92,text/plain; charset=utf-8,https://doc-0c-ak-docstext.googleusercontent.com/export/s8v029du74rmth76t5k6ldhbqs/p8b47eo2e5a2cfvmvk5vi79ssg/1791219310000/106993905607327178910/*/1Ayw-hUEETjIKTxsZETsW8LrD7PC8vpezerR5xBzTkUM?format=txt
72,1iAulNlRoZBwoiZ95jQpIkK_8bgv0is58P7OJmGCXg-w,https://docs.google.com/document/d/1iAulNlRoZBwoiZ95jQpIkK_8bgv0is58P7OJmGCXg-w/edit?usp=sharing,raw/doc_072_1iAulNlRoZBwoiZ95jQpIkK_8bgv0is58P7OJmGCXg-w.txt,a4aa1e596879fc06d176e3d80a4748520850a1a98b05b635b51886b479ae147f,text/plain; charset=utf-8,https://doc-0c-ak-docstext.googleusercontent.com/export/s8v029du74rmth76t5k6ldhbqs/ojvh25ug5a97r85epid50ecna4/1791219310000/106993905607327178910/*/1iAulNlRoZBwoiZ95jQpIkK_8bgv0is58P7OJmGCXg-w?format=txt
73,13X60BsElNhEWUw2cAmofpjrxIJi_s3S9sRmVeLPDfGE,https://docs.google.com/document/d/13X60BsElNhEWUw2cAmofpjrxIJi_s3S9sRmVeLPDfGE/edit?usp=sharing,raw/doc_073_13X60BsElNhEWUw2cAmofpjrxIJi_s3S9sRmVeLPDfGE.txt,75d9b3b54b6a7430c075b49ca80bb767929e1610d2a5fd835afa25d5df38eca2,text/plain; charset=utf-8,https://doc-0s-ak-docstext.googleusercontent.com/export/s8v029du74rmth76t5k6ldhbqs/si71l9qm191q0rthbumuruea30/1791219310000/106993905607327178910/*/13X60BsElNhEWUw2cAmofpjrxIJi_s3S9sRmVeLPDfGE?format=txt
74,1inxfIfMORINFVjvGPHcjWc6w3cSu068cW0kD-bx7DYs,https://docs.google.com/document/d/1inxfIfMORINFVjvGPHcjWc6w3cSu068cW0kD-bx7DYs/edit?usp=sharing,raw/doc_074_1inxfIfMORINFVjvGPHcjWc6w3cSu068cW0kD-bx7DYs.txt,9c2ecfe70fbfd065b67c5fb3f02bcf6a8a712ff29a927f758a16702e58a27358,text/plain; charset=utf-8,https://doc-00-ak-docstext.googleusercontent.com/export/s8v029du74rmth76t5k6ldhbqs/1pio3qudjfg1vr2iqkdinovvuo/1791219310000/106993905607327178910/*/1inxfIfMORINFVjvGPHcjWc6w3cSu068cW0kD-bx7DYs?format=txt
75,1HoiEv-QFpcOso8SiTnvjeEkOehPa5ijMZqSJBmtJdBs,https://docs.google.com/document/d/1HoiEv-QFpcOso8SiTnvjeEkOehPa5ijMZqSJBmtJdBs/edit?usp=sharing,raw/doc_075_1HoiEv-QFpcOso8SiTnvjeEkOehPa5ijMZqSJBmtJdBs.txt,959d07fa90b94558c6ea4d473579d2dce4f562ebcface1d9c740991072f40000,text/plain; charset=utf-8,https://doc-04-ak-docstext.googleusercontent.com/export/s8v029du74rmth76t5k6ldhbqs/b4006ofspuhhrf7aauivak3ck0/1791219310000/106993905607327178910/*/1HoiEv-QFpcOso8SiTnvjeEkOehPa5ijMZqSJBmtJdBs?format=txt
76,1SgevvYM8lVIUUslvoOrskG2TuaYLHbMJsz9tGzrETRk,https://docs.google.com/document/d/1SgevvYM8lVIUUslvoOrskG2TuaYLHbMJsz9tGzrETRk/edit?usp=sharing,raw/doc_076_1SgevvYM8lVIUUslvoOrskG2TuaYLHbMJsz9tGzrETRk.txt,3d27922c1b7229fec1cb3d4f8795cb4341fb193aa09d23a580829757654afc65,text/plain; charset=utf-8,https://doc-0g-ak-docstext.googleusercontent.com/export/s8v029du74rmth76t5k6ldhbqs/0gh9s6hepula4crqjnpm4l4bko/1791219315000/106993905607327178910/*/1SgevvYM8lVIUUslvoOrskG2TuaYLHbMJsz9tGzrETRk?format=txt
77,1exWB3IRAw4ABsRlNwGuE0imV31LPKiz6UHgSNsgSot0,https://docs.google.com/document/d/1exWB3IRAw4ABsRlNwGuE0imV31LPKiz6UHgSNsgSot0/edit?usp=sharing,raw/doc_077_1exWB3IRAw4ABsRlNwGuE0imV31LPKiz6UHgSNsgSot0.txt,01a91f1e7ba27b07d9c75cec4147503cb79208aab03165ac6b4c73479c1fa24a,text/plain; charset=utf-8,https://doc-0g-ak-docstext.googleusercontent.com/export/s8v029du74rmth76t5k6ldhbqs/m4snj9s83ar3cripoknm9i7ha4/1791219315000/106993905607327178910/*/1exWB3IRAw4ABsRlNwGuE0imV31LPKiz6UHgSNsgSot0?format=txt
78,1tTXF5CdWSYbOhO0lw5FQLKQ3kwm5KCLAtQGRYuCv08A,https://docs.google.com/document/d/1tTXF5CdWSYbOhO0lw5FQLKQ3kwm5KCLAtQGRYuCv08A/edit?usp=sharing,raw/doc_078_1tTXF5CdWSYbOhO0lw5FQLKQ3kwm5KCLAtQGRYuCv08A.txt,e0b1cf738db97c66cf3e7f8f2bfb7ae511b2c090ad2f1fb5cff5b93959440de3,text/plain; charset=utf-8,https://doc-0o-ak-docstext.googleusercontent.com/export/s8v029du74rmth76t5k6ldhbqs/lr0a9sv57mk32dajdaa8gd7af4/1791219315000/106993905607327178910/*/1tTXF5CdWSYbOhO0lw5FQLKQ3kwm5KCLAtQGRYuCv08A?format=txt
79,1f_qHvCDGLF2-DkmRuw3BZzjCilynHPZnt1STAJMw51g,https://docs.google.com/document/d/1f_qHvCDGLF2-DkmRuw3BZzjCilynHPZnt1STAJMw51g/edit?usp=sharing,raw/doc_079_1f_qHvCDGLF2-DkmRuw3BZzjCilynHPZnt1STAJMw51g.txt,5f481e1f95386fb3f175466182e43d64495ea4f1ae8800cd866f0e8bb37fedcd,text/plain; charset=utf-8,https://doc-04-ak-docstext.googleusercontent.com/export/s8v029du74rmth76t5k6ldhbqs/4dho4e46ta9m0bqrhiujfhisag/1791219315000/106993905607327178910/*/1f_qHvCDGLF2-DkmRuw3BZzjCilynHPZnt1STAJMw51g?format=txt
80,1OwHrb9k_WTBtC-ahTaRHvr8IklcC3_vaLn5D9P1_NZc,https://docs.google.com/document/d/1OwHrb9k_WTBtC-ahTaRHvr8IklcC3_vaLn5D9P1_NZc/edit?usp=sharing,raw/doc_080_1OwHrb9k_WTBtC-ahTaRHvr8IklcC3_vaLn5D9P1_NZc.txt,4694f2cd3878cd467d04c7f31e5fae4b71616f716cd9855b36cb81411223f936,text/plain; charset=utf-8,https://doc-0o-ak-docstext.googleusercontent.com/export/s8v029du74rmth76t5k6ldhbqs/f8ps8jtae15hm8keugil0hof68/1791219315000/106993905607327178910/*/1OwHrb9k_WTBtC-ahTaRHvr8IklcC3_vaLn5D9P1_NZc?format=txt
81,1lfU5NAcBiDA7chbcdPs7tej2BUuGtXxtGb82ufUB0LU,https://docs.google.com/document/d/1lfU5NAcBiDA7chbcdPs7tej2BUuGtXxtGb82ufUB0LU/edit?usp=sharing,raw/doc_081_1lfU5NAcBiDA7chbcdPs7tej2BUuGtXxtGb82ufUB0LU.txt,afef84c0fcde13c1d9d1445b6df1d379ef6904c0d65b5287a218ccfd120d47e4,text/plain; charset=utf-8,https://doc-0k-ak-docstext.googleusercontent.com/export/s8v029du74rmth76t5k6ldhbqs/6ofnj7r1mduutufh5eemfksvjc/1791219315000/106993905607327178910/*/1lfU5NAcBiDA7chbcdPs7tej2BUuGtXxtGb82ufUB0LU?format=txt
82,19F1Tmnhzv4mc81aq19JoF1jfkiGWgWtWM-Bt6_qmzUU,https://docs.google.com/document/d/19F1Tmnhzv4mc81aq19JoF1jfkiGWgWtWM-Bt6_qmzUU/edit?usp=sharing,raw/doc_082_19F1Tmnhzv4mc81aq19JoF1jfkiGWgWtWM-Bt6_qmzUU.txt,63096093e7b44632322ec472e3a4ae7bbd7548a70b4cf57be1dabf52854c58a6,text/plain; charset=utf-8,https://doc-04-ak-docstext.googleusercontent.com/export/s8v029du74rmth76t5k6ldhbqs/nin5sd45k8mfnm06kh1numdais/1791219320000/106993905607327178910/*/19F1Tmnhzv4mc81aq19JoF1jfkiGWgWtWM-Bt6_qmzUU?format=txt
83,17NJ_579ZPvJrqD3iUgQrUyDK0-0EB_x20zIyZGNaGQo,https://docs.google.com/document/d/17NJ_579ZPvJrqD3iUgQrUyDK0-0EB_x20zIyZGNaGQo/edit?usp=sharing,raw/doc_083_17NJ_579ZPvJrqD3iUgQrUyDK0-0EB_x20zIyZGNaGQo.txt,39db47239a3a77acc2f27aba204d434fb8cbe99d9ad9f8915ef6339f7360feeb,text/plain; charset=utf-8,https://doc-0c-ak-docstext.googleusercontent.com/export/s8v029du74rmth76t5k6ldhbqs/flb12k7p2t3te99gkm5fnghb9k/1791219320000/106993905607327178910/*/17NJ_579ZPvJrqD3iUgQrUyDK0-0EB_x20zIyZGNaGQo?format=txt
84,1A11_s4hrNSyZo2Q2zhuroQ1asKToUvWPOXk9P9xyB98,https://docs.google.com/document/d/1A11_s4hrNSyZo2Q2zhuroQ1asKToUvWPOXk9P9xyB98/edit?usp=sharing,raw/doc_084_1A11_s4hrNSyZo2Q2zhuroQ1asKToUvWPOXk9P9xyB98.txt,f63b97818452060800e077663c146d170af37586b5a9b91dba731d169af89ae0,text/plain; charset=utf-8,https://doc-10-ak-docstext.googleusercontent.com/export/s8v029du74rmth76t5k6ldhbqs/stddj44j58pjqffp6n03j1b5o4/1791219320000/106993905607327178910/*/1A11_s4hrNSyZo2Q2zhuroQ1asKToUvWPOXk9P9xyB98?format=txt
85,1MeGdv5Fl2N9gIuYYxAPZINIen2YvtEyna__hp45p0Wg,https://docs.google.com/document/d/1MeGdv5Fl2N9gIuYYxAPZINIen2YvtEyna__hp45p0Wg/edit?usp=sharing,raw/doc_085_1MeGdv5Fl2N9gIuYYxAPZINIen2YvtEyna__hp45p0Wg.txt,5aec4ea66a12297817565081e42f70e7bdb6a20b7147b9a85868fed7e835d8a9,text/plain; charset=utf-8,https://doc-0k-ak-docstext.googleusercontent.com/export/s8v029du74rmth76t5k6ldhbqs/1kera9pu4pbda39jnu3qgg60ao/1791219320000/106993905607327178910/*/1MeGdv5Fl2N9gIuYYxAPZINIen2YvtEyna__hp45p0Wg?format=txt
86,19TKXg5mnOX32gE-wmfKPoU4kO1YWt5KkkFzN3pCoJWs,https://docs.google.com/document/d/19TKXg5mnOX32gE-wmfKPoU4kO1YWt5KkkFzN3pCoJWs/edit?usp=sharing,raw/doc_086_19TKXg5mnOX32gE-wmfKPoU4kO1YWt5KkkFzN3pCoJWs.txt,9a3e8515aa8f4f28e463630cfd13e01881d3a406586ef1426988acbb3e6d2f35,text/plain; charset=utf-8,https://doc-00-ak-docstext.googleusercontent.com/export/s8v029du74rmth76t5k6ldhbqs/tg92ujrnhc8ru8f9t1j5nmogik/1791219320000/106993905607327178910/*/19TKXg5mnOX32gE-wmfKPoU4kO1YWt5KkkFzN3pCoJWs?format=txt
87,1-CyOh6iLuS5N-rJOSydH_bPjCzkFI4GRQDe-LyamrBA,https://docs.google.com/document/d/1-CyOh6iLuS5N-rJOSydH_bPjCzkFI4GRQDe-LyamrBA/edit?usp=sharing,raw/doc_087_1-CyOh6iLuS5N-rJOSydH_bPjCzkFI4GRQDe-LyamrBA.txt,5bdb95800295ff0f73f16c267fc5ee6a1f7bf1a819fb3effbf538b1a6eded49a,text/plain; charset=utf-8,https://doc-14-ak-docstext.googleusercontent.com/export/s8v029du74rmth76t5k6ldhbqs/t10ua4a81r8ko7en3loiqnk6p0/1791219320000/106993905607327178910/*/1-CyOh6iLuS5N-rJOSydH_bPjCzkFI4GRQDe-LyamrBA?format=txt
88,155k6Snxu82pNufcSAHRn_HC-_T7wEtGr3Tm20Jm1dI0,https://docs.google.com/document/d/155k6Snxu82pNufcSAHRn_HC-_T7wEtGr3Tm20Jm1dI0/edit?usp=sharing,raw/doc_088_155k6Snxu82pNufcSAHRn_HC-_T7wEtGr3Tm20Jm1dI0.txt,2f9303a606f98de8b87d86ed00f502085fc107cb05f442b0c5ec30cd389494db,text/plain; charset=utf-8,https://doc-0o-ak-docstext.googleusercontent.com/export/s8v029du74rmth76t5k6ldhbqs/irms8vf1v20ll6hgb6utop3hgg/1791219325000/106993905607327178910/*/155k6Snxu82pNufcSAHRn_HC-_T7wEtGr3Tm20Jm1dI0?format=txt
89,13oRhdwOVCVlM-vyUAM9-_tx1S6gKirctUp_2yVjnrSg,https://docs.google.com/document/d/13oRhdwOVCVlM-vyUAM9-_tx1S6gKirctUp_2yVjnrSg/edit?usp=sharing,raw/doc_089_13oRhdwOVCVlM-vyUAM9-_tx1S6gKirctUp_2yVjnrSg.txt,aa55ca5b48a7e9425de86b6e7db4e051e36f480c8a66851c88ae772b39a2967b,text/plain; charset=utf-8,https://doc-0o-ak-docstext.googleusercontent.com/export/s8v029du74rmth76t5k6ldhbqs/ph1himguefkt02ltgif7cafgv8/1791219325000/106993905607327178910/*/13oRhdwOVCVlM-vyUAM9-_tx1S6gKirctUp_2yVjnrSg?format=txt
90,17hnCf46AbdPobyJ3OPwqiT_n-OIRmloK2I1Mq-86TxM,https://docs.google.com/document/d/17hnCf46AbdPobyJ3OPwqiT_n-OIRmloK2I1Mq-86TxM/edit?usp=sharing,raw/doc_090_17hnCf46AbdPobyJ3OPwqiT_n-OIRmloK2I1Mq-86TxM.txt,2ae35224c3384e14b77b0b7e852576c39ed53f0146f25f5d374863a3925bd689,text/plain; charset=utf-8,https://doc-0o-ak-docstext.googleusercontent.com/export/s8v029du74rmth76t5k6ldhbqs/tpi0jjo31ssdlrsaprh9lnahps/1791219325000/106993905607327178910/*/17hnCf46AbdPobyJ3OPwqiT_n-OIRmloK2I1Mq-86TxM?format=txt
91,1VYdHUXzgLy2dWj7N7dJqCBFvBo8Bzc1Y88x7ZdSp31s,https://docs.google.com/document/d/1VYdHUXzgLy2dWj7N7dJqCBFvBo8Bzc1Y88x7ZdSp31s/edit?usp=sharing,raw/doc_091_1VYdHUXzgLy2dWj7N7dJqCBFvBo8Bzc1Y88x7ZdSp31s.txt,3c3c28ddcc66ca72bc496e5d6a293dead3ab1675953e2311a40038b56679ecf3,text/plain; charset=utf-8,https://doc-0o-ak-docstext.googleusercontent.com/export/s8v029du74rmth76t5k6ldhbqs/vtn1e0soahiju9nhtjfheq1kf8/1791219330000/106993905607327178910/*/1VYdHUXzgLy2dWj7N7dJqCBFvBo8Bzc1Y88x7ZdSp31s?format=txt
92,1xmS90-3uW_-EMRjE13TLqVD7w3ExlIvTBMc8D7Sa18g,https://docs.google.com/document/d/1xmS90-3uW_-EMRjE13TLqVD7w3ExlIvTBMc8D7Sa18g/edit?usp=sharing,raw/doc_092_1xmS90-3uW_-EMRjE13TLqVD7w3ExlIvTBMc8D7Sa18g.txt,4b10b199675aa6ef5eaeb36c28d045499347cc47a25ecb99796d4d19b9877b5b,text/plain; charset=utf-8,https://doc-00-ak-docstext.googleusercontent.com/export/s8v029du74rmth76t5k6ldhbqs/c5aeaan0ops4eb3si88fm5tgdk/1791219330000/106993905607327178910/*/1xmS90-3uW_-EMRjE13TLqVD7w3ExlIvTBMc8D7Sa18g?format=txt
93,1J9eyxqBbrO1oZk5DHf4zMraWmsk_maU6nOOYHHSX8o4,https://docs.google.com/document/d/1J9eyxqBbrO1oZk5DHf4zMraWmsk_maU6nOOYHHSX8o4/edit?usp=sharing,raw/doc_093_1J9eyxqBbrO1oZk5DHf4zMraWmsk_maU6nOOYHHSX8o4.txt,7cdc217ba085ee103158bce9091c74ad268cd35a20f11b00daa51a8c60922da1,text/plain; charset=utf-8,https://doc-00-ak-docstext.googleusercontent.com/export/s8v029du74rmth76t5k6ldhbqs/deinrnhor2neb03g9dvc258rig/1791219330000/106993905607327178910/*/1J9eyxqBbrO1oZk5DHf4zMraWmsk_maU6nOOYHHSX8o4?format=txt
94,1HnYJYUP7s9CQIoKafaFlY_v3kP8lgXzba-g1Jds53Cs,https://docs.google.com/document/d/1HnYJYUP7s9CQIoKafaFlY_v3kP8lgXzba-g1Jds53Cs/edit?usp=sharing,raw/doc_094_1HnYJYUP7s9CQIoKafaFlY_v3kP8lgXzba-g1Jds53Cs.txt,75b486b9dcb2c4ab6fc118771fce720ae1b47270758ee28882b061daa3f0135b,text/plain; charset=utf-8,https://doc-14-ak-docstext.googleusercontent.com/export/s8v029du74rmth76t5k6ldhbqs/dhnsp2pfqtrvnb8opn6e2biqis/1791219330000/106993905607327178910/*/1HnYJYUP7s9CQIoKafaFlY_v3kP8lgXzba-g1Jds53Cs?format=txt
95,1kdvWMO3Tr8FReWWE4xwSdqELe5gaR-hee3oGH-yhUQo,https://docs.google.com/document/d/1kdvWMO3Tr8FReWWE4xwSdqELe5gaR-hee3oGH-yhUQo/edit?usp=sharing,raw/doc_095_1kdvWMO3Tr8FReWWE4xwSdqELe5gaR-hee3oGH-yhUQo.txt,abe3be586d242173c93bf25b24b1159e9c7486e49b50f72162ca603b298ca461,text/plain; charset=utf-8,https://doc-04-ak-docstext.googleusercontent.com/export/s8v029du74rmth76t5k6ldhbqs/32e49pc8ae04s9o28jq6415lu4/1791219335000/106993905607327178910/*/1kdvWMO3Tr8FReWWE4xwSdqELe5gaR-hee3oGH-yhUQo?format=txt
96,1d2tzQQ0qqGe36x_5MOpWb43U9gF4QG6nvX4DGfsDrR8,https://docs.google.com/document/d/1d2tzQQ0qqGe36x_5MOpWb43U9gF4QG6nvX4DGfsDrR8/edit?usp=sharing,raw/doc_096_1d2tzQQ0qqGe36x_5MOpWb43U9gF4QG6nvX4DGfsDrR8.txt,a801382345dfdf09b198786f3885bab5499f3e201a425c9d07db47c428401110,text/plain; charset=utf-8,https://doc-0g-ak-docstext.googleusercontent.com/export/s8v029du74rmth76t5k6ldhbqs/injhhd1ii64hkf84enf1sb6npo/1791219335000/106993905607327178910/*/1d2tzQQ0qqGe36x_5MOpWb43U9gF4QG6nvX4DGfsDrR8?format=txt
97,138l3C4Za4JBce5q5f_fzXKnJ1k6xSjQvddlPnTXrjTI,https://docs.google.com/document/d/138l3C4Za4JBce5q5f_fzXKnJ1k6xSjQvddlPnTXrjTI/edit?usp=sharing,raw/doc_097_138l3C4Za4JBce5q5f_fzXKnJ1k6xSjQvddlPnTXrjTI.txt,df110f09379ffcdfa896e758cf131e64e1dcec6f66ce77a8aa682fcf863981d5,text/plain; charset=utf-8,https://doc-0c-ak-docstext.googleusercontent.com/export/s8v029du74rmth76t5k6ldhbqs/advi3kt0d70prkp7elrsj952c0/1791219335000/106993905607327178910/*/138l3C4Za4JBce5q5f_fzXKnJ1k6xSjQvddlPnTXrjTI?format=txt
98,1wAfB3ygyrGXJ6ia60PgwvA_6gP5JgB-89ND9ZjUlOIU,https://docs.google.com/document/d/1wAfB3ygyrGXJ6ia60PgwvA_6gP5JgB-89ND9ZjUlOIU/edit?usp=sharing,raw/doc_098_1wAfB3ygyrGXJ6ia60PgwvA_6gP5JgB-89ND9ZjUlOIU.txt,c01cc783d497663c1b3138b32201b3bc044e51923ebfc210125ba291edfc61a2,text/plain; charset=utf-8,https://doc-10-ak-docstext.googleusercontent.com/export/s8v029du74rmth76t5k6ldhbqs/7i8scss55i58ele3610gt0bn7k/1791219335000/106993905607327178910/*/1wAfB3ygyrGXJ6ia60PgwvA_6gP5JgB-89ND9ZjUlOIU?format=txt
99,1TZrb6J83MTxvRl9xSYg6tWZOheR-MpWGPIOKT7ysJ1A,https://docs.google.com/document/d/1TZrb6J83MTxvRl9xSYg6tWZOheR-MpWGPIOKT7ysJ1A/edit?usp=sharing,raw/doc_099_1TZrb6J83MTxvRl9xSYg6tWZOheR-MpWGPIOKT7ysJ1A.txt,ba17ec5aeb02b989cf89ba10da2b607d5493e8d1b3b4840cc8d3fbb032024d50,text/plain; charset=utf-8,https://doc-14-ak-docstext.googleusercontent.com/export/s8v029du74rmth76t5k6ldhbqs/06blhghqpabj25hf9f9ub2pqmc/1791219335000/106993905607327178910/*/1TZrb6J83MTxvRl9xSYg6tWZOheR-MpWGPIOKT7ysJ1A?format=txt
100,1VZeoPvkAkeMYxI5-zm20ryspxWhuuFM4BOLAvQCuJJA,https://docs.google.com/document/d/1VZeoPvkAkeMYxI5-zm20ryspxWhuuFM4BOLAvQCuJJA/edit?usp=sharing,raw/doc_100_1VZeoPvkAkeMYxI5-zm20ryspxWhuuFM4BOLAvQCuJJA.txt,58fcbdc32bb2f465e0afde7be77d6b502a34cddb3ff06bf7fe03090f0ae76380,text/plain; charset=utf-8,https://doc-14-ak-docstext.googleusercontent.com/export/s8v029du74rmth76t5k6ldhbqs/ovob7uf805lh4k7bvjse3oju90/1791219335000/106993905607327178910/*/1VZeoPvkAkeMYxI5-zm20ryspxWhuuFM4BOLAvQCuJJA?format=txt
101,1sTMY0i2khqo685eJNvnNYXAow6ZdLlSLHRVHOLzw0AA,https://docs.google.com/document/d/1sTMY0i2khqo685eJNvnNYXAow6ZdLlSLHRVHOLzw0AA/edit?usp=sharing,raw/doc_101_1sTMY0i2khqo685eJNvnNYXAow6ZdLlSLHRVHOLzw0AA.txt,8c2e10c697daf2e5f98ebfffc69ed8b79f40a4e067ff521582c94e447033ce68,text/plain; charset=utf-8,https://doc-0o-ak-docstext.googleusercontent.com/export/s8v029du74rmth76t5k6ldhbqs/6lt1lrkbp0ufdiub8psd8h0tqc/1791219350000/106993905607327178910/*/1sTMY0i2khqo685eJNvnNYXAow6ZdLlSLHRVHOLzw0AA?format=txt
102,1PnRAhygi61yWwmTHwplbnfMTqKcOQoUjBYSxFhPeHBk,https://docs.google.com/document/d/1PnRAhygi61yWwmTHwplbnfMTqKcOQoUjBYSxFhPeHBk/edit?usp=sharing,raw/doc_102_1PnRAhygi61yWwmTHwplbnfMTqKcOQoUjBYSxFhPeHBk.txt,3128ed336676d9ae850cc1a04ff0992a49e7ad8c6a63d18f7d6bbfe666b60086,text/plain; charset=utf-8,https://doc-0g-ak-docstext.googleusercontent.com/export/s8v029du74rmth76t5k6ldhbqs/pjho9fu7ccc6baqbqslo374028/1791219355000/106993905607327178910/*/1PnRAhygi61yWwmTHwplbnfMTqKcOQoUjBYSxFhPeHBk?format=txt
103,1Kt-YjIyxF0kBbQi3BGFSQAoZfZS4qwXvG2Y9bSRzzaI,https://docs.google.com/document/d/1Kt-YjIyxF0kBbQi3BGFSQAoZfZS4qwXvG2Y9bSRzzaI/edit?usp=sharing,raw/doc_103_1Kt-YjIyxF0kBbQi3BGFSQAoZfZS4qwXvG2Y9bSRzzaI.txt,3381ce1a452c67017524e9be13e6741d8ad1e0b311069d6f1a1fe650c9c6b5a3,text/plain; charset=utf-8,https://doc-08-ak-docstext.googleusercontent.com/export/s8v029du74rmth76t5k6ldhbqs/193sbrsoeapagslfvl10c8tapg/1791219355000/106993905607327178910/*/1Kt-YjIyxF0kBbQi3BGFSQAoZfZS4qwXvG2Y9bSRzzaI?format=txt
104,1BedP3xcYTlGPS0nOK4Bz8oHRlsA0dQOJT4vvKGbd0zo,https://docs.google.com/document/d/1BedP3xcYTlGPS0nOK4Bz8oHRlsA0dQOJT4vvKGbd0zo/edit?usp=sharing,raw/doc_104_1BedP3xcYTlGPS0nOK4Bz8oHRlsA0dQOJT4vvKGbd0zo.txt,d57cb6af36dcfbf440f1aa61aa3a9840925d5652a16be50ce7263521558bb584,text/plain; charset=utf-8,https://doc-0s-ak-docstext.googleusercontent.com/export/s8v029du74rmth76t5k6ldhbqs/vtbs3ungjkqi2rgvobcp03sgr0/1791219355000/106993905607327178910/*/1BedP3xcYTlGPS0nOK4Bz8oHRlsA0dQOJT4vvKGbd0zo?format=txt
105,1xGAlALS8h2znGA7wDMyeaUmWOySVbvUqni6iLWF4pRk,https://docs.google.com/document/d/1xGAlALS8h2znGA7wDMyeaUmWOySVbvUqni6iLWF4pRk/edit?usp=sharing,raw/doc_105_1xGAlALS8h2znGA7wDMyeaUmWOySVbvUqni6iLWF4pRk.txt,de30d00edcdc22a58ea884de91a98e33de885a81b4c7271e0511020d74e91e60,text/plain; charset=utf-8,https://doc-08-ak-docstext.googleusercontent.com/export/s8v029du74rmth76t5k6ldhbqs/58ri64umkq545lreidhfq9v7ms/1791219360000/106993905607327178910/*/1xGAlALS8h2znGA7wDMyeaUmWOySVbvUqni6iLWF4pRk?format=txt
106,1apuuIqOc2ycGywS_3UPQ05OFF3D65izpfwJNhr-3-1w,https://docs.google.com/document/d/1apuuIqOc2ycGywS_3UPQ05OFF3D65izpfwJNhr-3-1w/edit?usp=sharing,raw/doc_106_1apuuIqOc2ycGywS_3UPQ05OFF3D65izpfwJNhr-3-1w.txt,f49ea91d69f427bbec1e66b325b27ff10c6c3ebb1dd43b6d7b78993f9251cc8a,text/plain; charset=utf-8,https://doc-00-ak-docstext.googleusercontent.com/export/s8v029du74rmth76t5k6ldhbqs/k3bbng8aia3vulnotdgfbkaluk/1791219365000/106993905607327178910/*/1apuuIqOc2ycGywS_3UPQ05OFF3D65izpfwJNhr-3-1w?format=txt
107,1SLxZL7bUIgfg89Af-oJEEjtVjiC7zxpWX1z8lRKu7D4,https://docs.google.com/document/d/1SLxZL7bUIgfg89Af-oJEEjtVjiC7zxpWX1z8lRKu7D4/edit?usp=sharing,raw/doc_107_1SLxZL7bUIgfg89Af-oJEEjtVjiC7zxpWX1z8lRKu7D4.txt,5ee72f3cc52ecce36a35b451e97a9ead437da4d89bf50d695ee305102f0c1b5c,text/plain; charset=utf-8,https://doc-0g-ak-docstext.googleusercontent.com/export/s8v029du74rmth76t5k6ldhbqs/1sg4751gsa4bir6eeb5be0vitk/1791219365000/106993905607327178910/*/1SLxZL7bUIgfg89Af-oJEEjtVjiC7zxpWX1z8lRKu7D4?format=txt
108,1tL9XZ45n0fpf0Wt14I0keNiuJ5gCyIMvZPu2G6cUhYQ,https://docs.google.com/document/d/1tL9XZ45n0fpf0Wt14I0keNiuJ5gCyIMvZPu2G6cUhYQ/edit?usp=sharing,raw/doc_108_1tL9XZ45n0fpf0Wt14I0keNiuJ5gCyIMvZPu2G6cUhYQ.txt,d0ea3531e748bcd416b01f04961b6071df58e5549c771438b8eb91256c1338ed,text/plain; charset=utf-8,https://doc-00-ak-docstext.googleusercontent.com/export/s8v029du74rmth76t5k6ldhbqs/karpu4qk54vr3ubgp7rn6b7c3s/1791219375000/106993905607327178910/*/1tL9XZ45n0fpf0Wt14I0keNiuJ5gCyIMvZPu2G6cUhYQ?format=txt
109,11sMYEzjM393XMBoLCVzZqbZiylPGgHbXpavAdUlYLxU,https://docs.google.com/document/d/11sMYEzjM393XMBoLCVzZqbZiylPGgHbXpavAdUlYLxU/edit?usp=sharing,raw/doc_109_11sMYEzjM393XMBoLCVzZqbZiylPGgHbXpavAdUlYLxU.txt,495a771f84602b1f5929adc3629a2f665a085d8c472b914d7b1634a5ac45568e,text/plain; charset=utf-8,https://doc-0o-ak-docstext.googleusercontent.com/export/s8v029du74rmth76t5k6ldhbqs/iks7fn2baqm8it7b75q763g390/1791219375000/106993905607327178910/*/11sMYEzjM393XMBoLCVzZqbZiylPGgHbXpavAdUlYLxU?format=txt
110,1QazVGCQYTNRVbN4cdrH8Bl6BUoyzLgbcXjD1kpQMdvw,https://docs.google.com/document/d/1QazVGCQYTNRVbN4cdrH8Bl6BUoyzLgbcXjD1kpQMdvw/edit?usp=sharing,raw/doc_110_1QazVGCQYTNRVbN4cdrH8Bl6BUoyzLgbcXjD1kpQMdvw.txt,3faaef30d290f05a85e387bafd99b96ec8207577ecf513083987689ced2c417b,text/plain; charset=utf-8,https://doc-00-ak-docstext.googleusercontent.com/export/s8v029du74rmth76t5k6ldhbqs/gg3ajstnuq2ouqos6puh7fjpq8/1791219375000/106993905607327178910/*/1QazVGCQYTNRVbN4cdrH8Bl6BUoyzLgbcXjD1kpQMdvw?format=txt
111,1o2WlnbcAiGN7N-mOKhoKkllMMDgGml9doDiTUBf0YJs,https://docs.google.com/document/d/1o2WlnbcAiGN7N-mOKhoKkllMMDgGml9doDiTUBf0YJs/edit?usp=sharing,raw/doc_111_1o2WlnbcAiGN7N-mOKhoKkllMMDgGml9doDiTUBf0YJs.txt,188070917982da7efa56bc2d76e30b37550bd42d7e9bf1460971f7727b7377fc,text/plain; charset=utf-8,https://doc-0g-ak-docstext.googleusercontent.com/export/s8v029du74rmth76t5k6ldhbqs/84afplg51p23821ogogjof3u7s/1791219375000/106993905607327178910/*/1o2WlnbcAiGN7N-mOKhoKkllMMDgGml9doDiTUBf0YJs?format=txt
112,1ZveaUvLn8S1fT4SZrYWWYoETSfz_Zc9BGLb-UjNLhug,https://docs.google.com/document/d/1ZveaUvLn8S1fT4SZrYWWYoETSfz_Zc9BGLb-UjNLhug/edit?usp=sharing,raw/doc_112_1ZveaUvLn8S1fT4SZrYWWYoETSfz_Zc9BGLb-UjNLhug.txt,03eddd7c1ea57cd53e9ad5d276ba82826f84c0ad51160a88ae13931459479ed2,text/plain; charset=utf-8,https://doc-14-ak-docstext.googleusercontent.com/export/s8v029du74rmth76t5k6ldhbqs/hhqnndj2kv8ov68bkcpbgf35oc/1791219390000/106993905607327178910/*/1ZveaUvLn8S1fT4SZrYWWYoETSfz_Zc9BGLb-UjNLhug?format=txt
113,1Z4sgb74ahshOZarrX6NCAmqy5-vVMu1uC087qXQ5Wm8,https://docs.google.com/document/d/1Z4sgb74ahshOZarrX6NCAmqy5-vVMu1uC087qXQ5Wm8/edit?usp=sharing,raw/doc_113_1Z4sgb74ahshOZarrX6NCAmqy5-vVMu1uC087qXQ5Wm8.txt,6b83c33705ea62e70e91c3e3474e66d239aa31c519a626a15ab7a3b81ae1242d,text/plain; charset=utf-8,https://doc-14-ak-docstext.googleusercontent.com/export/s8v029du74rmth76t5k6ldhbqs/u1dccdutvurjcuph30j10ch1lg/1791219395000/106993905607327178910/*/1Z4sgb74ahshOZarrX6NCAmqy5-vVMu1uC087qXQ5Wm8?format=txt
114,15xZk07ms_ok3shB6W22mOiK1nMoFVL9DQKefOV84JTk,https://docs.google.com/document/d/15xZk07ms_ok3shB6W22mOiK1nMoFVL9DQKefOV84JTk/edit?usp=sharing,raw/doc_114_15xZk07ms_ok3shB6W22mOiK1nMoFVL9DQKefOV84JTk.txt,7aa9a1a8cd84a7d77fd24817c03ff8c11c74f5f72b36f02ea793de18423a09d7,text/plain; charset=utf-8,https://doc-0g-ak-docstext.googleusercontent.com/export/s8v029du74rmth76t5k6ldhbqs/8ph8naq0muca4lkkt2rq52tubk/1791219395000/106993905607327178910/*/15xZk07ms_ok3shB6W22mOiK1nMoFVL9DQKefOV84JTk?format=txt
115,1rM97_ittjyj7yCrPzCL-PrM3nQd-a6TodPewSMuxyWE,https://docs.google.com/document/d/1rM97_ittjyj7yCrPzCL-PrM3nQd-a6TodPewSMuxyWE/edit?usp=sharing,raw/doc_115_1rM97_ittjyj7yCrPzCL-PrM3nQd-a6TodPewSMuxyWE.txt,5f31e5c93f7a378c475cb0071e89b775e70816522e826f779ca0c54d2905872f,text/plain; charset=utf-8,https://doc-0c-ak-docstext.googleusercontent.com/export/s8v029du74rmth76t5k6ldhbqs/8aljspehe8skmunjvmm6dto4qo/1791219395000/106993905607327178910/*/1rM97_ittjyj7yCrPzCL-PrM3nQd-a6TodPewSMuxyWE?format=txt
116,1qMiLpl3kwcs3ksADHzDi6_P_QB6r-6UrXWbq-KXskDE,https://docs.google.com/document/d/1qMiLpl3kwcs3ksADHzDi6_P_QB6r-6UrXWbq-KXskDE/edit?usp=sharing,raw/doc_116_1qMiLpl3kwcs3ksADHzDi6_P_QB6r-6UrXWbq-KXskDE.txt,5fb1735b82346b09e455d8fb7646dd1625d77fc97d8052931ebf30fd7541d6b6,text/plain; charset=utf-8,https://doc-0g-ak-docstext.googleusercontent.com/export/s8v029du74rmth76t5k6ldhbqs/vilp570av1uiveeo6nb3n9315k/1791219400000/106993905607327178910/*/1qMiLpl3kwcs3ksADHzDi6_P_QB6r-6UrXWbq-KXskDE?format=txt
117,10qZRdjboNkp6DbpdeZbV50AwuuBqxW9mwyEn93OXSkw,https://docs.google.com/document/d/10qZRdjboNkp6DbpdeZbV50AwuuBqxW9mwyEn93OXSkw/edit?usp=sharing,raw/doc_117_10qZRdjboNkp6DbpdeZbV50AwuuBqxW9mwyEn93OXSkw.txt,483eeaf5bef8aa44b8cb0bb1b1579a698778686f2b56d3e6f080d21185362f14,text/plain; charset=utf-8,https://doc-04-ak-docstext.googleusercontent.com/export/s8v029du74rmth76t5k6ldhbqs/mhn7v6dnte7ucstmj6ijgg5adc/1791219400000/106993905607327178910/*/10qZRdjboNkp6DbpdeZbV50AwuuBqxW9mwyEn93OXSkw?format=txt
118,1qSkMYPbRGytMD4qEB-llHcBt_V3cXb4nAQs7JtAo96U,https://docs.google.com/document/d/1qSkMYPbRGytMD4qEB-llHcBt_V3cXb4nAQs7JtAo96U/edit?usp=sharing,raw/doc_118_1qSkMYPbRGytMD4qEB-llHcBt_V3cXb4nAQs7JtAo96U.txt,4d3af5ca92a7bf2fb3ebdb3e650ecb6079484bc8b396dd1b0505f761d76de7db,text/plain; charset=utf-8,https://doc-10-ak-docstext.googleusercontent.com/export/s8v029du74rmth76t5k6ldhbqs/k0tvis0198fkd7ipobs4r1aq5s/1791219400000/106993905607327178910/*/1qSkMYPbRGytMD4qEB-llHcBt_V3cXb4nAQs7JtAo96U?format=txt
119,1hwtGPSusx4mbqPY0KtbBAdhKXBPZ71uJ5g6ZpUyKaaM,https://docs.google.com/document/d/1hwtGPSusx4mbqPY0KtbBAdhKXBPZ71uJ5g6ZpUyKaaM/edit?usp=sharing,raw/doc_119_1hwtGPSusx4mbqPY0KtbBAdhKXBPZ71uJ5g6ZpUyKaaM.txt,dabc9c77b1086fc2d02d6cfd0273d9231f75d42febf08ea4968490f382165bab,text/plain; charset=utf-8,https://doc-0k-ak-docstext.googleusercontent.com/export/s8v029du74rmth76t5k6ldhbqs/6jbahk2qsq5c7najn7kipcl8g0/1791219405000/106993905607327178910/*/1hwtGPSusx4mbqPY0KtbBAdhKXBPZ71uJ5g6ZpUyKaaM?format=txt
120,1yiseSKrKyEVTvXYaU6lyWPmO9W8yN5xZIF5K6Wds5rA,https://docs.google.com/document/d/1yiseSKrKyEVTvXYaU6lyWPmO9W8yN5xZIF5K6Wds5rA/edit?usp=sharing,raw/doc_120_1yiseSKrKyEVTvXYaU6lyWPmO9W8yN5xZIF5K6Wds5rA.txt,6979a94160ac4875e6148ea2866fdca0987e469d49414587c15fcf96533c607b,text/plain; charset=utf-8,https://doc-08-ak-docstext.googleusercontent.com/export/s8v029du74rmth76t5k6ldhbqs/2b89qkmove22v8mhl7j9092nis/1791219410000/106993905607327178910/*/1yiseSKrKyEVTvXYaU6lyWPmO9W8yN5xZIF5K6Wds5rA?format=txt
121,10pyF5xEaxljmVoDkA6BzkPlh9w7clGpsWrDckxLQiys,https://docs.google.com/document/d/10pyF5xEaxljmVoDkA6BzkPlh9w7clGpsWrDckxLQiys/edit?usp=sharing,raw/doc_121_10pyF5xEaxljmVoDkA6BzkPlh9w7clGpsWrDckxLQiys.txt,749aa7f6594de8fc411af6975a830afa4f0b967a4fe41e6a0d18980bdd8be61b,text/plain; charset=utf-8,https://doc-10-ak-docstext.googleusercontent.com/export/s8v029du74rmth76t5k6ldhbqs/5g6tjb8rmkd5r3ilf4lhcuj4d4/1791219415000/106993905607327178910/*/10pyF5xEaxljmVoDkA6BzkPlh9w7clGpsWrDckxLQiys?format=txt
122,15X4UUJDSOu-ZwXhUcps2eC3F2bXMQEQ6pNpKokbai1A,https://docs.google.com/document/d/15X4UUJDSOu-ZwXhUcps2eC3F2bXMQEQ6pNpKokbai1A/edit?usp=sharing,raw/doc_122_15X4UUJDSOu-ZwXhUcps2eC3F2bXMQEQ6pNpKokbai1A.txt,0fceab892800058b79a2630efd22939b0adf116152763de3788db3c907ba7234,text/plain; charset=utf-8,https://doc-0s-ak-docstext.googleusercontent.com/export/s8v029du74rmth76t5k6ldhbqs/eil0dkqjiahp0jr6cqv3et3010/1791219425000/106993905607327178910/*/15X4UUJDSOu-ZwXhUcps2eC3F2bXMQEQ6pNpKokbai1A?format=txt
123,1udtnvwtemnUry1EgKKeI_uefhZAEKpvZRdvJASRFH0g,https://docs.google.com/document/d/1udtnvwtemnUry1EgKKeI_uefhZAEKpvZRdvJASRFH0g/edit?usp=sharing,raw/doc_123_1udtnvwtemnUry1EgKKeI_uefhZAEKpvZRdvJASRFH0g.txt,71352e27231024c2b1dc439c63ba53758ba588f23011a6374c5eaf31c2b4061d,text/plain; charset=utf-8,https://doc-0k-ak-docstext.googleusercontent.com/export/s8v029du74rmth76t5k6ldhbqs/978pk0q2g7mvqsfka1nqpn5s9c/1791219425000/106993905607327178910/*/1udtnvwtemnUry1EgKKeI_uefhZAEKpvZRdvJASRFH0g?format=txt
124,1GxD41nwIIJRi9IUHnwwcMNetx14ftb2cPiXcphcrsw4,https://docs.google.com/document/d/1GxD41nwIIJRi9IUHnwwcMNetx14ftb2cPiXcphcrsw4/edit?usp=sharing,raw/doc_124_1GxD41nwIIJRi9IUHnwwcMNetx14ftb2cPiXcphcrsw4.txt,f8876a6007eb799ff814f71083499297b4d450dca221906ad661e0db633f89b3,text/plain; charset=utf-8,https://doc-00-ak-docstext.googleusercontent.com/export/s8v029du74rmth76t5k6ldhbqs/0sbjcpdvmfsui474sq2qk76k1c/1791219425000/106993905607327178910/*/1GxD41nwIIJRi9IUHnwwcMNetx14ftb2cPiXcphcrsw4?format=txt
125,19xBzjcUiVHi_DPmMEuNU1AJqhNjtwicVsRitM7VVPHs,https://docs.google.com/document/d/19xBzjcUiVHi_DPmMEuNU1AJqhNjtwicVsRitM7VVPHs/edit?usp=sharing,raw/doc_125_19xBzjcUiVHi_DPmMEuNU1AJqhNjtwicVsRitM7VVPHs.txt,12be52529ab9874ec105ccf754dbf382d87f560186eb4d4184f0c19d1e9eeb37,text/plain; charset=utf-8,https://doc-14-ak-docstext.googleusercontent.com/export/s8v029du74rmth76t5k6ldhbqs/r4ouo4c4u8dosjkcm2dc5t3sc8/1791219490000/106993905607327178910/*/19xBzjcUiVHi_DPmMEuNU1AJqhNjtwicVsRitM7VVPHs?format=txt
126,1ctp-2OYLZzXqKe3cFkJb2LzPdXlTDBJrczPXYBqQBWg,https://docs.google.com/document/d/1ctp-2OYLZzXqKe3cFkJb2LzPdXlTDBJrczPXYBqQBWg/edit?usp=sharing,raw/doc_126_1ctp-2OYLZzXqKe3cFkJb2LzPdXlTDBJrczPXYBqQBWg.txt,43df0f1b351de514715ef5076944851cbca588dcb39977641b4df34f67c11969,text/plain; charset=utf-8,https://doc-08-ak-docstext.googleusercontent.com/export/s8v029du74rmth76t5k6ldhbqs/bpusf9rmfktskka4fi717g9ju0/1791219490000/106993905607327178910/*/1ctp-2OYLZzXqKe3cFkJb2LzPdXlTDBJrczPXYBqQBWg?format=txt
127,1NCW3uoapiuqQvLNfbIzuyMKaDWCSbf93V_G9bi1Ul_s,https://docs.google.com/document/d/1NCW3uoapiuqQvLNfbIzuyMKaDWCSbf93V_G9bi1Ul_s/edit?usp=sharing,raw/doc_127_1NCW3uoapiuqQvLNfbIzuyMKaDWCSbf93V_G9bi1Ul_s.txt,47938ceb5df15efaa3d45fd2dca72f5af8e3135c905d477fa85fc48936221a32,text/plain; charset=utf-8,https://doc-0g-ak-docstext.googleusercontent.com/export/s8v029du74rmth76t5k6ldhbqs/9mp2q42o8p57db5i76oghbe1b4/1791219495000/106993905607327178910/*/1NCW3uoapiuqQvLNfbIzuyMKaDWCSbf93V_G9bi1Ul_s?format=txt
128,1oF5yJ9W3fknvG8wfTQo6gGF4XS8BnaWo0eGAXsCiaBQ,https://docs.google.com/document/d/1oF5yJ9W3fknvG8wfTQo6gGF4XS8BnaWo0eGAXsCiaBQ/edit?usp=sharing,raw/doc_128_1oF5yJ9W3fknvG8wfTQo6gGF4XS8BnaWo0eGAXsCiaBQ.txt,e719d68d50b097ef61d3422082b7af15cc9142ec2e1d04f90be2052f3a219074,text/plain; charset=utf-8,https://doc-0k-ak-docstext.googleusercontent.com/export/s8v029du74rmth76t5k6ldhbqs/15fs6vvvd0pp6s0c22s7tntfbo/1791219510000/106993905607327178910/*/1oF5yJ9W3fknvG8wfTQo6gGF4XS8BnaWo0eGAXsCiaBQ?format=txt
129,1faQSfLGCyHqmRdOKSQNYCPQvXpgDRsjdyP2oqDxwnSY,https://docs.google.com/document/d/1faQSfLGCyHqmRdOKSQNYCPQvXpgDRsjdyP2oqDxwnSY/edit?usp=sharing,raw/doc_129_1faQSfLGCyHqmRdOKSQNYCPQvXpgDRsjdyP2oqDxwnSY.txt,c10ffc90c507d85153ba11046ed9de694c53586469325087c863b9c9bdcc9ca5,text/plain; charset=utf-8,https://doc-04-ak-docstext.googleusercontent.com/export/s8v029du74rmth76t5k6ldhbqs/537jnrfasddbfvsngr3kh15sd8/1791219520000/106993905607327178910/*/1faQSfLGCyHqmRdOKSQNYCPQvXpgDRsjdyP2oqDxwnSY?format=txt
130,1rgvFvWIXyDF0lRj_1LhW9Eo-D3p120uG0RCBmGVp1V8,https://docs.google.com/document/d/1rgvFvWIXyDF0lRj_1LhW9Eo-D3p120uG0RCBmGVp1V8/edit?usp=sharing,raw/doc_130_1rgvFvWIXyDF0lRj_1LhW9Eo-D3p120uG0RCBmGVp1V8.txt,77d9d03909e200673007d43df4cd8f4067e5525af052d0ab9d2e4ecd0726237e,text/plain; charset=utf-8,https://doc-0o-ak-docstext.googleusercontent.com/export/s8v029du74rmth76t5k6ldhbqs/6601g2t0dip70oflailc014aeg/1791219520000/106993905607327178910/*/1rgvFvWIXyDF0lRj_1LhW9Eo-D3p120uG0RCBmGVp1V8?format=txt
131,1AW6rFu-PAtHhZarE4mNbiwU5ndkPN3QhV4bgk7ueUq0,https://docs.google.com/document/d/1AW6rFu-PAtHhZarE4mNbiwU5ndkPN3QhV4bgk7ueUq0/edit?usp=sharing,raw/doc_131_1AW6rFu-PAtHhZarE4mNbiwU5ndkPN3QhV4bgk7ueUq0.txt,8d1a6eba8fe30344d7d9405bfef77ecad75144e37734093ddecb4a6d9b561bee,text/plain; charset=utf-8,https://doc-08-ak-docstext.googleusercontent.com/export/s8v029du74rmth76t5k6ldhbqs/tvchvp79057s1p3pdj14klirrc/1791219525000/106993905607327178910/*/1AW6rFu-PAtHhZarE4mNbiwU5ndkPN3QhV4bgk7ueUq0?format=txt
132,1bTA8q9w1dx36SPjzPFwN_jBtgme59eX31GhQLXygJ5A,https://docs.google.com/document/d/1bTA8q9w1dx36SPjzPFwN_jBtgme59eX31GhQLXygJ5A/edit?usp=sharing,raw/doc_132_1bTA8q9w1dx36SPjzPFwN_jBtgme59eX31GhQLXygJ5A.txt,907d1c7cd1c8d3aabf75161e943f4ac86f6ac6b97126d0bbdf6955052a822426,text/plain; charset=utf-8,https://doc-04-ak-docstext.googleusercontent.com/export/s8v029du74rmth76t5k6ldhbqs/8v06tsgk5nqjbh7kq64rno5n8o/1791219550000/106993905607327178910/*/1bTA8q9w1dx36SPjzPFwN_jBtgme59eX31GhQLXygJ5A?format=txt
133,1-KG2zRkqqob2ubsVY5k0aMKvwSqtXkY8_r7CCYAg_oU,https://docs.google.com/document/d/1-KG2zRkqqob2ubsVY5k0aMKvwSqtXkY8_r7CCYAg_oU/edit?usp=sharing,raw/doc_133_1-KG2zRkqqob2ubsVY5k0aMKvwSqtXkY8_r7CCYAg_oU.txt,8be7c4afeb56c29dbe31941ea12e0f0207f6802d05a1bf0e0ab2c050deaa808f,text/plain; charset=utf-8,https://doc-0s-ak-docstext.googleusercontent.com/export/s8v029du74rmth76t5k6ldhbqs/3n5lpvh59li004dqsbrhn7dq6c/1791219590000/106993905607327178910/*/1-KG2zRkqqob2ubsVY5k0aMKvwSqtXkY8_r7CCYAg_oU?format=txt
134,13PBHn4fNW2YOhwF-gwSdC2JqfiXplX8oRBVmzDPCp8E,https://docs.google.com/document/d/13PBHn4fNW2YOhwF-gwSdC2JqfiXplX8oRBVmzDPCp8E/edit?usp=sharing,raw/doc_134_13PBHn4fNW2YOhwF-gwSdC2JqfiXplX8oRBVmzDPCp8E.txt,f400a183e0f646525a5dd3394bbf6853293368cf59dccc8d129f1a5509231908,text/plain; charset=utf-8,https://doc-0g-ak-docstext.googleusercontent.com/export/s8v029du74rmth76t5k6ldhbqs/pe4idg89bt6fp98kasi4n78ou0/1791219605000/106993905607327178910/*/13PBHn4fNW2YOhwF-gwSdC2JqfiXplX8oRBVmzDPCp8E?format=txt
135,1U_H1y5kL2dK0HnYDwYSLI7gkMZjjMRXOjgw2Tym3rRc,https://docs.google.com/document/d/1U_H1y5kL2dK0HnYDwYSLI7gkMZjjMRXOjgw2Tym3rRc/edit?usp=sharing,raw/doc_135_1U_H1y5kL2dK0HnYDwYSLI7gkMZjjMRXOjgw2Tym3rRc.txt,1cbcdd7bd878ea657c73030a8f9b8f17d6276183fe9886b9c29172d71ac4d826,text/plain; charset=utf-8,https://doc-08-ak-docstext.googleusercontent.com/export/s8v029du74rmth76t5k6ldhbqs/apvpjp536kgjti61tmcvucnrt8/1791219605000/106993905607327178910/*/1U_H1y5kL2dK0HnYDwYSLI7gkMZjjMRXOjgw2Tym3rRc?format=txt
136,1z2bMgwMnvIBh9eyKe3drLaR9XGC2z2Xuu-AcrWPq9pg,https://docs.google.com/document/d/1z2bMgwMnvIBh9eyKe3drLaR9XGC2z2Xuu-AcrWPq9pg/edit?usp=sharing,raw/doc_136_1z2bMgwMnvIBh9eyKe3drLaR9XGC2z2Xuu-AcrWPq9pg.txt,60285fabb5e09a42547491c37279e3d519b3505eb45fb4a3b9411eccd28b265d,text/plain; charset=utf-8,https://doc-0o-ak-docstext.googleusercontent.com/export/s8v029du74rmth76t5k6ldhbqs/o4q0vtbmrg8gsdhjfjlpande3c/1791219610000/106993905607327178910/*/1z2bMgwMnvIBh9eyKe3drLaR9XGC2z2Xuu-AcrWPq9pg?format=txt
137,1KgP_P0QDtnigQraMekhd_CJaWmG2qaBxOqh93SKrRfI,https://docs.google.com/document/d/1KgP_P0QDtnigQraMekhd_CJaWmG2qaBxOqh93SKrRfI/edit?usp=sharing,raw/doc_137_1KgP_P0QDtnigQraMekhd_CJaWmG2qaBxOqh93SKrRfI.txt,3ca3b5148eb281e0534d2c26919c0aba5892348e5961d0f2dc0fc407d192ec57,text/plain; charset=utf-8,https://doc-00-ak-docstext.googleusercontent.com/export/s8v029du74rmth76t5k6ldhbqs/98rb75kae8r7boe2i2ffbtcl08/1791219635000/106993905607327178910/*/1KgP_P0QDtnigQraMekhd_CJaWmG2qaBxOqh93SKrRfI?format=txt
138,1ZGDGLyT7QJTSk7o8KF_uqaAZz7kBh2qEPC-xU56JtBU,https://docs.google.com/document/d/1ZGDGLyT7QJTSk7o8KF_uqaAZz7kBh2qEPC-xU56JtBU/edit?usp=sharing,raw/doc_138_1ZGDGLyT7QJTSk7o8KF_uqaAZz7kBh2qEPC-xU56JtBU.txt,89fd89901ecb11becef2ec3230a45c4fb0515c410cc5abb0686cfff096ff0faf,text/plain; charset=utf-8,https://doc-0o-ak-docstext.googleusercontent.com/export/s8v029du74rmth76t5k6ldhbqs/hq7efk1hj4seci8jctn11g97so/1791219645000/106993905607327178910/*/1ZGDGLyT7QJTSk7o8KF_uqaAZz7kBh2qEPC-xU56JtBU?format=txt
139,1bzrY4bg5_Vi3RucO7NIIkPtYpI8GptmqIRtP_WF_qaw,https://docs.google.com/document/d/1bzrY4bg5_Vi3RucO7NIIkPtYpI8GptmqIRtP_WF_qaw/edit?usp=sharing,raw/doc_139_1bzrY4bg5_Vi3RucO7NIIkPtYpI8GptmqIRtP_WF_qaw.txt,f87cd5299df0f5c77a60cf6ec7aa8da0abee442ad82eb86fe14767a8e9111743,text/plain; charset=utf-8,https://doc-14-ak-docstext.googleusercontent.com/export/s8v029du74rmth76t5k6ldhbqs/9855929nsda5kethkdc3udljn0/1791219655000/106993905607327178910/*/1bzrY4bg5_Vi3RucO7NIIkPtYpI8GptmqIRtP_WF_qaw?format=txt
140,1Jv22ent4jDYKzUpDYXcOWq4Lx2OMIQf_r8ArfTo8JE0,https://docs.google.com/document/d/1Jv22ent4jDYKzUpDYXcOWq4Lx2OMIQf_r8ArfTo8JE0/edit?usp=sharing,raw/doc_140_1Jv22ent4jDYKzUpDYXcOWq4Lx2OMIQf_r8ArfTo8JE0.txt,e95ed3fe02673758468395916cc6091ceec07834d8344a0b859acbd31b6a7bf2,text/plain; charset=utf-8,https://doc-0g-ak-docstext.googleusercontent.com/export/s8v029du74rmth76t5k6ldhbqs/0g486d1mfakconsuv5i21i9dk4/1791219665000/106993905607327178910/*/1Jv22ent4jDYKzUpDYXcOWq4Lx2OMIQf_r8ArfTo8JE0?format=txt
141,1Bs3MSXCuFQUlTltb9gfubRuhlqHSgaLMIvAqzYjx25E,https://docs.google.com/document/d/1Bs3MSXCuFQUlTltb9gfubRuhlqHSgaLMIvAqzYjx25E/edit?usp=sharing,raw/doc_141_1Bs3MSXCuFQUlTltb9gfubRuhlqHSgaLMIvAqzYjx25E.txt,3eb4e4c59f159b0efcfe3fba33b6d8bed2fdd2d8b30d4fbdf503c2cfa95e6222,text/plain; charset=utf-8,https://doc-0c-ak-docstext.googleusercontent.com/export/s8v029du74rmth76t5k6ldhbqs/3amtqutamasp617qgkdm2uhobk/1791219675000/106993905607327178910/*/1Bs3MSXCuFQUlTltb9gfubRuhlqHSgaLMIvAqzYjx25E?format=txt
142,1MyEUsgRJXu_5ROpHJOhJThra9c0bRs1JewvMWuNgzao,https://docs.google.com/document/d/1MyEUsgRJXu_5ROpHJOhJThra9c0bRs1JewvMWuNgzao/edit?usp=sharing,raw/doc_142_1MyEUsgRJXu_5ROpHJOhJThra9c0bRs1JewvMWuNgzao.txt,c0d26607e4617a0ba2b2f05e54702aa07ef45ad3166c4d98b960edc6f036e10f,text/plain; charset=utf-8,https://doc-10-ak-docstext.googleusercontent.com/export/s8v029du74rmth76t5k6ldhbqs/ouapfih6o9cpomhr6arhbncdvg/1791219680000/106993905607327178910/*/1MyEUsgRJXu_5ROpHJOhJThra9c0bRs1JewvMWuNgzao?format=txt
143,1IOH5ClI5j-kWlXm8CmDtDSpRlGmNQID_cDRkPHXcNH8,https://docs.google.com/document/d/1IOH5ClI5j-kWlXm8CmDtDSpRlGmNQID_cDRkPHXcNH8/edit?usp=sharing,raw/doc_143_1IOH5ClI5j-kWlXm8CmDtDSpRlGmNQID_cDRkPHXcNH8.txt,0d3e9c4734e6cb8c20c9b77962f78255e5496c03928a88e9038b28f613be0b64,text/plain; charset=utf-8,https://doc-10-ak-docstext.googleusercontent.com/export/s8v029du74rmth76t5k6ldhbqs/0bq3m3mh055mi5afg6hnv2jsqg/1791219695000/106993905607327178910/*/1IOH5ClI5j-kWlXm8CmDtDSpRlGmNQID_cDRkPHXcNH8?format=txt
144,1T5GSQOTg39UTxa458h3qjUYweRasupytRJp4oj_htLY,https://docs.google.com/document/d/1T5GSQOTg39UTxa458h3qjUYweRasupytRJp4oj_htLY/edit?usp=sharing,raw/doc_144_1T5GSQOTg39UTxa458h3qjUYweRasupytRJp4oj_htLY.txt,be82d78fce48656a711df8d4e80109c69cb411b90238481f0140d31c6c027017,text/plain; charset=utf-8,https://doc-0o-ak-docstext.googleusercontent.com/export/s8v029du74rmth76t5k6ldhbqs/inuvq8co6f9mokrm1eo014gchk/1791219700000/106993905607327178910/*/1T5GSQOTg39UTxa458h3qjUYweRasupytRJp4oj_htLY?format=txt
145,1oYn1RT5DdI_y6IUJsXLoxRbhu73hXoys131pGUlTvCE,https://docs.google.com/document/d/1oYn1RT5DdI_y6IUJsXLoxRbhu73hXoys131pGUlTvCE/edit?usp=sharing,raw/doc_145_1oYn1RT5DdI_y6IUJsXLoxRbhu73hXoys131pGUlTvCE.txt,1c247612fa66a16c7f8dfc0c5ca25f03a2db7585cd6d2593c1f0c3769d1fecc8,text/plain; charset=utf-8,https://doc-0g-ak-docstext.googleusercontent.com/export/s8v029du74rmth76t5k6ldhbqs/s1su33vgu03ehdcp9v3q6ab008/1791219700000/106993905607327178910/*/1oYn1RT5DdI_y6IUJsXLoxRbhu73hXoys131pGUlTvCE?format=txt
146,1g8TiCGoj9vmy462oyIbuK9NxC5WzF8wJklayML05uIE,https://docs.google.com/document/d/1g8TiCGoj9vmy462oyIbuK9NxC5WzF8wJklayML05uIE/edit?usp=sharing,raw/doc_146_1g8TiCGoj9vmy462oyIbuK9NxC5WzF8wJklayML05uIE.txt,0ff8693f2e8bba446f0991bf1b1ddd94d1ad31af88ecc797e278ea91ef6265b7,text/plain; charset=utf-8,https://doc-04-ak-docstext.googleusercontent.com/export/s8v029du74rmth76t5k6ldhbqs/t2v91kgn5t5e0n9em2523g6lkg/1791219720000/106993905607327178910/*/1g8TiCGoj9vmy462oyIbuK9NxC5WzF8wJklayML05uIE?format=txt
147,1nJvqDTr3CPhPmEVVpLbPAQAILwB5UwKnR6yQ2qNk2QQ,https://docs.google.com/document/d/1nJvqDTr3CPhPmEVVpLbPAQAILwB5UwKnR6yQ2qNk2QQ/edit?usp=sharing,raw/doc_147_1nJvqDTr3CPhPmEVVpLbPAQAILwB5UwKnR6yQ2qNk2QQ.txt,cc7cea46ada7035213e08eb1795550e00be4e293d93b770de77d704c05b31fc4,text/plain; charset=utf-8,https://doc-00-ak-docstext.googleusercontent.com/export/s8v029du74rmth76t5k6ldhbqs/fq0b8l9eloe7qjbafu1ue16dp8/1791219730000/106993905607327178910/*/1nJvqDTr3CPhPmEVVpLbPAQAILwB5UwKnR6yQ2qNk2QQ?format=txt
148,1D0oX2Ehcs-ucN3eNyYYuVAfxQA7bcXg6UjbPmcmrFnk,https://docs.google.com/document/d/1D0oX2Ehcs-ucN3eNyYYuVAfxQA7bcXg6UjbPmcmrFnk/edit?usp=sharing,raw/doc_148_1D0oX2Ehcs-ucN3eNyYYuVAfxQA7bcXg6UjbPmcmrFnk.txt,21b6d20e2da5e5a9b8689bc8ec571fce928b3f625d5ab218d419bff2fb0f7892,text/plain; charset=utf-8,https://doc-0k-ak-docstext.googleusercontent.com/export/s8v029du74rmth76t5k6ldhbqs/jlar4a5hviictg8frklqjsibos/1791219735000/106993905607327178910/*/1D0oX2Ehcs-ucN3eNyYYuVAfxQA7bcXg6UjbPmcmrFnk?format=txt
149,1lzJvyyl_WSAGDe--IdU8LhOupC3fU8qLG6fzcFbSJSY,https://docs.google.com/document/d/1lzJvyyl_WSAGDe--IdU8LhOupC3fU8qLG6fzcFbSJSY/edit?usp=sharing,raw/doc_149_1lzJvyyl_WSAGDe--IdU8LhOupC3fU8qLG6fzcFbSJSY.txt,9609f004c371b1266485a1744d004b10d8f90905df109651702c31ca1ed76d5b,text/plain; charset=utf-8,https://doc-00-ak-docstext.googleusercontent.com/export/s8v029du74rmth76t5k6ldhbqs/uq3g5udk69vqafbusj6huq5sk4/1791219745000/106993905607327178910/*/1lzJvyyl_WSAGDe--IdU8LhOupC3fU8qLG6fzcFbSJSY?format=txt
150,1IcDer-q8RD3ElO4JmeksfXXiWfWuHuKctHekmUrbxfw,https://docs.google.com/document/d/1IcDer-q8RD3ElO4JmeksfXXiWfWuHuKctHekmUrbxfw/edit?usp=sharing,raw/doc_150_1IcDer-q8RD3ElO4JmeksfXXiWfWuHuKctHekmUrbxfw.txt,b69f807f3a23331842578b83d821e0a158f252be0524b4ceb39a597c43da3e94,text/plain; charset=utf-8,https://doc-0g-ak-docstext.googleusercontent.com/export/s8v029du74rmth76t5k6ldhbqs/gbm0ms2vaodptja10f6a7da0gc/1791219755000/106993905607327178910/*/1IcDer-q8RD3ElO4JmeksfXXiWfWuHuKctHekmUrbxfw?format=txt
151,1bWSgwWue4b1c13sg76asudEw6OUcnGIhjf1ofazAW-4,https://docs.google.com/document/d/1bWSgwWue4b1c13sg76asudEw6OUcnGIhjf1ofazAW-4/edit?usp=sharing,raw/doc_151_1bWSgwWue4b1c13sg76asudEw6OUcnGIhjf1ofazAW-4.txt,271d2288a0765d65a96514b198a720148ca40f7cb476c5516ddc26e035ce592a,text/plain; charset=utf-8,https://doc-0o-ak-docstext.googleusercontent.com/export/s8v029du74rmth76t5k6ldhbqs/anrvusjhl27f9f1ronvvuakoqo/1791219760000/106993905607327178910/*/1bWSgwWue4b1c13sg76asudEw6OUcnGIhjf1ofazAW-4?format=txt
152,1SSUyaJAu69mb6DXxtXEXmHC4HogxMqvsoDvDFFlQRLA,https://docs.google.com/document/d/1SSUyaJAu69mb6DXxtXEXmHC4HogxMqvsoDvDFFlQRLA/edit?usp=sharing,raw/doc_152_1SSUyaJAu69mb6DXxtXEXmHC4HogxMqvsoDvDFFlQRLA.txt,1e2f07aeb26eb94956206539bbbfcae139d211c1196b764b618de77e9d7ad93a,text/plain; charset=utf-8,https://doc-00-ak-docstext.googleusercontent.com/export/s8v029du74rmth76t5k6ldhbqs/b3qiv0r9lk22i21urlc0n8qdnk/1791219770000/106993905607327178910/*/1SSUyaJAu69mb6DXxtXEXmHC4HogxMqvsoDvDFFlQRLA?format=txt
153,1A1hptgnb6dwOLGYKt6k7BMu-5sFg_uLRTYsLBRG97uk,https://docs.google.com/document/d/1A1hptgnb6dwOLGYKt6k7BMu-5sFg_uLRTYsLBRG97uk/edit?usp=sharing,raw/doc_153_1A1hptgnb6dwOLGYKt6k7BMu-5sFg_uLRTYsLBRG97uk.txt,5c53843de52358a3c084e691037a0875c5ee1c617f06e36ec84598f90fde1d64,text/plain; charset=utf-8,https://doc-00-ak-docstext.googleusercontent.com/export/s8v029du74rmth76t5k6ldhbqs/3u6d27nh094ffp06qrp3an25n0/1791219775000/106993905607327178910/*/1A1hptgnb6dwOLGYKt6k7BMu-5sFg_uLRTYsLBRG97uk?format=txt
154,1FkHvkYWwMzBXqNYtMSXCbZlY1Hm_fYl-EO79sHlu_NY,https://docs.google.com/document/d/1FkHvkYWwMzBXqNYtMSXCbZlY1Hm_fYl-EO79sHlu_NY/edit?usp=sharing,raw/doc_154_1FkHvkYWwMzBXqNYtMSXCbZlY1Hm_fYl-EO79sHlu_NY.txt,83adcee0be1c07414a0cae04c897a98f9b84c55dd6c57d7f8006ae3c07a037b5,text/plain; charset=utf-8,https://doc-10-ak-docstext.googleusercontent.com/export/s8v029du74rmth76t5k6ldhbqs/vf30phfor5dj5fg0mfnr76er90/1791219780000/106993905607327178910/*/1FkHvkYWwMzBXqNYtMSXCbZlY1Hm_fYl-EO79sHlu_NY?format=txt
155,1w7KO_9kVF-Q2r7kyxUpnm2N3HL6tn8GnABOVksfZKeQ,https://docs.google.com/document/d/1w7KO_9kVF-Q2r7kyxUpnm2N3HL6tn8GnABOVksfZKeQ/edit?usp=sharing,raw/doc_155_1w7KO_9kVF-Q2r7kyxUpnm2N3HL6tn8GnABOVksfZKeQ.txt,a506d36f2af359e3d02ff0db32a59d593d061085467ece36edbb7669baad2aea,text/plain; charset=utf-8,https://doc-00-ak-docstext.googleusercontent.com/export/s8v029du74rmth76t5k6ldhbqs/1bj7ai7l6ple4fspli8uk24tac/1791219785000/106993905607327178910/*/1w7KO_9kVF-Q2r7kyxUpnm2N3HL6tn8GnABOVksfZKeQ?format=txt
156,1T-KIM5CT5OCXj56GZftIAd6lPza62R05Tm35G1gjWjk,https://docs.google.com/document/d/1T-KIM5CT5OCXj56GZftIAd6lPza62R05Tm35G1gjWjk/edit?usp=sharing,raw/doc_156_1T-KIM5CT5OCXj56GZftIAd6lPza62R05Tm35G1gjWjk.txt,5123b69d2b87ec949b7f870c33a80e262f97e2381118021b3abe7b9ecb664262,text/plain; charset=utf-8,https://doc-0c-ak-docstext.googleusercontent.com/export/s8v029du74rmth76t5k6ldhbqs/cu2s47mr9hht1gi4su710nlof8/1791219790000/106993905607327178910/*/1T-KIM5CT5OCXj56GZftIAd6lPza62R05Tm35G1gjWjk?format=txt
157,1OnV3zI_cl527NKCTYJ4fbD2AvnXfuQpaa4QS14ykhRQ,https://docs.google.com/document/d/1OnV3zI_cl527NKCTYJ4fbD2AvnXfuQpaa4QS14ykhRQ/edit?usp=sharing,raw/doc_157_1OnV3zI_cl527NKCTYJ4fbD2AvnXfuQpaa4QS14ykhRQ.txt,5b65119c9aefecb1087660c1ac5d3c0fd8d45433c79246cafa7d70930405d98b,text/plain; charset=utf-8,https://doc-10-ak-docstext.googleusercontent.com/export/s8v029du74rmth76t5k6ldhbqs/ccf1ba8v9p40bhq7a0ol9m88rc/1791219790000/106993905607327178910/*/1OnV3zI_cl527NKCTYJ4fbD2AvnXfuQpaa4QS14ykhRQ?format=txt
158,13T0W_rTtWT5IHA23oCDcUoBwt7rbCHFdSY7FXu6t3lQ,https://docs.google.com/document/d/13T0W_rTtWT5IHA23oCDcUoBwt7rbCHFdSY7FXu6t3lQ/edit?usp=sharing,raw/doc_158_13T0W_rTtWT5IHA23oCDcUoBwt7rbCHFdSY7FXu6t3lQ.txt,8a6170099e4e9b7f5030d255de0ab6be02ed94747af4bb22249979d77a481a4d,text/plain; charset=utf-8,https://doc-0o-ak-docstext.googleusercontent.com/export/s8v029du74rmth76t5k6ldhbqs/hom0r7ck7hil06ffvd8nupmv8k/1791219795000/106993905607327178910/*/13T0W_rTtWT5IHA23oCDcUoBwt7rbCHFdSY7FXu6t3lQ?format=txt
159,1ZQb63zTjLO7Y4BHrEy-WKcpOdrs1cMPTfCKbI0ZISSE,https://docs.google.com/document/d/1ZQb63zTjLO7Y4BHrEy-WKcpOdrs1cMPTfCKbI0ZISSE/edit?usp=sharing,raw/doc_159_1ZQb63zTjLO7Y4BHrEy-WKcpOdrs1cMPTfCKbI0ZISSE.txt,7e37bba9981d9d7b45c54b09f6e5f57a45b3a727e64e27d81b92ec425ed0dc67,text/plain; charset=utf-8,https://doc-0c-ak-docstext.googleusercontent.com/export/s8v029du74rmth76t5k6ldhbqs/ajotvpqukc8b7ijn7kmn0r2154/1791219795000/106993905607327178910/*/1ZQb63zTjLO7Y4BHrEy-WKcpOdrs1cMPTfCKbI0ZISSE?format=txt
160,1AwvcCbPoQojusUijyMiWToGby4wqhrwZjJJhlgtFF90,https://docs.google.com/document/d/1AwvcCbPoQojusUijyMiWToGby4wqhrwZjJJhlgtFF90/edit?usp=sharing,raw/doc_160_1AwvcCbPoQojusUijyMiWToGby4wqhrwZjJJhlgtFF90.txt,badecc6ebd0c6d2c8b013217fb9b93cac2ce7ec793b55b1c6b8f65eb8d61c4d3,text/plain; charset=utf-8,https://doc-0g-ak-docstext.googleusercontent.com/export/s8v029du74rmth76t5k6ldhbqs/hrk7sg8l1vsb22ab54u5ht2ufk/1791219800000/106993905607327178910/*/1AwvcCbPoQojusUijyMiWToGby4wqhrwZjJJhlgtFF90?format=txt
161,1n8MX4iKcSGo_zk5nXwbUcjs3Wi6j7WYDCbYjUNEtGr8,https://docs.google.com/document/d/1n8MX4iKcSGo_zk5nXwbUcjs3Wi6j7WYDCbYjUNEtGr8/edit?usp=sharing,raw/doc_161_1n8MX4iKcSGo_zk5nXwbUcjs3Wi6j7WYDCbYjUNEtGr8.txt,ef40321c0ae5524a4f4463fc33855ae6b8847107e40bc3abd3f5dc40891ce292,text/plain; charset=utf-8,https://doc-0s-ak-docstext.googleusercontent.com/export/s8v029du74rmth76t5k6ldhbqs/f8deaovf5rihefhn78had24c3s/1791219805000/106993905607327178910/*/1n8MX4iKcSGo_zk5nXwbUcjs3Wi6j7WYDCbYjUNEtGr8?format=txt
162,13y1HctJqJXQpOKep7i-H-ojonAoEQKZvhZ0RBwRpjMQ,https://docs.google.com/document/d/13y1HctJqJXQpOKep7i-H-ojonAoEQKZvhZ0RBwRpjMQ/edit?usp=sharing,raw/doc_162_13y1HctJqJXQpOKep7i-H-ojonAoEQKZvhZ0RBwRpjMQ.txt,ef40321c0ae5524a4f4463fc33855ae6b8847107e40bc3abd3f5dc40891ce292,text/plain; charset=utf-8,https://doc-08-ak-docstext.googleusercontent.com/export/s8v029du74rmth76t5k6ldhbqs/klmgi6aliedbopgjv5mk4ri560/1791219805000/106993905607327178910/*/13y1HctJqJXQpOKep7i-H-ojonAoEQKZvhZ0RBwRpjMQ?format=txt
163,1fNkcuY3KnSmQGtrimv8YKalZ9LyDJixavRl9PE-jjZo,https://docs.google.com/document/d/1fNkcuY3KnSmQGtrimv8YKalZ9LyDJixavRl9PE-jjZo/edit?usp=sharing,raw/doc_163_1fNkcuY3KnSmQGtrimv8YKalZ9LyDJixavRl9PE-jjZo.txt,c5fd9ce4fcaa4e17bccbcb6c17c0316a2fc8ebbaf441f54ccbded0dd77978538,text/plain; charset=utf-8,https://doc-10-ak-docstext.googleusercontent.com/export/s8v029du74rmth76t5k6ldhbqs/1ceullqcidok2ek44sa6adafog/1791219815000/106993905607327178910/*/1fNkcuY3KnSmQGtrimv8YKalZ9LyDJixavRl9PE-jjZo?format=txt
164,1VkOutOOisv3r3MGk39p2SA5a1jCjjpym2u-cQ6eQv4A,https://docs.google.com/document/d/1VkOutOOisv3r3MGk39p2SA5a1jCjjpym2u-cQ6eQv4A/edit?usp=sharing,raw/doc_164_1VkOutOOisv3r3MGk39p2SA5a1jCjjpym2u-cQ6eQv4A.txt,d67119b983841480a67bc5b3369695b4ee8093113ed5dbf44346733b05c7d12a,text/plain; charset=utf-8,https://doc-00-ak-docstext.googleusercontent.com/export/s8v029du74rmth76t5k6ldhbqs/f2pcq5pvhq5lbgdji2i9arh304/1791219815000/106993905607327178910/*/1VkOutOOisv3r3MGk39p2SA5a1jCjjpym2u-cQ6eQv4A?format=txt
165,12JHesMxPW5SzVRzLLy5eU0FrxFoUFA_7ECTJLZT6ruM,https://docs.google.com/document/d/12JHesMxPW5SzVRzLLy5eU0FrxFoUFA_7ECTJLZT6ruM/edit?usp=sharing,raw/doc_165_12JHesMxPW5SzVRzLLy5eU0FrxFoUFA_7ECTJLZT6ruM.txt,8f642750420ac887b7cbc97a03db134af6928ebffa16fea9ccce6533588065e2,text/plain; charset=utf-8,https://doc-08-ak-docstext.googleusercontent.com/export/s8v029du74rmth76t5k6ldhbqs/38ccun4ard5to3vi9pjkr81f9s/1791219820000/106993905607327178910/*/12JHesMxPW5SzVRzLLy5eU0FrxFoUFA_7ECTJLZT6ruM?format=txt
166,1s11WHRwo0IvtXGhKOIkvmE4b_g4B3HePLrGT_ILhv5I,https://docs.google.com/document/d/1s11WHRwo0IvtXGhKOIkvmE4b_g4B3HePLrGT_ILhv5I/edit?usp=sharing,raw/doc_166_1s11WHRwo0IvtXGhKOIkvmE4b_g4B3HePLrGT_ILhv5I.txt,59d9db650c860d706c9c2ebbd319e2a1ed2909c1c8a6ae1ddae6385b35621716,text/plain; charset=utf-8,https://doc-10-ak-docstext.googleusercontent.com/export/s8v029du74rmth76t5k6ldhbqs/l75fl482019bqkqavfloee1h00/1791219825000/106993905607327178910/*/1s11WHRwo0IvtXGhKOIkvmE4b_g4B3HePLrGT_ILhv5I?format=txt
167,158GSBUnaAKPJ0jxzoN18Ztp-K-rSV6jxtvrUIZ7mag8,https://docs.google.com/document/d/158GSBUnaAKPJ0jxzoN18Ztp-K-rSV6jxtvrUIZ7mag8/edit?usp=sharing,raw/doc_167_158GSBUnaAKPJ0jxzoN18Ztp-K-rSV6jxtvrUIZ7mag8.txt,a47ce261bfdb508ccfd2366c5bd9d0e94d09a54a2bc009fc4ebdf8f61cd50932,text/plain; charset=utf-8,https://doc-0s-ak-docstext.googleusercontent.com/export/s8v029du74rmth76t5k6ldhbqs/r1noqm6btun73o4rovhpd989q0/1791219825000/106993905607327178910/*/158GSBUnaAKPJ0jxzoN18Ztp-K-rSV6jxtvrUIZ7mag8?format=txt
168,1ZZu08ZQZrPqPnxhf6iIhD1bSMWw92CxOuTTDFPJYIIg,https://docs.google.com/document/d/1ZZu08ZQZrPqPnxhf6iIhD1bSMWw92CxOuTTDFPJYIIg/edit?usp=sharing,raw/doc_168_1ZZu08ZQZrPqPnxhf6iIhD1bSMWw92CxOuTTDFPJYIIg.txt,6529647cb2c429df07e26f5eeae9c11aac0a41673ed00b23e52d9c3d797d9983,text/plain; charset=utf-8,https://doc-0c-ak-docstext.googleusercontent.com/export/s8v029du74rmth76t5k6ldhbqs/bjikpu9n3hjsh882cn2mcf42mo/1791219865000/106993905607327178910/*/1ZZu08ZQZrPqPnxhf6iIhD1bSMWw92CxOuTTDFPJYIIg?format=txt
169,1IQIBiR9AMRaY55z6wxPNjv_AaNRr3GnWMjBMFUQo0_8,https://docs.google.com/document/d/1IQIBiR9AMRaY55z6wxPNjv_AaNRr3GnWMjBMFUQo0_8/edit?usp=sharing,raw/doc_169_1IQIBiR9AMRaY55z6wxPNjv_AaNRr3GnWMjBMFUQo0_8.txt,dda81a6e62e431ccc99740e3f22788b41fa48063ff11007ff53b488e0a90381d,text/plain; charset=utf-8,https://doc-0s-ak-docstext.googleusercontent.com/export/s8v029du74rmth76t5k6ldhbqs/eu8uuk7iqqu8tfkfhqp66701ck/1791219865000/106993905607327178910/*/1IQIBiR9AMRaY55z6wxPNjv_AaNRr3GnWMjBMFUQo0_8?format=txt
170,1nC_2qkY0Iv4xe4JWsBO8lteNzlgsgE2BLngzY9PPHPc,https://docs.google.com/document/d/1nC_2qkY0Iv4xe4JWsBO8lteNzlgsgE2BLngzY9PPHPc/edit?usp=sharing,raw/doc_170_1nC_2qkY0Iv4xe4JWsBO8lteNzlgsgE2BLngzY9PPHPc.txt,4741cf0fa0709c938969eda93cb0588075416e68419ea3b25abafa92244b6dcc,text/plain; charset=utf-8,https://doc-0g-ak-docstext.googleusercontent.com/export/s8v029du74rmth76t5k6ldhbqs/jet1k7cql7ltq8f25j7njlk6n8/1791219870000/106993905607327178910/*/1nC_2qkY0Iv4xe4JWsBO8lteNzlgsgE2BLngzY9PPHPc?format=txt
171,1HFMAz3bh-cYTCLtauqI3VWvmt37xEg5hade2GSJs77M,https://docs.google.com/document/d/1HFMAz3bh-cYTCLtauqI3VWvmt37xEg5hade2GSJs77M/edit?usp=sharing,raw/doc_171_1HFMAz3bh-cYTCLtauqI3VWvmt37xEg5hade2GSJs77M.txt,ab6489a8b9dc22043ff1364473b5a65b4456a6db3723ec8480e52d7ad9bfaf56,text/plain; charset=utf-8,https://doc-0g-ak-docstext.googleusercontent.com/export/s8v029du74rmth76t5k6ldhbqs/8b8l5l3q06b2r6ndcbj21141lo/1791219870000/106993905607327178910/*/1HFMAz3bh-cYTCLtauqI3VWvmt37xEg5hade2GSJs77M?format=txt
172,1w84U7nG59v8lhPrJmkLt169LF_swSELuKbGVO5kLx5A,https://docs.google.com/document/d/1w84U7nG59v8lhPrJmkLt169LF_swSELuKbGVO5kLx5A/edit?usp=sharing,raw/doc_172_1w84U7nG59v8lhPrJmkLt169LF_swSELuKbGVO5kLx5A.txt,f45aeb20782bdd16dcdb08429a7ecc1f23980d12ea9f5773d58d01571d814a33,text/plain; charset=utf-8,https://doc-10-ak-docstext.googleusercontent.com/export/s8v029du74rmth76t5k6ldhbqs/evdr14550v8bkj91evgmm4ja7k/1791219870000/106993905607327178910/*/1w84U7nG59v8lhPrJmkLt169LF_swSELuKbGVO5kLx5A?format=txt
173,1MxoaNLJ5lqEbIOJ5ESfY6oIoCjdS1Xe5hq0MaRQcdYo,https://docs.google.com/document/d/1MxoaNLJ5lqEbIOJ5ESfY6oIoCjdS1Xe5hq0MaRQcdYo/edit?usp=sharing,raw/doc_173_1MxoaNLJ5lqEbIOJ5ESfY6oIoCjdS1Xe5hq0MaRQcdYo.txt,5f480cf8e95d8853670b3ef14f20e035d001efb111e53b488db8b9909e093b82,text/plain; charset=utf-8,https://doc-0s-ak-docstext.googleusercontent.com/export/s8v029du74rmth76t5k6ldhbqs/hdjhqlneo8rjj4f86g0g66fndg/1791219870000/106993905607327178910/*/1MxoaNLJ5lqEbIOJ5ESfY6oIoCjdS1Xe5hq0MaRQcdYo?format=txt
174,1FwgXJNoRvYTgmVbabmMjC3cHcVrymzAxy6vsQTKOsYo,https://docs.google.com/document/d/1FwgXJNoRvYTgmVbabmMjC3cHcVrymzAxy6vsQTKOsYo/edit?usp=sharing,raw/doc_174_1FwgXJNoRvYTgmVbabmMjC3cHcVrymzAxy6vsQTKOsYo.txt,948282a51733eafd17d724856b8791b8922e5a9d38e54fd200606ccf02a8b6cb,text/plain; charset=utf-8,https://doc-04-ak-docstext.googleusercontent.com/export/s8v029du74rmth76t5k6ldhbqs/kreoldopcrudfomsgduqn2b010/1791219875000/106993905607327178910/*/1FwgXJNoRvYTgmVbabmMjC3cHcVrymzAxy6vsQTKOsYo?format=txt
175,1hJIavNi5kY60uA2Fuuamx17C1i8bRD62mKpYb-OdbMY,https://docs.google.com/document/d/1hJIavNi5kY60uA2Fuuamx17C1i8bRD62mKpYb-OdbMY/edit?usp=sharing,raw/doc_175_1hJIavNi5kY60uA2Fuuamx17C1i8bRD62mKpYb-OdbMY.txt,cfbb49a761aaffef6198d6ce129d8e1a7108bd864a8698641184dfcb137fb058,text/plain; charset=utf-8,https://doc-0k-ak-docstext.googleusercontent.com/export/s8v029du74rmth76t5k6ldhbqs/pcsk7fjeq05jnk2oc6figimvqc/1791219875000/106993905607327178910/*/1hJIavNi5kY60uA2Fuuamx17C1i8bRD62mKpYb-OdbMY?format=txt
176,16-9-KztClXU85wNTK7ojqcu_ZlKGYkjEQMUgCfooyLA,https://docs.google.com/document/d/16-9-KztClXU85wNTK7ojqcu_ZlKGYkjEQMUgCfooyLA/edit?usp=sharing,raw/doc_176_16-9-KztClXU85wNTK7ojqcu_ZlKGYkjEQMUgCfooyLA.txt,f938e431dea498d13432a648146fb0fface8978b7112976c4227f82dec303ec3,text/plain; charset=utf-8,https://doc-10-ak-docstext.googleusercontent.com/export/s8v029du74rmth76t5k6ldhbqs/es2h8la8rkdm8vsnadv9htj5go/1791219880000/106993905607327178910/*/16-9-KztClXU85wNTK7ojqcu_ZlKGYkjEQMUgCfooyLA?format=txt
177,14_0IOKc8mzL4l_oklZw8Rq-XUMumf2D_f-ULzPqflzY,https://docs.google.com/document/d/14_0IOKc8mzL4l_oklZw8Rq-XUMumf2D_f-ULzPqflzY/edit?usp=sharing,raw/doc_177_14_0IOKc8mzL4l_oklZw8Rq-XUMumf2D_f-ULzPqflzY.txt,4bf67d5233061f76fc485763ec4c72619996fe2c1b088360113f0519f3abef13,text/plain; charset=utf-8,https://doc-10-ak-docstext.googleusercontent.com/export/s8v029du74rmth76t5k6ldhbqs/39ts8f3kmahrr3p94c71siv8jg/1791219880000/106993905607327178910/*/14_0IOKc8mzL4l_oklZw8Rq-XUMumf2D_f-ULzPqflzY?format=txt
