pc1,pc2,pc3,graph_eccentricity,diffusion1,rank,conductor,absD,regulator,faltings_height
0.5136370705251305,0.0,0.0,0.9974087631275305,0.001549738565920989,0,,,,1.017947619140325
0.4467898880513921,0.0,0.0,0.9305615806537925,0.0015497385663500235,0,,,,0.8908056395410677
-0.5441361666883693,0.0,0.0,0.04991028271097708,0.0890042397879845,1,,,,-0.9939155345426844
-0.5077704482159764,0.0,0.0,0.07310993886277017,0.08900423978798612,0,,,,-0.9247486786629212
0.3261897670585704,0.0,0.0,0.8099614596609716,0.0015497385666832337,0,,,,0.661426665655951
0.40198979963337433,0.0,0.0,0.8857614922357749,0.00154973856641619,0,,,,0.8055967838061795
-0.3250441934145907,0.0,0.0,0.8681553371693639,0.0015497385673227224,0,,,,-0.5772070635868718
0.4287487871728116,0.0,0.0,0.9125204797752121,0.0015497385663792184,0,,,,0.856491833110202
-0.47588714748305677,0.0,0.0,1.0189982912378284,0.0015497385673309315,0,,,,-0.8641072900309564
-0.20402174093546138,0.0,0.0,0.7471328846902358,0.001549738567288567,0,,,,-0.3470248238163552
0.5139368289799348,0.0,0.0,0.9977085215823346,0.0015497385659202522,0,,,,1.0185177536162304
-0.15448837272192806,0.0,0.0,0.6975995164767029,0.0015497385672609781,0,,,,-0.2528133663123432
-0.4791242898624525,0.0,0.0,1.0222354336172241,0.0015497385673308099,0,,,,-0.8702642689062099
0.29453090458656583,0.0,0.0,0.7783025971889671,0.0015497385667100417,0,,,,0.6012121540251486
0.17579264832183317,0.0,0.0,0.6595643409242352,0.0015497385668790152,0,,,,0.3753744089325584
-0.34885386888324516,0.0,0.0,0.8919650126380182,0.0015497385673269408,1,,,,-0.6224925814004292
-0.530203878238973,0.0,0.0,0.05067650883977359,0.0890042397879859,1,,,,-0.9674166056686064
0.46286389698687097,0.0,0.0,0.9466355895892712,0.0015497385663142235,0,,,,0.9213780771595989
-0.5487734162586089,0.0,0.0,0.05454753228121667,0.08900423978798375,1,,,,-1.0027354887791655
0.519144361491074,0.0,0.0,1.002916054093474,0.001549738565915692,0,,,,1.0284223743914418
0.2522743226114834,0.0,0.0,0.7360460152138849,0.0015497385667429331,0,,,,0.5208409957415375
0.42455887170629897,0.0,0.0,0.9083305643086995,0.0015497385663853815,0,,,,0.8485226992282281
0.4329909397311257,0.0,0.0,0.9167626323335262,0.0015497385663742797,0,,,,0.8645603208768778
0.10258198706304975,0.0,0.0,0.5863536796654528,0.0015497385669484354,0,,,,0.2361292222880926
0.5067735240339674,0.0,0.0,0.9905452166363674,0.001549738565928297,0,,,,1.004893293502878
-0.4592025591503722,0.0,0.0,1.0023137029051443,0.0015497385673334373,0,,,,-0.8323735428345124
0.4601252199325728,0.0,0.0,0.9438969125349729,0.0015497385663148081,0,,,,0.916169169180518
0.3411470427828082,0.0,0.0,0.8249187353852091,0.0015497385666566079,1,,,,0.689875099451027
0.24609786397488012,0.0,0.0,0.7298695565772816,0.001549738566744992,0,,,,0.5090934972096558
-0.32847243509056917,0.0,0.0,0.8715835788453424,0.001549738567323565,0,,,,-0.5837275094321371
-0.43602927474711783,0.0,0.0,0.97914041850189,0.0015497385673345022,1,,,,-0.7882984278660716
-0.3219165540141551,0.0,0.0,0.8650276977689283,0.0015497385673217832,0,,,,-0.5712583571473709
-0.22163295736281943,0.0,0.0,0.7647441011175936,0.001549738567295429,0,,,,-0.3805209987763832
-0.5344344518112021,0.0,0.0,0.04644593526754448,0.08900423978798588,0,,,,-0.975463070439576
-0.4206837757462646,0.0,0.0,0.963794919501037,0.0015497385673341963,1,,,,-0.7591116013057541
-0.25953712271753576,0.0,0.0,0.8026482664723097,0.0015497385673085822,1,,,,-0.452613949293026
-0.15366139211616814,0.0,0.0,0.696772535870943,0.001549738567259537,1,,,,-0.2512404660431685
-0.19797347528092937,0.0,0.0,0.7410846190357036,0.001549738567287283,1,,,,-0.3355211457254873
-0.004154757821258407,0.0,0.0,0.5472659015760367,0.00154973856704041,1,,,,0.0331181074082214
0.512364804299285,0.0,0.0,0.9961364969016849,0.0015497385659213759,0,,,,1.015527794690808
0.12813825913825333,0.0,0.0,0.611909951740656,0.0015497385669353137,1,,,,0.2847367312746547
-0.4717276557956606,0.0,0.0,1.0148387995504324,0.0015497385673311941,0,,,,-0.8561960215572259
0.4421575470326077,0.0,0.0,0.9259292396350082,0.0015497385663557905,0,,,,0.8819950212694828
-0.3049229947429203,0.0,0.0,0.8480341384976938,0.001549738567316875,0,,,,-0.5389369535185656
0.48366429177140485,0.0,0.0,0.9674359843738048,0.0015497385660013256,1,,,,0.9609400044014936
0.42647713646031243,0.0,0.0,0.910248829062713,0.0015497385663832588,1,,,,0.8521711997213726
0.5202409504155925,0.0,0.0,1.0040126430179925,0.001549738565915655,1,,,,1.030508064191826
0.4011371650121981,0.0,0.0,0.8849088576145988,0.001549738566417958,1,,,,0.8039750901221742
0.008209671854538088,0.0,0.0,0.5349014719002408,0.0015497385670235264,1,,,,0.0566350008272396
-0.4381987120907799,0.0,0.0,0.9813098558455521,0.0015497385673344912,1,,,,-0.792424653509136
0.4823542031880064,0.0,0.0,0.9661258957904065,0.0015497385660018328,0,,,,0.9584482425982328
0.192350849090032,0.0,0.0,0.676122541692434,0.0015497385668493168,1,,,,0.4068677695554658
-0.3833958502193636,0.0,0.0,0.9265069939741363,0.0015497385673310681,0,,,,-0.6881907263907588
0.4142440908437936,0.0,0.0,0.8980157834461943,0.0015497385664009706,0,,,,0.8289041961072225
0.49267066060753617,0.0,0.0,0.9764423532099361,0.001549738565962399,1,,,,0.9780699344965526
0.1751898642761078,0.0,0.0,0.6589615568785098,0.0015497385668781147,0,,,,0.3742279259543943
0.37553443594002783,0.0,0.0,0.8593061285424287,0.0015497385664888209,0,,,,0.7552792208735636
0.4877082333614534,0.0,0.0,0.9714799259638535,0.0015497385659783412,0,,,,0.9686314989434592
0.0651539946115284,0.0,0.0,0.5489256872139324,0.0015497385669746946,0,,,,0.1649419429351899
0.07297044465904577,0.0,0.0,0.5567421372614495,0.0015497385669655842,0,,,,0.1798086717291894
0.5160215102378205,0.0,0.0,0.9997932028402204,0.001549738565917971,0,,,,1.022482774910362
0.4664463052757165,0.0,0.0,0.9502179978781166,0.0015497385662888055,0,,,,0.9281917447626508
0.4866021509586466,0.0,0.0,0.9703738435610466,0.0015497385659883878,0,,,,0.9665277527407228
0.5080225854436912,0.0,0.0,0.9917942780460912,0.0015497385659257313,1,,,,1.0072689828647403
0.0521733404996296,0.0,0.0,0.5359450331020338,0.001549738566979285,0,,,,0.1402530031892489
0.4835779058143637,0.0,0.0,0.9673495984167636,0.0015497385660024278,0,,,,0.9607757000706102
-0.015814003290880514,0.0,0.0,0.5589251470456583,0.001549738567051306,1,,,,0.0109424599869738
0.5144104141005513,0.0,0.0,0.9981821067029512,0.0015497385659195885,0,,,,1.0194185028702114
-0.4647652241445925,0.0,0.0,1.0078763678993647,0.0015497385673322772,0,,,,-0.8429536183596177
0.47709036724959697,0.0,0.0,0.9608620598519971,0.001549738566109171,0,,,,0.9484365338510764
-0.4133506389911324,0.0,0.0,0.9564617827459049,0.0015497385673338402,0,,,,-0.7451641245503072
0.46860375694540135,0.0,0.0,0.9523754495478015,0.0015497385662733582,0,,,,0.9322951738979208
-0.5772936678953272,0.0,0.0,0.08306778391793501,0.08900423978798179,0,,,,-1.0569804265248346
-0.3799836859410759,0.0,0.0,0.9230948296958487,0.001549738567330832,1,,,,-0.6817008594284556
0.4637634162153603,0.0,0.0,0.9475351088177605,0.0015497385662979538,0,,,,0.9230889444118224
-0.5563215252749233,0.0,0.0,0.06209564129753109,0.08900423978798278,1,,,,-1.0170918383970755
0.5104838309699807,0.0,0.0,0.9942555235723806,0.0015497385659227069,0,,,,1.011950221727952
0.24402607925099665,0.0,0.0,0.7277977718533982,0.0015497385667439952,0,,,,0.505153004860535
-0.3681396863584917,0.0,0.0,0.9112508301132646,0.0015497385673283021,1,,,,-0.6591738134472114
-0.15400225476558335,0.0,0.0,0.6971133985203583,0.001549738567259328,0,,,,-0.2518887798600616
-0.39895674746943227,0.0,0.0,0.9420678912242048,0.0015497385673330078,0,,,,-0.7177872360341027
0.45988577164687217,0.0,0.0,0.9436574642492722,0.001549738566314335,1,,,,0.91571374341792
0.4772095946323148,0.0,0.0,0.9609812872347149,0.0015497385661103111,1,,,,0.9486633019047208
-0.5204264195818566,0.0,0.0,0.060453967496889915,0.08900423978798616,1,,,,-0.948820078438696
0.2247259809315437,0.0,0.0,0.7084976735339453,0.0015497385667879724,0,,,,0.4684446109389279
-0.37996376740692983,0.0,0.0,0.9230749111617026,0.001549738567330678,0,,,,-0.6816629747821874
0.21873279936548276,0.0,0.0,0.7025044919678846,0.0015497385668022667,0,,,,0.4570457016624432
-0.3490080030600974,0.0,0.0,0.8921191468148705,0.0015497385673269907,0,,,,-0.6227857414655761
0.4396264617018261,0.0,0.0,0.9233981543042266,0.0015497385663648029,0,,,,0.8771809485205434
0.456194870194917,0.0,0.0,0.9399665627973172,0.001549738566326393,0,,,,0.9086937240282964
0.010230511598952507,0.0,0.0,0.5328806321558265,0.0015497385670184838,1,,,,0.0604785968629984
0.4832255549540074,0.0,0.0,0.9669972475564074,0.0015497385660014395,0,,,,0.9601055359104856
-0.40713116934580146,0.0,0.0,0.9502423131005738,0.0015497385673335562,1,,,,-0.7333348199558238
-0.1439377200274062,0.0,0.0,0.6870488637821813,0.0015497385672539835,0,,,,-0.2327462397708058
0.17089464339216556,0.0,0.0,0.6546663359945678,0.0015497385668907298,1,,,,0.3660585033132077
0.33439769369401495,0.0,0.0,0.818169386296416,0.0015497385666655952,0,,,,0.6770379749470474
0.47697392749120593,0.0,0.0,0.9607456200936061,0.0015497385661236568,1,,,,0.9482150678021264
-0.11057986839657413,0.0,0.0,0.6536910121513494,0.0015497385672289606,0,,,,-0.1693002853629519
0.15508919059676396,0.0,0.0,0.6388608831991663,0.0015497385669124835,0,,,,0.3359968540034639
0.26700191024298536,0.0,0.0,0.7507736028453867,0.001549738566734767,0,,,,0.5488525674622502
0.42556817460702073,0.0,0.0,0.9093398672094214,0.0015497385663830615,1,,,,0.8504423727890914
0.4780937604379834,0.0,0.0,0.9618654530403835,0.0015497385661006197,0,,,,0.95034496725944
-0.5457841082245746,0.0,0.0,0.05155822424718237,0.08900423978798429,0,,,,-0.9970498857811873
0.486741072094297,0.0,0.0,0.970512764696697,0.0015497385659824262,1,,,,0.9667919779113454
-0.20692809368434864,0.0,0.0,0.7500392374391228,0.0015497385672882716,1,,,,-0.3525526475515207
0.3760069876828265,0.0,0.0,0.8597786802852273,0.0015497385664872633,1,,,,0.7561780046639814
-0.01887084354335708,0.0,0.0,0.561981987298135,0.0015497385670523729,0,,,,0.0051284120849362
0.45219108224053683,0.0,0.0,0.935962774842937,0.0015497385663384524,0,,,,0.9010786008835694
0.48787701940618744,0.0,0.0,0.9716487120085874,0.001549738565978741,1,,,,0.9689525265629052
0.4808466188032696,0.0,0.0,0.9646183114056698,0.0015497385660073262,1,,,,0.9555808478031916
0.261585016017963,0.0,0.0,0.7453567086203644,0.0015497385667394936,0,,,,0.5385497449712695
0.01601981912728201,0.0,0.0,0.5270913246274972,0.0015497385670177834,0,,,,0.0714897418719876
-0.39002149219353843,0.0,0.0,0.9331326359483111,0.0015497385673320994,1,,,,-0.700792562482257
-0.16519993602083752,0.0,0.0,0.7083110797756124,0.001549738567265032,0,,,,-0.2731865415461854
0.07464870732858864,0.0,0.0,0.5584203999309924,0.001549738566964611,0,,,,0.1830006931457546
-0.27327421244977923,0.0,0.0,0.816385356204553,0.0015497385673103334,1,,,,-0.4787416141826602
0.33771134049825297,0.0,0.0,0.8214830331006538,0.0015497385666644794,1,,,,0.6833404636801976
-0.5015393447965341,0.0,0.0,0.0793410422822125,0.08900423978798626,1,,,,-0.9128972468670212
-0.28921504892156263,0.0,0.0,0.8323261926763362,0.0015497385673144035,0,,,,-0.5090607604875446
0.4341882526718311,0.0,0.0,0.9179599452742316,0.0015497385663685306,0,,,,0.8668375857046198
0.45094420790744927,0.0,0.0,0.9347159005098497,0.001549738566347299,0,,,,0.8987070712969254
0.33916613178111077,0.0,0.0,0.8229378243835118,0.0015497385666607129,1,,,,0.6861074470706936
0.41825166499229,0.0,0.0,0.9020233575946907,0.0015497385663960808,1,,,,0.8365265205160458
-0.052632179010619944,0.0,0.0,0.5957433227653967,0.0015497385671262014,0,,,,-0.0590849603621188
0.02989603474870723,0.0,0.0,0.513667727351112,0.0015497385670007768,0,,,,0.0978820213692909
0.22141448179121143,0.0,0.0,0.7051861743936131,0.0015497385667924317,0,,,,0.4621462070187853
-0.3792313848782769,0.0,0.0,0.9223425286330497,0.0015497385673305239,0,,,,-0.6802699981290065
0.29977558984025254,0.0,0.0,0.7835472824426538,0.001549738566703029,1,,,,0.6111874385600014
0.047929763369174774,0.0,0.0,0.531701455971579,0.0015497385669828113,1,,,,0.1321818059153754
0.06495052496742212,0.0,0.0,0.5487222175698262,0.0015497385669754388,0,,,,0.1645549478161332
-0.5254662539529855,0.0,0.0,0.055414133125761045,0.08900423978798601,0,,,,-0.9584057407670888
-0.1375872117506062,0.0,0.0,0.6806983555053813,0.0015497385672515122,1,,,,-0.2206677023681109
-0.544195311441927,0.0,0.0,0.04996942746453481,0.08900423978798447,1,,,,-0.9940280266593596
0.48439105952078404,0.0,0.0,0.968162752123184,0.00154973856599676,1,,,,0.9623223018588511
-0.5075266114145526,0.0,0.0,0.07335377566419399,0.08900423978798624,1,,,,-0.9242849060327978
0.3927045688893182,0.0,0.0,0.8764762614917189,0.001549738566423398,0,,,,0.787936464041783
-0.556388402753448,0.0,0.0,0.06216251877605583,0.0890042397879829,1,,,,-1.0172190379991466
-0.4778093266086189,0.0,0.0,1.0209204703633907,0.0015497385673308628,1,,,,-0.8677632355790631
-0.1206456808690925,0.0,0.0,0.6637568246238678,0.0015497385672340403,0,,,,-0.1884452556769013
-0.403855641169257,0.0,0.0,0.9469667849240294,0.00154973856733312,1,,,,-0.7271048320761908
0.09860651958148361,0.0,0.0,0.5823782121838869,0.0015497385669497362,1,,,,0.2285679641058594
0.5309198722777589,0.0,0.0,1.0146915648801587,0.0015497385659138004,1,,,,1.050819156077786
-0.42929468957966604,0.0,0.0,0.9724058333344384,0.0015497385673343721,1,,,,-0.7754893840397892
-0.32883957888450127,0.0,0.0,0.8719507226392745,0.0015497385673234596,0,,,,-0.5844258094506375
0.4445117554747879,0.0,0.0,0.9282834480771883,0.001549738566352668,1,,,,0.8864726777787256
0.15686412545050868,0.0,0.0,0.6406358180529111,0.0015497385669060795,1,,,,0.3393727439454743
-0.5424209277310847,0.0,0.0,0.048195043753692546,0.08900423978798477,0,,,,-0.9906531849799248
-0.01261898155147026,0.0,0.0,0.5557301253062482,0.0015497385670501696,0,,,,0.0170193262628392
0.2786241171647791,0.0,0.0,0.7623958097671805,0.0015497385667222604,0,,,,0.5709577683198863
-0.04949404841159496,0.0,0.0,0.5926051921663716,0.00154973856712557,1,,,,-0.0531162998765735
-0.5104943091772163,0.0,0.0,0.07038607790153029,0.08900423978798616,1,,,,-0.9299294067347622
-0.38867447509785963,0.0,0.0,0.9317856188526322,0.001549738567332142,1,,,,-0.698230563400756
0.05754724430562756,0.0,0.0,0.5413189369080317,0.0015497385669785333,1,,,,0.1504740587788242
0.45867134545450383,0.0,0.0,0.9424430380569039,0.0015497385663204859,0,,,,0.913403929534058
-0.13297170536969696,0.0,0.0,0.676082849124472,0.0015497385672430931,0,,,,-0.2118891032348963
0.20780258559634515,0.0,0.0,0.691574278198747,0.0015497385668263935,1,,,,0.436256657687446
0.4275780938686439,0.0,0.0,0.9113497864710444,0.001549738566380731,1,,,,0.8542651982889969
0.4416250412815199,0.0,0.0,0.9253967338839203,0.0015497385663582066,1,,,,0.8809822061763727
0.4802316374388976,0.0,0.0,0.9640033300412977,0.0015497385660094769,0,,,,0.9544111657733824
-0.2092087958307786,0.0,0.0,0.7523199395855528,0.0015497385672893456,0,,,,-0.3568904965833374
-0.05624730508087942,0.0,0.0,0.5993584488356559,0.0015497385671308479,0,,,,-0.0659608565190622
-0.5414092580238098,0.0,0.0,0.04718337404641759,0.08900423978798512,1,,,,-0.9887290098012016
-0.5330103760362909,0.0,0.0,0.047870011042455696,0.08900423978798584,0,,,,-0.9727545073196168
-0.5604729703211317,0.0,0.0,0.06624708634373955,0.08900423978798251,0,,,,-1.0249878023231516
-0.07422002172216413,0.0,0.0,0.6173311654769403,0.0015497385671800934,1,,,,-0.1001445975233621
0.4507471674391908,0.0,0.0,0.9345188600415911,0.0015497385663470575,0,,,,0.8983323043393893
-0.38011949285158075,0.0,0.0,0.9232306366063535,0.0015497385673308441,0,,,,-0.6819591614062784
-0.39095773664205075,0.0,0.0,0.9340688803968232,0.0015497385673322553,0,,,,-0.7025732803549876
-0.5609436797398395,0.0,0.0,0.0667177957624473,0.0890042397879827,1,,,,-1.025883082050671
-0.275753406815788,0.0,0.0,0.8188645505705617,0.001549738567312923,0,,,,-0.4834569913734567
-0.025922790527873454,0.0,0.0,0.5690339342826508,0.0015497385670593061,1,,,,-0.0082842474537461
-0.05555751387379442,0.0,0.0,0.598668657628571,0.0015497385671317302,1,,,,-0.0646488876920529
-0.5596551152562568,0.0,0.0,0.06542923127886457,0.08900423978798268,0,,,,-1.0234322586468818
-0.39893591777258774,0.0,0.0,0.9420470615273603,0.0015497385673329963,0,,,,-0.7177476183749395
0.34940936504118214,0.0,0.0,0.8331810576435831,0.001549738566642339,1,,,,0.7055898681090681
0.4724004950791579,0.0,0.0,0.956172187681558,0.0015497385662585797,1,,,,0.939516492500772
0.2104210097545296,0.0,0.0,0.6941927023569313,0.001549738566819207,0,,,,0.4412368471072899
-0.3819684180065385,0.0,0.0,0.9250795617613113,0.0015497385673309222,1,,,,-0.6854757793942474
0.068682371509757,0.0,0.0,0.5524540641121608,0.0015497385669696832,0,,,,0.171652843933737
-0.1549029265608663,0.0,0.0,0.6980140703156413,0.001549738567261774,1,,,,-0.2536018392708524
0.47188439572516866,0.0,0.0,0.9556560883275688,0.001549738566273141,0,,,,0.9385348820407968
0.39750535204771936,0.0,0.0,0.88127704465012,0.0015497385664205695,0,,,,0.797067455832285
0.396064116356559,0.0,0.0,0.8798358089589596,0.00154973856642157,1,,,,0.7943262549011131
-0.3895458267887817,0.0,0.0,0.9326569705435545,0.0015497385673320337,0,,,,-0.6998878565702102
-0.01662594981463489,0.0,0.0,0.5597370935694127,0.0015497385670508264,0,,,,0.009398154235577
0.46091994357227817,0.0,0.0,0.9446916361746783,0.0015497385663164275,1,,,,0.9176807173572292
-0.04487021734492761,0.0,0.0,0.5879813610997046,0.0015497385671136973,0,,,,-0.0443218673605944
-0.17540335600125004,0.0,0.0,0.7185144997560245,0.0015497385672728805,1,,,,-0.2925932385375195
0.47112347897572804,0.0,0.0,0.9548951715781281,0.001549738566274846,0,,,,0.9370876338808296
0.3472515915456606,0.0,0.0,0.8310232841480615,0.0015497385666467794,0,,,,0.7014858268676112
-0.5284392728103725,0.0,0.0,0.052441114268374056,0.08900423978798605,1,,,,-0.9640603620828428
0.3386706905446195,0.0,0.0,0.8224423831470206,0.0015497385666640737,0,,,,0.685165127929459
-0.5403848226725111,0.0,0.0,0.04615893869511889,0.0890042397879853,1,,,,-0.9867805546275412
-0.3786912927629932,0.0,0.0,0.9218024365177658,0.0015497385673304638,0,,,,-0.6792427539257059
0.05639188772395574,0.0,0.0,0.5401635803263599,0.0015497385669780745,1,,,,0.1482765940914457
0.1807304285509006,0.0,0.0,0.6645021211533025,0.0015497385668729409,1,,,,0.3847659663612704
0.37502177972741707,0.0,0.0,0.858793472329818,0.0015497385664951244,0,,,,0.7543041591983644
0.22031310408879107,0.0,0.0,0.7040847966911928,0.0015497385667980902,0,,,,0.4600514090603639
-0.5442311487475224,0.0,0.0,0.05000526477013023,0.08900423978798432,1,,,,-0.9940961884847096
0.2660500877539322,0.0,0.0,0.7498217803563335,0.0015497385667385473,0,,,,0.5470422204736863
-0.3698824796937364,0.0,0.0,0.9129936234485093,0.0015497385673288212,0,,,,-0.6624885708756557
0.12968377653113644,0.0,0.0,0.6134554691335391,0.0015497385669347443,0,,,,0.2876762738786147
0.5099716260308791,0.0,0.0,0.993743318633279,0.0015497385659246784,0,,,,1.010976018365776
0.46993788816277166,0.0,0.0,0.9537095807651718,0.0015497385662759148,1,,,,0.9348326643013236
-0.06492546177962494,0.0,0.0,0.6080366055344014,0.0015497385671582712,0,,,,-0.0824665338134571
0.11795893672616395,0.0,0.0,0.6017306293285668,0.0015497385669400736,1,,,,0.2653758673674799
0.48968710742612176,0.0,0.0,0.9734588000285217,0.001549738565973876,0,,,,0.9723952771110492
0.07507671734130976,0.0,0.0,0.5588484099437135,0.001549738566963886,0,,,,0.1838147594727392
-0.4148021131804051,0.0,0.0,0.9579132569351775,0.0015497385673339044,1,,,,-0.747924798896363
-0.4632015713675594,0.0,0.0,1.0063127151223314,0.0015497385673325821,1,,,,-0.8399795826243649
0.42192759385161066,0.0,0.0,0.9056992864540113,0.001549738566390482,0,,,,0.843518062339423
0.09195235458362958,0.0,0.0,0.5757240471860329,0.001549738566953835,1,,,,0.2159118778042472
0.1791489097180453,0.0,0.0,0.6629206023204474,0.001549738566872423,0,,,,0.3817579497517189
0.44770983786615764,0.0,0.0,0.9314815304685579,0.0015497385663495525,1,,,,0.8925553653522822
0.19819931470034144,0.0,0.0,0.6819710073027433,0.0015497385668393692,1,,,,0.4179914320315177
0.3745566315080907,0.0,0.0,0.8583283241104914,0.0015497385664938771,0,,,,0.7534194567588045
0.48391444342881945,0.0,0.0,0.9676861360312193,0.0015497385659949906,0,,,,0.9614157877590976
-0.47040741190699586,0.0,0.0,1.0135185556617679,0.0015497385673316293,1,,,,-0.85368494457018
-0.49432744784255206,0.0,0.0,0.08655293923619445,0.08900423978798629,0,,,,-0.8991803657440907
0.050783381679884804,0.0,0.0,0.534555074282289,0.0015497385669815246,1,,,,0.1376093298231616
0.30263315226372034,0.0,0.0,0.7864048448661215,0.0015497385667024458,0,,,,0.6166224640899237
0.3119479601152576,0.0,0.0,0.795719652717659,0.0015497385666974244,0,,,,0.634339038910357
-0.33748003596616666,0.0,0.0,0.8805911797209397,0.001549738567326079,0,,,,-0.600859782841168
-0.03241146300145776,0.0,0.0,0.575522606756235,0.0015497385670664252,0,,,,-0.0206255703447568
-0.33106260636716595,0.0,0.0,0.874173750121939,0.0015497385673241136,1,,,,-0.5886539624466232
-0.09739791538841969,0.0,0.0,0.6405090591431953,0.0015497385672178661,1,,,,-0.1442284792161549
-0.5025771734181597,0.0,0.0,0.0783032136605869,0.08900423978798633,0,,,,-0.9148711757680646
-0.40206579172495116,0.0,0.0,0.9451769354797236,0.0015497385673331537,1,,,,-0.7237005748866963
0.005005817564900584,0.0,0.0,0.5381053261898782,0.0015497385670269488,0,,,,0.0505413352207331
0.3682347104557487,0.0,0.0,0.8520064030581495,0.0015497385665961688,0,,,,0.7413952916747972
0.05221060085242266,0.0,0.0,0.5359822934548267,0.0015497385669792942,1,,,,0.1403238716213857
-0.1397305751537979,0.0,0.0,0.682841718908573,0.0015497385672502543,0,,,,-0.2247443359074445
-0.5217189767403635,0.0,0.0,0.05916141033838307,0.0890042397879861,0,,,,-0.9512784958288728
0.3833156824336922,0.0,0.0,0.8670873750360929,0.0015497385664303429,0,,,,0.7700789932251197
-0.33998306290962277,0.0,0.0,0.883094206664396,0.0015497385673266964,1,,,,-0.6056204891088751
-0.29893305682842364,0.0,0.0,0.8420442005831973,0.001549738567315611,0,,,,-0.5275442136012932
0.4747203753908898,0.0,0.0,0.9584920679932899,0.001549738566217268,1,,,,0.9439288576050576
0.4830779932653029,0.0,0.0,0.966849685867703,0.00154973856600103,1,,,,0.9598248765839348
-0.45267437760749424,0.0,0.0,0.9957855213622663,0.0015497385673341243,1,,,,-0.8199570744983798
-0.45678253107169037,0.0,0.0,0.9998936748264625,0.0015497385673336984,0,,,,-0.8277706987171813
-0.13983687257154673,0.0,0.0,0.6829480163263218,0.00154973856725021,1,,,,-0.2249465114310604
-0.4491225707246416,0.0,0.0,0.9922337144794137,0.0015497385673342186,0,,,,-0.8132016101462727
-0.18438858839262115,0.0,0.0,0.7274997321473954,0.0015497385672766368,0,,,,-0.3096829675451271
-0.497587410796506,0.0,0.0,0.08329297628224053,0.0890042397879863,0,,,,-0.9053807488873707
-0.501792980641182,0.0,0.0,0.07908740643756451,0.0890042397879862,1,,,,-0.9133796570777812
0.4597474539490281,0.0,0.0,0.9435191465514282,0.0015497385663177268,0,,,,0.9154506659737148
0.4953208665563737,0.0,0.0,0.9790925591587737,0.0015497385659569848,0,,,,0.983110572234924
-0.4057234093855624,0.0,0.0,0.9488345531403347,0.0015497385673334393,0,,,,-0.7306572891830694
0.41315551273537754,0.0,0.0,0.896927205337778,0.0015497385664053494,0,,,,0.8268337427159101
-0.49919184917322074,0.0,0.0,0.08168853790552577,0.08900423978798638,0,,,,-0.9084323580025444
0.16724316093522437,0.0,0.0,0.6510148535376267,0.0015497385668968155,0,,,,0.3591134580492603
0.08021704269878763,0.0,0.0,0.5639887353011911,0.0015497385669630721,1,,,,0.1935915536104839
0.0014900154540844791,0.0,0.0,0.5416211283006941,0.0015497385670282218,1,,,,0.0438543512117359
-0.49422588397739214,0.0,0.0,0.08665450310135436,0.08900423978798642,1,,,,-0.8989871933410913
0.4634477527470851,0.0,0.0,0.9472194453494852,0.0015497385663107328,1,,,,0.92248855892423
0.43219594160247493,0.0,0.0,0.9159676342048754,0.0015497385663728364,1,,,,0.8630482506277829
0.17348789032328343,0.0,0.0,0.6572595829256856,0.001549738566881732,0,,,,0.3709908061599515
-0.37128649611433273,0.0,0.0,0.9143976398691055,0.001549738567328637,1,,,,-0.6651589815122538
-0.5267864136315215,0.0,0.0,0.05409397344722511,0.08900423978798609,1,,,,-0.9609166575881845
-0.04845709120661112,0.0,0.0,0.5915682349613879,0.0015497385671271085,0,,,,-0.0511440283922345
0.02514876660400092,0.0,0.0,0.5179623771507783,0.0015497385669983315,0,,,,0.0888528140449048
-0.5360349106269405,0.0,0.0,0.04484547645180603,0.08900423978798556,1,,,,-0.9785071105108236
0.269526613692974,0.0,0.0,0.7532983062953752,0.0015497385667343148,0,,,,0.5536545020039002
-0.16408007627027396,0.0,0.0,0.7071912200250486,0.0015497385672638027,0,,,,-0.2710565911086166
-0.5481194100287433,0.0,0.0,0.053893526051351115,0.08900423978798362,1,,,,-1.0014915822500006
0.34337576595858904,0.0,0.0,0.82714745856099,0.0015497385666537926,0,,,,0.6941140855393163
-0.3743321969174967,0.0,0.0,0.9174433406722694,0.0015497385673297792,0,,,,-0.6709518424085742
0.13474038109793846,0.0,0.0,0.618512073700341,0.0015497385669291036,0,,,,0.2972938327776218
0.34027344566800927,0.0,0.0,0.8240451382704103,0.0015497385666572445,1,,,,0.688213535531091
-0.07607280960909399,0.0,0.0,0.61918395336387,0.00154973856717745,0,,,,-0.1036685623488704
0.09429958372438271,0.0,0.0,0.578071276326786,0.0015497385669551035,0,,,,0.220376259824322
-0.5528227753487605,0.0,0.0,0.058596891371368254,0.08900423978798301,0,,,,-1.0104372872959897
0.22041603196209705,0.0,0.0,0.7041877245644989,0.0015497385667983198,1,,,,0.4602471757790765
-0.5324644483843727,0.0,0.0,0.04841593869437388,0.089004239787986,1,,,,-0.9717161640444888
0.41989816988270856,0.0,0.0,0.903669862485109,0.0015497385663925758,1,,,,0.8396581392835222
0.39021059929606716,0.0,0.0,0.8739822918984678,0.0015497385664239222,0,,,,0.7831929846696963
0.479496457169414,0.0,0.0,0.9632681497718142,0.0015497385660084217,0,,,,0.9530128678741228
0.22656397805494388,0.0,0.0,0.7103356706573455,0.0015497385667836575,0,,,,0.4719404440334438
0.027626425117799492,0.0,0.0,0.5154847186369796,0.0015497385669981407,0,,,,0.093565270076078
0.2092933530375444,0.0,0.0,0.6930650456399462,0.0015497385668198286,0,,,,0.4390920669983867
0.09278687983578557,0.0,0.0,0.5765585724381889,0.0015497385669542925,0,,,,0.2174991278372066
-0.31215931153354604,0.0,0.0,0.8552704552883194,0.0015497385673176097,0,,,,-0.5527002806734378
-0.5571223828668926,0.0,0.0,0.06289649888950044,0.08900423978798276,1,,,,-1.0186150532260636
-0.09839426860507708,0.0,0.0,0.6415054123598526,0.001549738567216415,1,,,,-0.1461235227416718
-0.17109155991579017,0.0,0.0,0.7142027036705648,0.0015497385672686094,1,,,,-0.2843922902006308
-0.24005790524146994,0.0,0.0,0.7831690489962438,0.0015497385673031586,1,,,,-0.4155648743836321
-0.17838203795263755,0.0,0.0,0.7214931817074121,0.00154973856727427,1,,,,-0.2982586309427232
0.4612429207879629,0.0,0.0,0.9450146133903631,0.0015497385663102558,0,,,,0.9182950134434368
0.19847822150488806,0.0,0.0,0.6822499141072901,0.0015497385668397279,0,,,,0.4185219070933154
0.44796355633778195,0.0,0.0,0.9317352489401823,0.0015497385663484388,1,,,,0.8930379327178684
-0.5431233612389377,0.0,0.0,0.048897477261545474,0.08900423978798463,0,,,,-0.991989199205511
0.5275222879507188,0.0,0.0,1.0112939805531185,0.0015497385659142522,0,,,,1.044357019885808
0.2871819983544382,0.0,0.0,0.7709536909568394,0.0015497385667167251,0,,,,0.5872346840456308
-0.19101028345207444,0.0,0.0,0.7341214272068487,0.0015497385672817356,0,,,,-0.3222772966852111
-0.5286973263718248,0.0,0.0,0.0521830607069218,0.08900423978798601,0,,,,-0.9645511747009896
-0.1754889373595011,0.0,0.0,0.7186000811142758,0.0015497385672728129,1,,,,-0.2927560125378913
0.4075854558944226,0.0,0.0,0.8913571484968231,0.0015497385664119986,0,,,,0.8162396080488639
0.4822601140804772,0.0,0.0,0.9660318066828774,0.0015497385660015574,0,,,,0.95826928703201
0.3737951733471908,0.0,0.0,0.8575668659495915,0.00154973856649147,1,,,,0.7519711788452685
-0.21264049441717886,0.0,0.0,0.755751638171953,0.0015497385672916353,0,,,,-0.3634175174018186
0.42909685066537,0.0,0.0,0.9128685432677704,0.0015497385663790168,1,,,,0.857153842784095
-0.5536618525611092,0.0,0.0,0.059435968583717025,0.08900423978798304,0,,,,-1.0120331950645267
0.47805812882205667,0.0,0.0,0.9618298214244568,0.0015497385661028024,0,,,,0.9502771966516508
-0.41857647572989193,0.0,0.0,0.9616876194846643,0.0015497385673340046,0,,,,-0.7551035595936532
0.150927515599581,0.0,0.0,0.6346992082019834,0.0015497385669136585,0,,,,0.328081432918986
0.3325168280749409,0.0,0.0,0.8162885206773419,0.0015497385666724346,1,,,,0.6734606068468555
0.2557290679011715,0.0,0.0,0.7395007605035729,0.0015497385667403855,1,,,,0.5274118509202836
-0.09856225911116803,0.0,0.0,0.6416734028659435,0.0015497385672223584,0,,,,-0.1464430372628213
-0.3430021579013432,0.0,0.0,0.8861133016561163,0.0015497385673266903,0,,,,-0.6113627462937062
0.32937598432268594,0.0,0.0,0.813147676925087,0.0015497385666831207,0,,,,0.6674867859991251
0.24127850357398617,0.0,0.0,0.7250501961763877,0.0015497385667488097,0,,,,0.4999271718822922
-0.5351972256548083,0.0,0.0,0.045683161423938246,0.08900423978798591,0,,,,-0.976913850754823
-0.4381647898166737,0.0,0.0,0.9812759335714459,0.0015497385673344847,0,,,,-0.7923601340346756
-0.34156460602231603,0.0,0.0,0.8846757497770891,0.001549738567326659,1,,,,-0.608628551898184
-0.5263658151841979,0.0,0.0,0.05451457189454867,0.08900423978798606,1,,,,-0.960116687907636
-0.04781784944799886,0.0,0.0,0.5909289932027758,0.0015497385671266145,1,,,,-0.0499282035866879
-0.3305126953057494,0.0,0.0,0.8736238390605225,0.0015497385673238601,0,,,,-0.5876080428077588
0.43595977653688317,0.0,0.0,0.9197314691392836,0.001549738566366312,0,,,,0.8702069880156078
0.37340561329822347,0.0,0.0,0.8571773059006244,0.0015497385664902468,1,,,,0.7512302435662394
0.37909716720647724,0.0,0.0,0.862868859808878,0.0015497385664511244,0,,,,0.7620554631807768
0.010764337882991679,0.0,0.0,0.5323468058717872,0.001549738567018972,0,,,,0.061493923582887
0.0866028486635026,0.0,0.0,0.5703745412659061,0.0015497385669594385,1,,,,0.2057372264966907
0.16374827814959694,0.0,0.0,0.6475199707519993,0.0015497385668999093,0,,,,0.3524662621707115
0.47957917088161767,0.0,0.0,0.9633508634840177,0.0015497385660095241,0,,,,0.9531701876701172
0.5306382765564434,0.0,0.0,1.014409969158843,0.0015497385659140423,1,,,,1.0502835667510584
0.5026971099955005,0.0,0.0,0.9864688025979006,0.0015497385659333264,1,,,,0.997140037025382
-0.5238073669299732,0.0,0.0,0.05707302014877336,0.08900423978798623,0,,,,-0.955250571435604
0.33926023978681485,0.0,0.0,0.8230319323892158,0.001549738566660863,1,,,,0.6862864385808601
-0.09803957304063393,0.0,0.0,0.6411507167954095,0.0015497385672169311,0,,,,-0.1454488990021284
0.23562388064037054,0.0,0.0,0.7193955732427723,0.0015497385667559568,0,,,,0.4891721942293494
-0.49662506351353114,0.0,0.0,0.08425532356521537,0.08900423978798647,0,,,,-0.9035503839551248
0.4780601861138353,0.0,0.0,0.9618318787162353,0.001549738566102909,1,,,,0.9502811095787131
-0.4824634329923025,0.0,0.0,1.0255745767470739,0.0015497385673307914,1,,,,-0.8766152511313945
0.4607317650472436,0.0,0.0,0.9445034576496437,0.0015497385663160545,1,,,,0.9173228056352152
0.48857930667388483,0.0,0.0,0.9723509992762848,0.0015497385659794202,0,,,,0.970288262642694
0.4758636445219894,0.0,0.0,0.9596353371243894,0.0015497385661800266,0,,,,0.946103332207631
0.34675510085642675,0.0,0.0,0.8305267934588277,0.0015497385666460018,0,,,,0.7005415116886343
-0.5444555218241229,0.0,0.0,0.050229637846730735,0.08900423978798426,1,,,,-0.9945229415066332
0.18084077507344803,0.0,0.0,0.6646124676758501,0.0015497385668730723,0,,,,0.3849758431997458
0.3314337215308514,0.0,0.0,0.8152054141332524,0.0015497385666747266,1,,,,0.6714005602594537
-0.11145962261349113,0.0,0.0,0.6545707663682664,0.0015497385672332458,1,,,,-0.1709735599657157
0.02235813906594032,0.0,0.0,0.5207530046888389,0.0015497385670097316,0,,,,0.0835450973037749
-0.057429993350910334,0.0,0.0,0.6005411371056869,0.0015497385671401544,0,,,,-0.0682103055210396
-0.5011979454576547,0.0,0.0,0.07968244162109184,0.08900423978798638,0,,,,-0.912247912277698
0.19878488748069256,0.0,0.0,0.6825565800830945,0.001549738566836632,0,,,,0.4191051795334791
0.008736622961739184,0.0,0.0,0.5343745207930396,0.0015497385670240115,0,,,,0.0576372511008078
0.10120213721734564,0.0,0.0,0.5849738298197488,0.0015497385669498453,1,,,,0.2335047759847428
-0.0782727197868393,0.0,0.0,0.6213838635416155,0.001549738567182198,1,,,,-0.1078527467017259
-0.46414148359806834,0.0,0.0,1.0072526273528406,0.0015497385673321957,0,,,,-0.8417672765437519
0.4560354370736329,0.0,0.0,0.9398071296760332,0.0015497385663362667,0,,,,0.9083904854787628
-0.25014319725162293,0.0,0.0,0.7932543410063969,0.0015497385673066122,0,,,,-0.434746894381426
0.4252795081287422,0.0,0.0,0.9090512007311428,0.001549738566384433,0,,,,0.8498933350266292
0.42327100854468874,0.0,0.0,0.9070427011470893,0.001549738566387225,1,,,,0.8460732097245469
0.14530240520615992,0.0,0.0,0.6290740978085624,0.0015497385669238277,1,,,,0.317382587516416
0.35977957376049213,0.0,0.0,0.8435512663628931,0.0015497385666264202,0,,,,0.7253137938848259
-0.5808803870787466,0.0,0.0,0.08665450310135436,0.08900423978798178,0,,,,-1.0638022933615665
0.3733521244803552,0.0,0.0,0.8571238170827561,0.0015497385664922656,0,,,,0.751128508924052
-0.5352571036036101,0.0,0.0,0.045623283475136445,0.08900423978798586,0,,,,-0.9770277373939196
0.2202304108424698,0.0,0.0,0.7040021034448715,0.0015497385667979327,0,,,,0.459894128190061
-0.53851835989752,0.0,0.0,0.04429247592012775,0.08900423978798554,0,,,,-0.9832305804434548
0.45445615842030096,0.0,0.0,0.9382278510227012,0.0015497385663414012,0,,,,0.9053867296450392
-0.31568790824457826,0.0,0.0,0.8587990519993517,0.0015497385673184853,0,,,,-0.5594115997514605
-0.5186591996759654,0.0,0.0,0.06222118740278115,0.08900423978798615,0,,,,-0.945458862170374
0.12015016470225515,0.0,0.0,0.6039218573046577,0.0015497385669392034,0,,,,0.2695435383496183
0.011787580666097607,0.0,0.0,0.5313235630886813,0.0015497385670198707,0,,,,0.0634401105161336
0.178551304676915,0.0,0.0,0.6623229972793171,0.0015497385668751108,0,,,,0.3806213171348145
-0.5558503086568144,0.0,0.0,0.061624424679422196,0.08900423978798293,0,,,,-1.0161955939866252
0.38027161004530363,0.0,0.0,0.8640433026477045,0.0015497385664489454,1,,,,0.7642892295405366
-0.5444448267794829,0.0,0.0,0.050218942802090716,0.08900423978798427,1,,,,-0.9945025997495524
-0.37265218903744973,0.0,0.0,0.9157633327922224,0.001549738567329087,0,,,,-0.6677565016371746
0.46853283166284015,0.0,0.0,0.9523045242652403,0.001549738566273206,0,,,,0.9321602754550132
-0.483771692602405,0.0,0.0,1.0268828363571765,0.0015497385673306616,0,,,,-0.8791035342646968
0.3245298011629259,0.0,0.0,0.8083014937653269,0.001549738566686696,1,,,,0.658269444330693
0.3069950752294205,0.0,0.0,0.7907667678318219,0.0015497385666993647,1,,,,0.6249187527321032
-0.45606424681176405,0.0,0.0,0.9991753905665363,0.0015497385673339296,0,,,,-0.8264045366839813
-0.11069838402197946,0.0,0.0,0.6538095277767547,0.0015497385672312014,1,,,,-0.1695256996686842
-0.502918761392784,0.0,0.0,0.07796162568596254,0.08900423978798645,1,,,,-0.915520869138733
0.49222658420226,0.0,0.0,0.9759982768046599,0.0015497385659687059,0,,,,0.97722531021815
-0.021574115022156705,0.0,0.0,0.5646852587769345,0.0015497385670547753,0,,,,-1.3155210646101628e-05
0.2812205239165755,0.0,0.0,0.7649922165189768,0.0015497385667196336,1,,,,0.5758960810812052
0.49111517823261697,0.0,0.0,0.974886870835017,0.0015497385659695997,0,,,,0.9751114386997152
0.20583648749893307,0.0,0.0,0.6896081801013348,0.0015497385668255602,1,,,,0.4325171791493713
0.19520249440119491,0.0,0.0,0.6789741870035969,0.0015497385668404992,0,,,,0.4122915408582971
-0.1987792997725653,0.0,0.0,0.7418904435273396,0.0015497385672877235,1,,,,-0.3370538074964813
0.41971351736976725,0.0,0.0,0.9034852099721679,0.0015497385663922978,1,,,,0.8393069339646957
0.40451146562109974,0.0,0.0,0.8882831582235003,0.0015497385664149884,0,,,,0.8103929411564683
-0.1369109526920465,0.0,0.0,0.6800220964468217,0.0015497385672511848,1,,,,-0.2193814714119897
-0.1245521404436497,0.0,0.0,0.667663284198425,0.001549738567241867,0,,,,-0.1958752622254764
-0.5225082350236724,0.0,0.0,0.05837215205507418,0.08900423978798594,0,,,,-0.95277964900903
0.4866617211535625,0.0,0.0,0.9704334137559626,0.001549738565982016,0,,,,0.9666410540381962
-0.46179462061229476,0.0,0.0,1.004905764367067,0.001549738567333002,0,,,,-0.8373035909429909
0.4231021523617559,0.0,0.0,0.9068738449641566,0.0015497385663868885,1,,,,0.8457520487036754
0.395441566705688,0.0,0.0,0.8792132593080887,0.0015497385664223237,0,,,,0.7931421781445248
-0.32218490996202626,0.0,0.0,0.8652960537167994,0.0015497385673216956,0,,,,-0.5717687646946595
-0.539193166225015,0.0,0.0,0.04496728224762281,0.08900423978798558,1,,,,-0.9845140483346786
0.08365327269062506,0.0,0.0,0.5674249652930287,0.0015497385669597853,0,,,,0.2001271930698162
0.11414532607025457,0.0,0.0,0.5979170186726573,0.0015497385669427301,1,,,,0.258122457571134
-0.5550587722951243,0.0,0.0,0.06083288831773215,0.08900423978798291,1,,,,-1.0146901079477844
0.29210644984654366,0.0,0.0,0.7758781424489448,0.0015497385667102982,0,,,,0.5966008904881054
0.2046787402574183,0.0,0.0,0.6884504328598201,0.001549738566825696,0,,,,0.4303151674756617
-0.22903104406948943,0.0,0.0,0.7721421878242635,0.001549738567298625,1,,,,-0.3945920090168298
-0.21523360306841113,0.0,0.0,0.7583447468231853,0.0015497385672918564,1,,,,-0.3683495572430363
0.10936673171641018,0.0,0.0,0.5931384243188133,0.0015497385669439067,1,,,,0.2490336684349831
-0.3321290721555434,0.0,0.0,0.8752402159103164,0.001549738567324589,1,,,,-0.5906823586555802
0.3893992882279707,0.0,0.0,0.8731709808303715,0.0015497385664235417,0,,,,0.7816498875420187
-0.5455049459615738,0.0,0.0,0.05127906198418164,0.08900423978798426,0,,,,-0.9965189248426128
0.4069379126097717,0.0,0.0,0.8907096052121722,0.0015497385664125264,1,,,,0.8150079939098676
-0.4945342412660924,0.0,0.0,0.0863461458126541,0.08900423978798644,0,,,,-0.899573682623936
-0.2537298723032458,0.0,0.0,0.7968410160580198,0.0015497385673070559,1,,,,-0.4415686772803798
-0.24980847091520617,0.0,0.0,0.7929196146699801,0.0015497385673066944,1,,,,-0.4341102517068786
0.23003266918091725,0.0,0.0,0.7138043617833189,0.0015497385667779034,0,,,,0.478537823908772
-0.4525747478091042,0.0,0.0,0.9956858915638763,0.0015497385673341225,1,,,,-0.8197675806509861
0.21526938924471847,0.0,0.0,0.6990410818471201,0.0015497385668065157,0,,,,0.4504583661514653
0.44726955832539317,0.0,0.0,0.9310412509277936,0.0015497385663500122,1,,,,0.8917179626328506
0.4519870031577318,0.0,0.0,0.9357586957601322,0.0015497385663412293,1,,,,0.90069044662452
-0.4779427157198077,0.0,0.0,1.0210538594745793,0.0015497385673307756,0,,,,-0.8680169389518296
0.3452982519806606,0.0,0.0,0.8290699445830615,0.001549738566648881,0,,,,0.6977706147983334
-0.02292907192890406,0.0,0.0,0.5660402156836818,0.00154973856705393,0,,,,-0.0025902556510906
0.48995477353069905,0.0,0.0,0.973726466133099,0.0015497385659745525,0,,,,0.9729043725904428
0.41064288465126936,0.0,0.0,0.8944145772536699,0.0015497385664073131,0,,,,0.8220547752742277
-0.5052725536947444,0.0,0.0,0.07560783338400212,0.0890042397879862,1,,,,-0.9199977341577532
0.5020494540882178,0.0,0.0,0.9858211466906178,0.0015497385659347395,0,,,,0.9959082086804336
0.22593845732985895,0.0,0.0,0.7097101499322606,0.0015497385667902971,0,,,,0.4707507163542121
0.31779688096767084,0.0,0.0,0.801568573570072,0.0015497385666931873,0,,,,0.6454635672476186
0.49190549935480676,0.0,0.0,0.9756771919572068,0.0015497385659677784,1,,,,0.9766146133777772
-0.5513257538794913,0.0,0.0,0.05709986990209914,0.08900423978798352,1,,,,-1.0075899829510349
-0.38606886965252196,0.0,0.0,0.9291800134072946,0.0015497385673318223,0,,,,-0.69327475491167
-0.17117302984285568,0.0,0.0,0.7142841735976303,0.001549738567268591,1,,,,-0.2845472443426245
-0.4671298423219106,0.0,0.0,1.0102409860766826,0.0015497385673322612,1,,,,-0.8474510739730795
0.5039163216861727,0.0,0.0,0.9876880142885728,0.0015497385659304142,0,,,,0.9994589528295524
-0.4343907014475401,0.0,0.0,0.9775018452023124,0.0015497385673344923,0,,,,-0.7851818948228332
0.5431111437547792,0.0,0.0,1.0268828363571787,0.001549738565913649,1,,,,1.074006706129417
-0.4343115013620112,0.0,0.0,0.9774226451167835,0.0015497385673344626,0,,,,-0.7850312578732125
0.36780852779657647,0.0,0.0,0.8515802203989772,0.00154973856661808,0,,,,0.7405847009370452
-0.2434998700729916,0.0,0.0,0.7866110138277654,0.0015497385673032557,1,,,,-0.4221114213912432
-0.22832242218447069,0.0,0.0,0.7714335659392447,0.0015497385672983341,1,,,,-0.3932442246239118
0.10966594445160396,0.0,0.0,0.593437637054007,0.001549738566944049,0,,,,0.2496027649633041
0.27942522958638494,0.0,0.0,0.7631969221887863,0.0015497385667209759,0,,,,0.572481467829653
0.3443156493889866,0.0,0.0,0.8280873419913876,0.0015497385666488838,1,,,,0.6959017246814782
0.36563691919496216,0.0,0.0,0.849408611797363,0.001549738566621132,1,,,,0.7364543456055773
-0.3969632042887453,0.0,0.0,0.940074348043518,0.001549738567332467,0,,,,-0.7139955575066088
0.3867108373429222,0.0,0.0,0.8704825299453228,0.0015497385664270734,0,,,,0.7765365087139023
-0.380993362258569,0.0,0.0,0.9241045060133418,0.0015497385673307563,0,,,,-0.6836212432204126
0.3573264593817703,0.0,0.0,0.8410981519841713,0.001549738566629362,0,,,,0.7206480202986822
0.08251591189121255,0.0,0.0,0.5662876044936161,0.0015497385669591486,0,,,,0.1979639559937777
-0.31023919014391754,0.0,0.0,0.8533503338986909,0.0015497385673176075,1,,,,-0.5490482488971673
-0.5308179709557225,0.0,0.0,0.05006241612302409,0.08900423978798594,0,,,,-0.9685845975087366
-0.46267965702385433,0.0,0.0,1.0057908007786263,0.0015497385673324947,1,,,,-0.8389869121723832
0.21545259426716726,0.0,0.0,0.699224286869569,0.0015497385668068896,0,,,,0.4508068183728558
-0.5558468014953385,0.0,0.0,0.061620917517946294,0.08900423978798296,0,,,,-1.016188923436928
-0.5340670212899085,0.0,0.0,0.0468133657888381,0.08900423978798593,0,,,,-0.9747642250714736
0.31823651677068826,0.0,0.0,0.8020082093730895,0.0015497385666885864,0,,,,0.6462997455909661
0.23205017445588083,0.0,0.0,0.7158218670582824,0.0015497385667683791,0,,,,0.4823750778515479
0.37756666739107936,0.0,0.0,0.8613383599934802,0.0015497385664841059,1,,,,0.7591444837033331
-0.5251619784260504,0.0,0.0,0.05571840865269617,0.089004239787986,1,,,,-0.9578270149119888
0.35964938566998617,0.0,0.0,0.8434210782723871,0.0015497385666262797,0,,,,0.7250661787882033
-0.5001810607494519,0.0,0.0,0.08069932632929466,0.08900423978798636,0,,,,-0.9103138182734232
-0.3032261562662739,0.0,0.0,0.8463373000210476,0.0015497385673169744,0,,,,-0.53570960129522
0.37379168320335787,0.0,0.0,0.8575633758057587,0.0015497385664914622,0,,,,0.7519645406627815
-0.20474306444208026,0.0,0.0,0.7478542081968546,0.001549738567288926,0,,,,-0.3483967664348647
-0.12441619886214628,0.0,0.0,0.6675273426169216,0.0015497385672419612,0,,,,-0.1956167041061572
-0.07934784912366488,0.0,0.0,0.6224589928784411,0.001549738567180834,0,,,,-0.1098976208033822
0.28069806049171764,0.0,0.0,0.764469753094119,0.0015497385667193624,0,,,,0.5749023662880539
0.019836337735973326,0.0,0.0,0.5232748060188058,0.001549738567011237,0,,,,0.078748682535299
-0.28783364798839794,0.0,0.0,0.8309447917431717,0.0015497385673139156,1,,,,-0.5064333640474356
-0.008032091653426096,0.0,0.0,0.5511432354082043,0.0015497385670442047,1,,,,0.0257434974284718
0.47701308848553087,0.0,0.0,0.960784781087931,0.0015497385661083743,0,,,,0.9482895512157468
0.12416385083814677,0.0,0.0,0.6079355434405495,0.001549738566936231,0,,,,0.2771774876339854
0.5058264691592256,0.0,0.0,0.9895981617616255,0.0015497385659282593,0,,,,1.0030920144196331
-0.2532737447595993,0.0,0.0,0.7963848885143733,0.001549738567307184,1,,,,-0.4407011319822404
-0.1230088697919629,0.0,0.0,0.6661200135467381,0.0015497385672388914,1,,,,-0.1929399928775128
-0.4769268876648574,0.0,0.0,1.0200380314196291,0.0015497385673308348,0,,,,-0.8660848546805205
0.48851783029257906,0.0,0.0,0.9722895228949789,0.0015497385659792333,0,,,,0.97017133581753
-0.5484869090751242,0.0,0.0,0.05426102509773201,0.0890042397879835,0,,,,-1.0021905579514232
-0.028972425435492187,0.0,0.0,0.5720835691902696,0.0015497385670590032,1,,,,-0.0140845909366142
-0.11458983951189483,0.0,0.0,0.6577009832666701,0.0015497385672357715,1,,,,-0.1769271687538564
-0.4326465266209789,0.0,0.0,0.9757576703757512,0.0015497385673344576,1,,,,-0.7818645098260414
0.040703568337931845,0.0,0.0,0.5244752609403364,0.0015497385669852655,1,,,,0.1184377301407011
0.29529988701919513,0.0,0.0,0.7790715796215965,0.0015497385667053306,0,,,,0.6026747429502682
0.4826952931103046,0.0,0.0,0.9664669857127047,0.0015497385660001152,0,,,,0.9590969886835206
0.015937926078133675,0.0,0.0,0.5271732176766454,0.0015497385670177174,1,,,,0.07133398296041
-0.06090142793382145,0.0,0.0,0.6040125716885979,0.0015497385671413614,1,,,,-0.0748129033955878
-0.2753343220549505,0.0,0.0,0.8184454658097243,0.0015497385673129839,1,,,,-0.4826599006937756
0.20121203272922789,0.0,0.0,0.6849837253316297,0.0015497385668346798,1,,,,0.4237215603629171
-0.5222748455600807,0.0,0.0,0.058605541518665816,0.08900423978798608,0,,,,-0.9523357470026844
0.4794360454766866,0.0,0.0,0.9632077380790868,0.0015497385660553707,0,,,,0.9528979660649504
0.12159560674090239,0.0,0.0,0.6053672993433051,0.0015497385669398876,0,,,,0.2722927396680403
-0.41817321004259506,0.0,0.0,0.9612843537973673,0.001549738567333972,1,,,,-0.7543365564696617
-0.3208478302366402,0.0,0.0,0.8639589739914136,0.0015497385673210527,1,,,,-0.5692256662890626
0.43195635060133086,0.0,0.0,0.9157280432037312,0.0015497385663736376,0,,,,0.8625925534233182
-0.473032322359064,0.0,0.0,1.016143466113836,0.0015497385673310074,1,,,,-0.8586774707888855
0.08508540038871168,0.0,0.0,0.5688570929911151,0.001549738566958628,0,,,,0.2028510707836629
0.1940246852032766,0.0,0.0,0.6777963778056787,0.001549738566844189,0,,,,0.4100513717521066
0.19932852255503664,0.0,0.0,0.6831002151574385,0.0015497385668346503,1,,,,0.4201391623727535
-0.308832520914968,0.0,0.0,0.8519436646697415,0.001549738567317494,0,,,,-0.5463727926731108
0.5037699454358053,0.0,0.0,0.9875416380382053,0.0015497385659322765,1,,,,0.9991805481825752
-0.5335038638642645,0.0,0.0,0.04737652321448205,0.08900423978798587,0,,,,-0.9736931111176356
0.442573228967205,0.0,0.0,0.9263449215696055,0.001549738566353904,1,,,,0.88278563984296
0.5046607834895441,0.0,0.0,0.988432476091944,0.0015497385659300222,0,,,,1.0008749040172311
-0.5160686054730961,0.0,0.0,0.06481178160565049,0.08900423978798618,0,,,,-0.9405316047587312
-0.519943428954288,0.0,0.0,0.06093695812445854,0.08900423978798613,0,,,,-0.9479014401020528
-0.10362483522266933,0.0,0.0,0.6467359789774448,0.0015497385672252435,1,,,,-0.1560719539182249
0.3344991632432269,0.0,0.0,0.8182708558456281,0.0015497385666657512,1,,,,0.6772309679630346
0.2717699669435363,0.0,0.0,0.7555416595459375,0.0015497385667297336,0,,,,0.5579213141964555
-0.45581692516360356,0.0,0.0,0.9989280689183756,0.0015497385673339057,1,,,,-0.8259341359463401
0.4837877017162638,0.0,0.0,0.9675593943186637,0.0015497385659965159,1,,,,0.9611747276031448
-0.3170572342242952,0.0,0.0,0.8601683779790686,0.0015497385673191241,0,,,,-0.5620160298760406
-0.23728914089402794,0.0,0.0,0.780400284648802,0.0015497385673014273,0,,,,-0.4102987409857748
-0.33886572232108036,0.0,0.0,0.8819768660758535,0.0015497385673265134,1,,,,-0.6034953300661632
-0.023144673574908257,0.0,0.0,0.5662558173296858,0.0015497385670538025,1,,,,-0.0030003255906666
-0.23509072044001791,0.0,0.0,0.778201864194792,0.0015497385673012667,0,,,,-0.4061173900571228
-0.40688855024738857,0.0,0.0,0.949999694002161,0.0015497385673336175,1,,,,-0.7328733633720266
-0.05574302113416823,0.0,0.0,0.5988541648889448,0.0015497385671314925,1,,,,-0.0650017187230874
0.33432969099216836,0.0,0.0,0.8181013835945695,0.0015497385666688355,0,,,,0.6769086351931353
0.41399709161109877,0.0,0.0,0.8977687842134993,0.001549738566401658,1,,,,0.8284344085972305
-0.3450498585158194,0.0,0.0,0.8881610022705925,0.001549738567326719,1,,,,-0.6152574311572514
0.22999440506209906,0.0,0.0,0.7137660976645007,0.0015497385667777972,0,,,,0.4784650463340989
0.13070050629189867,0.0,0.0,0.6144721988943013,0.0015497385669335682,0,,,,0.2896100731760133
0.0796328080348204,0.0,0.0,0.563404500637224,0.00154973856696274,0,,,,0.1924803511786315
-0.1855068879791915,0.0,0.0,0.7286180317339658,0.0015497385672776647,0,,,,-0.3118099505825564
0.19098194221653728,0.0,0.0,0.6747536348189392,0.0015497385668503435,0,,,,0.4042641365623845
0.0380049185585888,0.0,0.0,0.5217766111609935,0.0015497385669895124,1,,,,0.1133049532233558
-0.5435411730707209,0.0,0.0,0.04931528909332872,0.0890042397879847,0,,,,-0.9927838688000564
-0.39287808853129425,0.0,0.0,0.9359892322860669,0.0015497385673323035,1,,,,-0.7062257505368312
0.3262981813611533,0.0,0.0,0.8100698739635545,0.001549738566681415,0,,,,0.661632867451407
-0.4443622385012664,0.0,0.0,0.9874733822560385,0.001549738567334321,0,,,,-0.8041475552103322
-0.5417873138344413,0.0,0.0,0.04756142985704914,0.08900423978798508,0,,,,-0.9894480642532212
0.5002191687878327,0.0,0.0,0.9839908613902327,0.0015497385659367208,0,,,,0.992427043316227
0.32730321133684065,0.0,0.0,0.8110749039392416,0.0015497385666806579,1,,,,0.6635444139958808
0.5109064730888431,0.0,0.0,0.994678165691243,0.0015497385659231531,0,,,,1.012754078430144
0.3780414132146454,0.0,0.0,0.8618131058170463,0.0015497385664762589,1,,,,0.7600474405906841
-0.30372645129315406,0.0,0.0,0.8468375950479275,0.001549738567317016,1,,,,-0.5366611522469179
-0.54018750305683,0.0,0.0,0.045961619079437854,0.0890042397879853,0,,,,-0.9864052567372928
-0.37971640681879026,0.0,0.0,0.9228275505735629,0.0015497385673307116,0,,,,-0.6811924999814991
0.5290345300308286,0.0,0.0,1.0128062226332286,0.0015497385659142455,1,,,,1.0472332735225862
-0.42856595767006544,0.0,0.0,0.9716771014248379,0.001549738567334427,1,,,,-0.7741033507896943
0.28874682045912353,0.0,0.0,0.7725185130615247,0.0015497385667159148,1,,,,0.5902109438182627
0.15314736023976364,0.0,0.0,0.6369190528421661,0.0015497385669164183,0,,,,0.3323035322133953
0.009154249479273244,0.0,0.0,0.5339568942755056,0.0015497385670244133,1,,,,0.0584315682314256
-0.5252605594906059,0.0,0.0,0.05561982758814066,0.08900423978798605,1,,,,-0.9580145140889887
-0.33575751501788714,0.0,0.0,0.8788686587726603,0.0015497385673257915,1,,,,-0.5975835830798469
0.5006661890530445,0.0,0.0,0.9844378816554443,0.001549738565935239,0,,,,0.99327726675627
0.3731403274463971,0.0,0.0,0.856912020048798,0.0015497385664915262,0,,,,0.7507256752790998
-0.000259879232679297,0.0,0.0,0.5433710229874579,0.00154973856703107,1,,,,0.0405260871573343
0.2829851218001875,0.0,0.0,0.7667568144025888,0.0015497385667206346,1,,,,0.5792523103165544
0.35257082442832993,0.0,0.0,0.8363425170307309,0.0015497385666357936,0,,,,0.7116028994744894
-0.5402318793872736,0.0,0.0,0.04600599540988137,0.08900423978798527,0,,,,-0.9864896596139908
-0.4733601579041513,0.0,0.0,1.0164713016589233,0.001549738567330859,1,,,,-0.8593010073186678
0.4560394990223674,0.0,0.0,0.9398111916247677,0.0015497385663335492,0,,,,0.9083982112225266
-0.3976512733673524,0.0,0.0,0.940762417122125,0.0015497385673328814,1,,,,-0.7153042508803275
-0.5169985000660421,0.0,0.0,0.06388188701270447,0.08900423978798602,0,,,,-0.9423002453355012
0.16838906499590442,0.0,0.0,0.6521607575983067,0.0015497385668963247,1,,,,0.3612929442342304
0.4908991775177043,0.0,0.0,0.9746708701201042,0.0015497385659731353,0,,,,0.974700609739203
-0.4264752377150283,0.0,0.0,0.9695863814698006,0.0015497385673343715,0,,,,-0.7701268440165701
-0.00030260651291369803,0.0,0.0,0.5434137502676922,0.0015497385670310197,1,,,,0.0404448207405481
-0.5266933537847551,0.0,0.0,0.05418703329399144,0.08900423978798605,0,,,,-0.96073965965497
-0.4977873084810371,0.0,0.0,0.08309307859770942,0.08900423978798641,1,,,,-0.905760950212065
0.47793699777610826,0.0,0.0,0.9617086903785083,0.001549738566114821,0,,,,0.9500468078693134
-0.23488326758622133,0.0,0.0,0.7779944113409952,0.0015497385673000881,0,,,,-0.4057228189543605
-0.09042773699533554,0.0,0.0,0.6335388807501113,0.0015497385671957708,1,,,,-0.130971341873009
0.4585992125551045,0.0,0.0,0.9423709051575045,0.0015497385663223828,1,,,,0.9132667342285196
-0.38505034558846557,0.0,0.0,0.9281614893432383,0.0015497385673314847,0,,,,-0.6913375428859502
0.2189700824941803,0.0,0.0,0.702741775096582,0.0015497385668027256,1,,,,0.4574970093405187
0.16919839429034986,0.0,0.0,0.652970086892752,0.0015497385668910004,0,,,,0.3628322720687864
-0.5764530345565708,0.0,0.0,0.08222715057917862,0.08900423978798193,0,,,,-1.0553815590355635
-0.16596533497962868,0.0,0.0,0.7090764787344034,0.0015497385672699933,0,,,,-0.2746423147770489
0.5376079016638088,0.0,0.0,1.0213795942662083,0.0015497385659138758,1,,,,1.063539651756036
-0.5614868743514773,0.0,0.0,0.06726099037408506,0.08900423978798237,1,,,,-1.0269162271388488
-0.24608450113677452,0.0,0.0,0.7891956448915484,0.001549738567305061,0,,,,-0.427027337033794
0.47522814870104135,0.0,0.0,0.9589998413034414,0.0015497385661773664,0,,,,0.9448946320992286
-0.33950310823245244,0.0,0.0,0.8826142519872257,0.0015497385673266166,1,,,,-0.6047076250880568
-0.5477065844171649,0.0,0.0,0.05348070043977271,0.0890042397879838,1,,,,-1.0007063963447311
0.18381977992617635,0.0,0.0,0.6675914725285784,0.0015497385668654245,0,,,,0.3906418497567233
0.43497667842317644,0.0,0.0,0.9187483710255769,0.0015497385663667236,1,,,,0.8683371554259385
0.4343344413261972,0.0,0.0,0.9181061339285977,0.0015497385663688044,1,,,,0.8671156335478234
0.5088912366641505,0.0,0.0,0.9926629292665504,0.001549738565924916,1,,,,1.0089211397943745
-0.23059666991855607,0.0,0.0,0.7737078136733301,0.0015497385672990846,0,,,,-0.3975697974949052
0.13636040755001974,0.0,0.0,0.6201321001524224,0.0015497385669282792,0,,,,0.3003750900946627
-0.29328999218498725,0.0,0.0,0.8364011359397608,0.0015497385673151375,1,,,,-0.5168112195808654
-0.5550157414522525,0.0,0.0,0.06078985747486032,0.08900423978798301,0,,,,-1.0146082641610443
0.216333004556894,0.0,0.0,0.7001046971592958,0.0015497385668013035,0,,,,0.4524813408127415
0.42111430092088714,0.0,0.0,0.9048859935232877,0.001549738566392323,0,,,,0.8419711957493929
0.1780250052543893,0.0,0.0,0.6617966978567914,0.0015497385668776897,0,,,,0.3796203063522262
-0.5354548741592896,0.0,0.0,0.045425512919456956,0.08900423978798583,1,,,,-0.9774038929628608
-0.2295478208831028,0.0,0.0,0.7726589646378769,0.0015497385672984176,1,,,,-0.3955749079912123
0.2813419496391433,0.0,0.0,0.7651136422415447,0.001549738566719683,0,,,,0.5761270303324709
0.46124420218934237,0.0,0.0,0.9450158947917425,0.0015497385663102185,0,,,,0.9182974506427624
0.164076628934436,0.0,0.0,0.6478483215368384,0.0015497385669002344,1,,,,0.3530907786760078
-0.5556990146167795,0.0,0.0,0.06147313063938731,0.08900423978798278,1,,,,-1.0159078358038602
0.5070645472138098,0.0,0.0,0.9908362398162097,0.001549738565927364,0,,,,1.005446813663716
0.4984614211409404,0.0,0.0,0.9822331137433403,0.0015497385659419996,0,,,,0.9890838430916008
0.5024364907357853,0.0,0.0,0.9862081833381852,0.0015497385659344826,1,,,,0.996644344501394
-0.255347684591364,0.0,0.0,0.7984588283461379,0.001549738567307139,0,,,,-0.4446457233026585
0.4969432226033229,0.0,0.0,0.980714915205723,0.00154973856594038,0,,,,0.9861962603939574
0.3374304322884909,0.0,0.0,0.821202124890892,0.0015497385666640622,0,,,,0.6828061819864424
-0.37632295598604354,0.0,0.0,0.9194340997408162,0.0015497385673303448,1,,,,-0.6747382256114811
0.42818637306739166,0.0,0.0,0.9119580656697922,0.0015497385663792301,1,,,,0.8554221329362908
0.5072364975697028,0.0,0.0,0.9910081901721027,0.0015497385659268325,0,,,,1.0057738597385393
-0.5564856268022619,0.0,0.0,0.06225974282486968,0.08900423978798284,0,,,,-1.017403956159844
0.08691188996846808,0.0,0.0,0.5706835825708715,0.0015497385669572452,0,,,,0.2063250167645406
-0.2497725449499393,0.0,0.0,0.7928836887047132,0.0015497385673061456,0,,,,-0.4340419212526394
-0.3236438432861506,0.0,0.0,0.8667549870409238,0.001549738567322329,0,,,,-0.5745436261632841
-0.22149238617287564,0.0,0.0,0.7646035299276498,0.0015497385672949414,0,,,,-0.3802536352361009
0.4110495201199956,0.0,0.0,0.8948212127223963,0.0015497385664077754,0,,,,0.8228281876538659
0.47658640408466063,0.0,0.0,0.9603580966870607,0.0015497385661360564,1,,,,0.947478006175504
-0.465638869711075,0.0,0.0,1.0087500134658471,0.001549738567332397,1,,,,-0.844615274433669
0.477478568404589,0.0,0.0,0.9612502610069892,0.001549738566112457,0,,,,0.9491748845414408
-0.05508119832174895,0.0,0.0,0.5981923420765255,0.0015497385671323302,1,,,,-0.0637429452131045
0.3390227261858628,0.0,0.0,0.8227944187882638,0.0015497385666604774,1,,,,0.6858346925492506
-0.19793545279917718,0.0,0.0,0.7410465965539516,0.0015497385672854538,1,,,,-0.3354488277395924
-0.19628936517045867,0.0,0.0,0.739400508925233,0.0015497385672848462,1,,,,-0.3323180025953712
-0.3872426217077401,0.0,0.0,0.9303537654625128,0.00154973856733194,1,,,,-0.6955072074150759
0.4967128615921866,0.0,0.0,0.9804845541945865,0.0015497385659486362,0,,,,0.9857581184425016
0.34321314756563664,0.0,0.0,0.8269848401680376,0.0015497385666535383,1,,,,0.6938047886679435
-0.32612899193261496,0.0,0.0,0.8692401356873881,0.0015497385673229147,1,,,,-0.5792703282742373
-0.1797594276190642,0.0,0.0,0.7228705713738387,0.001549738567276148,1,,,,-0.3008783980351933
-0.5480265963604894,0.0,0.0,0.05380071238309725,0.08900423978798361,0,,,,-1.0013150525433028
-0.01966910788189906,0.0,0.0,0.5627802516366768,0.001549738567051927,0,,,,0.0036101295711505
0.37834250523530233,0.0,0.0,0.862114197837703,0.0015497385664696673,1,,,,0.7606201114816808
-0.3882545688802493,0.0,0.0,0.931365712635022,0.001549738567331988,0,,,,-0.6974319103270233
-0.27420315036609927,0.0,0.0,0.817314294120873,0.0015497385673116607,1,,,,-0.4805084351799721
-0.5227814709453446,0.0,0.0,0.05809891613340201,0.08900423978798609,0,,,,-0.9532993381670984
-0.3047383268513554,0.0,0.0,0.8478494706061289,0.0015497385673168631,1,,,,-0.5385857189499104
-0.5585494382713481,0.0,0.0,0.06432355429395586,0.08900423978798279,0,,,,-1.0213292835407304
-0.3651115713043258,0.0,0.0,0.9082227150590988,0.0015497385673278175,0,,,,-0.6534144002873192
-0.061095727741997195,0.0,0.0,0.6042068714967738,0.0015497385671409852,0,,,,-0.0751824576734652
0.421935702882517,0.0,0.0,0.9057073954849176,0.0015497385663885395,1,,,,0.8435334855510516
0.499759738008903,0.0,0.0,0.9835314306113029,0.0015497385659385935,0,,,,0.9915532153318553
0.5115154491476405,0.0,0.0,0.9952871417500403,0.00154973856592126,0,,,,1.0139123384910596
-0.4228588262497534,0.0,0.0,0.9659699700045258,0.0015497385673342863,1,,,,-0.7632485030644867
0.3449990471013193,0.0,0.0,0.8287707397037202,0.0015497385666499348,0,,,,0.6972015332116838
0.26977702356296074,0.0,0.0,0.7535487161653621,0.0015497385667345832,0,,,,0.5541307764765575
0.4096896618119946,0.0,0.0,0.8934613544143953,0.0015497385664061405,0,,,,0.820241764848063
0.31675058204242157,0.0,0.0,0.8005222746448227,0.0015497385666923603,0,,,,0.6434735280015961
-0.5006930380237462,0.0,0.0,0.08018734905500036,0.0890042397879863,1,,,,-0.9112875886217724
-0.4793868900113853,0.0,0.0,1.0224980337661567,0.001549738567330701,1,,,,-0.8707637290411452
0.5130046636864988,0.0,0.0,0.9967763562888986,0.0015497385659205777,1,,,,1.0167447942133756
0.25590004397048516,0.0,0.0,0.7396717365728865,0.00154973856674042,0,,,,0.5277370439218761
-0.4107047486983312,0.0,0.0,0.9538158924531036,0.0015497385673336763,1,,,,-0.7401316951018205
0.4866438701927739,0.0,0.0,0.9704155627951739,0.0015497385659869853,0,,,,0.966607101874344
-0.30165948576591406,0.0,0.0,0.8447706295206877,0.0015497385673167545,0,,,,-0.5327298259116612
0.3241126309431044,0.0,0.0,0.8078843235455054,0.0015497385666873862,1,,,,0.6574759950690312
-0.37892075227605004,0.0,0.0,0.9220318960308228,0.001549738567330613,1,,,,-0.6796791812461751
0.4558579846576255,0.0,0.0,0.9396296772600258,0.0015497385663393707,1,,,,0.9080529745976614
-0.07041326657683677,0.0,0.0,0.6135244103316132,0.001549738567163463,0,,,,-0.0929042267685181
0.22229006502246873,0.0,0.0,0.7060617576248706,0.0015497385667940962,0,,,,0.4638115484917741
0.3753824683352689,0.0,0.0,0.8591541609376697,0.001549738566488452,1,,,,0.7549901815844118
-0.31437340741476116,0.0,0.0,0.8574845511695345,0.0015497385673183175,1,,,,-0.5569114459453749
0.41380655495837815,0.0,0.0,0.8975782475607786,0.0015497385664013266,0,,,,0.8280720117643852
-0.5466642714908758,0.0,0.0,0.05243838751348362,0.08900423978798386,1,,,,-0.9987239383875488
0.1613117400726362,0.0,0.0,0.6450834326750384,0.0015497385669008357,0,,,,0.3478320163729105
-0.24828987167189723,0.0,0.0,0.7914010154266712,0.0015497385673055857,1,,,,-0.4312219068751711
-0.34829569518374254,0.0,0.0,0.8914068389385156,0.001549738567326888,1,,,,-0.621430946392209
-0.32718901616280804,0.0,0.0,0.8703001599175814,0.001549738567323465,0,,,,-0.5812864727707219
0.18624446231257993,0.0,0.0,0.670016154914982,0.001549738566859109,1,,,,0.3952535462725474
-0.043913414936874624,0.0,0.0,0.5870245586916515,0.0015497385670969785,0,,,,-0.0425020486675181
0.5214925722995475,0.0,0.0,1.0052642649019474,0.0015497385659147388,1,,,,1.0328886235235273
0.490689436494551,0.0,0.0,0.974461129096951,0.0015497385659743895,1,,,,0.974301686584927
-0.3559484730298501,0.0,0.0,0.8990596167846231,0.0015497385673272498,0,,,,-0.6359863739926124
-0.2973867127122534,0.0,0.0,0.840497856467027,0.0015497385673158648,1,,,,-0.5246030985864789
-0.05680723156653373,0.0,0.0,0.5999183753213103,0.0015497385671363062,0,,,,-0.0670258252908442
0.46770543602174547,0.0,0.0,0.9514771286241456,0.0015497385662761075,0,,,,0.9305865857970848
0.20404697683014822,0.0,0.0,0.68781866943255,0.001549738566830688,1,,,,0.4291135663040179
-0.1632028256567494,0.0,0.0,0.7063139694115242,0.0015497385672635436,0,,,,-0.2693880783085147
0.01532448556529525,0.0,0.0,0.5277866581894839,0.0015497385670171695,1,,,,0.0701672315988354
0.1941915039341943,0.0,0.0,0.6779631965365963,0.0015497385668428365,0,,,,0.4103686575807418
0.121892417646153,0.0,0.0,0.6056641102485557,0.0015497385669381062,1,,,,0.2728572679647271
-0.4422904368037277,0.0,0.0,0.9854015805584998,0.0015497385673343832,1,,,,-0.800207030577665
-0.39735447668002555,0.0,0.0,0.9404656204347982,0.0015497385673326654,1,,,,-0.7147397496258421
0.46084527122757435,0.0,0.0,0.9446169638299745,0.0015497385663163004,0,,,,0.9175386920784422
-0.238339810790233,0.0,0.0,0.7814509545450069,0.0015497385673020367,0,,,,-0.4122970937295322
-0.404912058935547,0.0,0.0,0.9480232026903196,0.0015497385673333389,0,,,,-0.729114117151784
0.2745714590383563,0.0,0.0,0.7583431516407576,0.0015497385667244522,1,,,,0.5632496951032652
0.48493259703101266,0.0,0.0,0.9687042896334127,0.0015497385659940422,1,,,,0.9633522951738988
0.4513688677317994,0.0,0.0,0.9351405603341997,0.0015497385663473249,1,,,,0.8995147656338612
0.1373359636310974,0.0,0.0,0.6211076562335,0.0015497385669273741,1,,,,0.3022305778918789
0.4066018005575498,0.0,0.0,0.8903734931599504,0.00154973856641215,0,,,,0.8143687156320816
-0.44545462954388754,0.0,0.0,0.9885657732986598,0.0015497385673343058,0,,,,-0.8062252607248453
-0.1853796865197305,0.0,0.0,0.7284908302745049,0.0015497385672760978,1,,,,-0.3115680159973533
0.21218162191056683,0.0,0.0,0.6959533145129685,0.0015497385668137018,1,,,,0.4445854955699687
0.5035984090771435,0.0,0.0,0.9873701016795434,0.001549738565932779,0,,,,0.9988542895220536
-0.03813831720659174,0.0,0.0,0.5812494609613691,0.0015497385670806237,1,,,,-0.0315179304050049
-0.5444282964251898,0.0,0.0,0.05020241244779755,0.08900423978798441,0,,,,-0.9944711593523576
-0.38795826715243076,0.0,0.0,0.9310694109072034,0.0015497385673318828,1,,,,-0.696868350475442
-0.044942700284933156,0.0,0.0,0.5880538440397102,0.001549738567113429,1,,,,-0.0444597284362366
0.44511186302904393,0.0,0.0,0.9288835556314442,0.0015497385663526455,1,,,,0.8876140701246268
-0.4005170795704267,0.0,0.0,0.9436282233251992,0.0015497385673329438,1,,,,-0.7207549559111617
-0.12142343820659382,0.0,0.0,0.6645345819613692,0.0015497385672335591,0,,,,-0.1899245342923704
0.14734318669499147,0.0,0.0,0.6311148792973941,0.0015497385669176209,0,,,,0.3212641123439059
0.44128361234320046,0.0,0.0,0.9250553049456008,0.0015497385663596954,0,,,,0.8803328152895173
0.5216443434106082,0.0,0.0,1.005416036013008,0.0015497385659148165,1,,,,1.033177289085667
0.28715039891556354,0.0,0.0,0.7709220915179648,0.0015497385667167188,0,,,,0.5871745825564719
0.3482385960791894,0.0,0.0,0.8320102886815902,0.0015497385666451656,1,,,,0.7033630893882207
0.05386259135850222,0.0,0.0,0.5376342839609064,0.0015497385669798846,0,,,,0.1434659239181246
-0.12252005279482536,0.0,0.0,0.6656311965496006,0.0015497385672367707,1,,,,-0.1920102729046142
-0.41161920421934883,0.0,0.0,0.9547303479741213,0.0015497385673337036,0,,,,-0.7418709708782278
-0.32730936256558807,0.0,0.0,0.8704205063203613,0.0015497385673234614,0,,,,-0.5815153691777337
-0.21053711481092563,0.0,0.0,0.7536482585657,0.0015497385672916743,1,,,,-0.3594169322299184
-0.3952962277386762,0.0,0.0,0.9384073714934488,0.0015497385673324926,0,,,,-0.7108250020594201
0.24863783018452607,0.0,0.0,0.7324095227869275,0.0015497385667440488,0,,,,0.5139244612093199
-0.44107132019833767,0.0,0.0,0.9841824639531099,0.0015497385673344404,1,,,,-0.7978882956237646
-0.28575047935895387,0.0,0.0,0.8288616231137275,0.001549738567313226,1,,,,-0.5024712197417928
-0.4346347147749912,0.0,0.0,0.9777458585297635,0.0015497385673344404,1,,,,-0.7856460032018651
0.508029959302367,0.0,0.0,0.9918016519047671,0.0015497385659257478,0,,,,1.0072830077937596
-0.5278554315981026,0.0,0.0,0.05302495548064401,0.08900423978798587,1,,,,-0.9629499079881052
-0.13611576816445844,0.0,0.0,0.6792269119192335,0.0015497385672485536,1,,,,-0.2178690466359123
-0.1495783488173817,0.0,0.0,0.6926894925721568,0.0015497385672543643,1,,,,-0.2434746008475616
0.37311994893304135,0.0,0.0,0.8568916415354421,0.0015497385664926082,0,,,,0.7506869157617431
-0.10320681065819429,0.0,0.0,0.6463179544129699,0.0015497385672255915,0,,,,-0.1552768797104323
-0.42251998518622247,0.0,0.0,0.9656311289409948,0.0015497385673343181,1,,,,-0.7626040342627722
0.4258000886387212,0.0,0.0,0.9095717812411218,0.0015497385663834225,1,,,,0.85088346855403
-0.5671132691116684,0.0,0.0,0.07288738513427617,0.08900423978798194,0,,,,-1.037617515380857
-0.23290551246984778,0.0,0.0,0.7760166562246217,0.0015497385672995126,0,,,,-0.4019611690036377
-0.5545176241184206,0.0,0.0,0.06029174014102845,0.0890042397879828,0,,,,-1.0136608551371715
-0.4670509547550223,0.0,0.0,1.0101620985097943,0.0015497385673322098,0,,,,-0.8473010314275482
0.5184399439317866,0.0,0.0,1.0022116365341867,0.0015497385659167331,1,,,,1.027082586540436
-0.24445812336069453,0.0,0.0,0.7875692671154685,0.0015497385673047346,1,,,,-0.4239339996278639
0.2211966414194993,0.0,0.0,0.704968334021901,0.0015497385667919705,1,,,,0.4617318790685086
0.34718681784109995,0.0,0.0,0.8309585104435008,0.0015497385666466562,0,,,,0.7013626286007725
0.15859821816022024,0.0,0.0,0.6423699107626227,0.0015497385669057807,0,,,,0.3426709529613589
0.09673627875518839,0.0,0.0,0.5805079713575917,0.001549738566953502,0,,,,0.2250108041451394
-0.5396753811655207,0.0,0.0,0.04544949718812852,0.08900423978798536,0,,,,-0.9854312113303264
-0.007837302276666083,0.0,0.0,0.5509484460314443,0.0015497385670414426,1,,,,0.0261139828558255
0.5081243544823499,0.0,0.0,0.9918960470847499,0.0015497385659253237,1,,,,1.0074625455035555
-0.39789717702030825,0.0,0.0,0.9410083207750809,0.0015497385673328974,1,,,,-0.7157719546199695
-0.5747275374426847,0.0,0.0,0.08050165346529248,0.0890042397879818,0,,,,-1.052099698667874
0.525895352022442,0.0,0.0,1.009667044624842,0.0015497385659145884,0,,,,1.0412626208857676
0.43466962968392986,0.0,0.0,0.9184413222863302,0.0015497385663693244,0,,,,0.8677531549775036
0.5008101832258343,0.0,0.0,0.9845818758282342,0.0015497385659354766,1,,,,0.99355114074021
0.10721924161297544,0.0,0.0,0.5909909342153784,0.0015497385669456588,0,,,,0.2449491859958351
0.15565943514300348,0.0,0.0,0.6394311277454058,0.0015497385669056346,0,,,,0.3370814475163328
0.26132784507793166,0.0,0.0,0.745099537680333,0.0015497385667393585,1,,,,0.5380606110810889
0.22650657342201438,0.0,0.0,0.7102782660244159,0.0015497385667835306,1,,,,0.4718312615907629
0.5072648706293392,0.0,0.0,0.9910365632317392,0.001549738565926906,0,,,,1.0058278247200982
-0.05568200020039745,0.0,0.0,0.598793143955174,0.0015497385671315626,0,,,,-0.0648856581498589
0.22951301269419527,0.0,0.0,0.7132847052965968,0.0015497385667765154,0,,,,0.4775494478547867
0.4909270135642667,0.0,0.0,0.9746987061666667,0.0015497385659688262,0,,,,0.9747535533328324
0.3594462402671531,0.0,0.0,0.843217932869554,0.0015497385666259562,0,,,,0.7246798003694446
-0.48026520785680166,0.0,0.0,1.023376351611573,0.0015497385673307307,0,,,,-0.872434271694569
0.29710905561420076,0.0,0.0,0.7808807482166019,0.001549738566704719,1,,,,0.6061157447709237
-0.21801396671010143,0.0,0.0,0.7611251104648756,0.0015497385672927969,0,,,,-0.373637752262313
-0.546536833285731,0.0,0.0,0.052310949308338794,0.08900423978798398,0,,,,-0.9984815535168768
-0.33187975647707085,0.0,0.0,0.874990900231844,0.0015497385673242977,0,,,,-0.5902081653128977
-0.4967767123033581,0.0,0.0,0.08410367477538838,0.08900423978798622,1,,,,-0.9038388168647692
-0.3202616467553346,0.0,0.0,0.863372790510108,0.0015497385673198427,0,,,,-0.5681107572463238
0.16330641484025857,0.0,0.0,0.6470781074426609,0.0015497385668995119,0,,,,0.3516258471557087
-0.32567922211335243,0.0,0.0,0.8687903658681256,0.0015497385673225424,1,,,,-0.5784148752383894
-0.3108933675670449,0.0,0.0,0.8540045113218183,0.0015497385673175251,0,,,,-0.5502924810324293
0.4161558269081304,0.0,0.0,0.8999275195105311,0.0015497385663983568,0,,,,0.8325402791655708
-0.20955004093638094,0.0,0.0,0.7526611846911552,0.0015497385672892626,0,,,,-0.3575395378241089
0.4179444370695749,0.0,0.0,0.9017161296719755,0.001549738566397832,1,,,,0.8359421792643033
0.47177565767325025,0.0,0.0,0.9555473502756503,0.0015497385662738917,0,,,,0.9383280644806984
-0.3589112961022267,0.0,0.0,0.9020224398569997,0.0015497385673273367,1,,,,-0.6416216031329326
-0.5453497967809441,0.0,0.0,0.051123912803551885,0.08900423978798422,0,,,,-0.9962238342609534
0.3615897309201185,0.0,0.0,0.8453614235225194,0.001549738566617027,0,,,,0.7287566759352561
0.31210000808977034,0.0,0.0,0.7958717006921717,0.0015497385666975315,1,,,,0.6346282310611437
0.14580545763276345,0.0,0.0,0.629577150235166,0.0015497385669222907,0,,,,0.3183393829862282
0.11463045574010505,0.0,0.0,0.5984021483425078,0.0015497385669429784,0,,,,0.2590451643226318
0.035314500668843896,0.0,0.0,0.5190861932712486,0.0015497385669887827,0,,,,0.1081878331923686
0.11678139300868981,0.0,0.0,0.6005530856110927,0.0015497385669394983,1,,,,0.2631362031996873
0.0223633234695766,0.0,0.0,0.5207478202852026,0.001549738567009735,1,,,,0.0835549579339012
-0.22448543678562513,0.0,0.0,0.7675965805403991,0.0015497385672960534,1,,,,-0.3859463565425709
-0.2745288277075649,0.0,0.0,0.8176399714623387,0.0015497385673126417,1,,,,-0.4811278668504218
-0.5035639850611034,0.0,0.0,0.07731640201764312,0.08900423978798612,1,,,,-0.91674807141471
-0.4567963087672524,0.0,0.0,0.9999074525220245,0.0015497385673336867,1,,,,-0.8277969036135322
-0.18366820869557518,0.0,0.0,0.7267793524503495,0.0015497385672769844,1,,,,-0.3083128200332029
-0.18794606954719673,0.0,0.0,0.7310572133019709,0.0015497385672807997,1,,,,-0.3164492242464845
0.4189405723662532,0.0,0.0,0.9027122649686538,0.0015497385663949684,0,,,,0.8378368083104584
-0.5570333018808319,0.0,0.0,0.06280741790343969,0.08900423978798273,1,,,,-1.0184456230048742
0.4770566177472243,0.0,0.0,0.9608283103496243,0.001549738566108823,0,,,,0.9483723429849342
-0.32630050598410526,0.0,0.0,0.8694116497388785,0.001549738567322855,0,,,,-0.5795965445069728
-0.5202310110023034,0.0,0.0,0.06064937607644316,0.089004239787986,0,,,,-0.9484484153002408
-0.23425007706352077,0.0,0.0,0.7773612208182948,0.0015497385673003375,0,,,,-0.4045185034762734
-0.4665966518948689,0.0,0.0,1.009707795649641,0.001549738567332228,0,,,,-0.8464369566402495
0.36457075592554217,0.0,0.0,0.848342448527943,0.0015497385666216384,0,,,,0.7344265247815159
-0.5060056209882018,0.0,0.0,0.07487476609054478,0.08900423978798626,0,,,,-0.9213920132196456
-0.2187021234153415,0.0,0.0,0.7618132671701158,0.0015497385672925276,1,,,,-0.3749466123001029
-0.44111360119194165,0.0,0.0,0.9842247449467137,0.001549738567334376,0,,,,-0.7979687132124692
0.3232753526859899,0.0,0.0,0.807047045288391,0.001549738566687931,1,,,,0.6558835088767108
0.4176552005222265,0.0,0.0,0.9014268931246271,0.00154973856639743,1,,,,0.8353920572420808
-0.32808271215953816,0.0,0.0,0.8711938559143114,0.0015497385673236713,0,,,,-0.5829862643547402
0.5129921709326009,0.0,0.0,0.9967638635350008,0.001549738565920605,0,,,,1.0167210332498997
-0.5093335127107577,0.0,0.0,0.0715468743679889,0.08900423978798616,1,,,,-0.9277215954973124
0.4634481135434198,0.0,0.0,0.94721980614582,0.0015497385663022741,0,,,,0.9224892451515102
-0.5291185759149961,0.0,0.0,0.05176181116375045,0.08900423978798594,0,,,,-0.9653523827525798
0.33071594377874725,0.0,0.0,0.8144876363811483,0.0015497385666787004,1,,,,0.6700353615938155
0.04411224205509279,0.0,0.0,0.5278839346574972,0.0015497385669812275,0,,,,0.1249209581268329
-0.29105146780227,0.0,0.0,0.8341626115570436,0.0015497385673150926,1,,,,-0.5125535917966025
0.29704311753289203,0.0,0.0,0.7808148101352933,0.0015497385667046424,0,,,,0.6059903318832248
0.1754755171237516,0.0,0.0,0.6592472097261536,0.0015497385668785289,1,,,,0.3747712318527672
-0.14838211654850564,0.0,0.0,0.6914932603032807,0.00154973856725359,0,,,,-0.2411993914356292
0.4473393546188647,0.0,0.0,0.931111047221265,0.001549738566349213,0,,,,0.8918507137615036
0.45976131150839217,0.0,0.0,0.9435330041107922,0.0015497385663177468,0,,,,0.9154770227693906
-0.5244465879589317,0.0,0.0,0.05643379911981483,0.08900423978798604,0,,,,-0.9564663568137712
-0.01249167841217267,0.0,0.0,0.5556028221669508,0.0015497385670502392,1,,,,0.0172614542410207
-0.5398888107771558,0.0,0.0,0.04566292679976358,0.08900423978798531,0,,,,-0.9858371501047698
0.019688767683017867,0.0,0.0,0.5234223760717613,0.001549738567011052,1,,,,0.0784680073001132
-0.5008324426166514,0.0,0.0,0.08004794446209518,0.08900423978798627,0,,,,-0.9115527333182472
0.4258978002187066,0.0,0.0,0.9096694928211072,0.001549738566382449,1,,,,0.8510693139890861
0.47701800284058865,0.0,0.0,0.9607896954429888,0.0015497385661084636,1,,,,0.9482988982189768
-0.17179324355707237,0.0,0.0,0.7149043873118471,0.0015497385672698335,1,,,,-0.285726878195272
-0.3530181405507182,0.0,0.0,0.8961292843054912,0.0015497385673271574,1,,,,-0.6304129412989128
-0.40847558263443384,0.0,0.0,0.9515867263892063,0.0015497385673335475,0,,,,-0.7358918666493538
0.40740870819034425,0.0,0.0,0.891180400792745,0.0015497385664117224,1,,,,0.8159034375154989
0.28415153037247853,0.0,0.0,0.7679232229748799,0.001549738566716283,0,,,,0.5814707956649966
0.1923797901189375,0.0,0.0,0.6761514827213396,0.0015497385668432001,0,,,,0.4069228148030068
0.5199916888739787,0.0,0.0,1.0037633814763787,0.0015497385659155737,0,,,,1.0300339738163464
-0.5147075592228364,0.0,0.0,0.06617282785591017,0.08900423978798622,0,,,,-0.9379429225109468
0.5214122056798739,0.0,0.0,1.0051838982822736,0.0015497385659149704,0,,,,1.0327357678497222
0.5120806745992756,0.0,0.0,0.9958523672016756,0.0015497385659211317,0,,,,1.014987385788214
-0.13292469082778702,0.0,0.0,0.6760358345825622,0.0015497385672431439,0,,,,-0.2117996825337211
-0.5519620815383832,0.0,0.0,0.05773619756099102,0.08900423978798334,0,,,,-1.0088002651982644
-0.09669730105132285,0.0,0.0,0.6398084448060984,0.0015497385672187066,0,,,,-0.142895925016296
-0.16579519659857866,0.0,0.0,0.7089063403533534,0.001549738567267132,0,,,,-0.2743187150414727
-0.22563531958133026,0.0,0.0,0.7687464633361044,0.0015497385672974134,1,,,,-0.3881334102005245
-0.44788185601948627,0.0,0.0,0.9909929997742585,0.0015497385673342613,0,,,,-0.8108417960465036
0.4558214914222,0.0,0.0,0.9395931840246002,0.001549738566339294,0,,,,0.907983565207134
0.40427461337668574,0.0,0.0,0.8880463059790863,0.0015497385664147451,0,,,,0.8099424530115245
-0.4044072698570219,0.0,0.0,0.9475184136117943,0.001549738567333208,1,,,,-0.7281540186053871
0.40803391181970394,0.0,0.0,0.8918056044221047,0.0015497385664091112,1,,,,0.8170925620851195
-0.3785921657681327,0.0,0.0,0.9217033095229054,0.0015497385673305312,0,,,,-0.6790542164003848
0.39307715267420057,0.0,0.0,0.8768488452766013,0.0015497385664235694,0,,,,0.7886451108122753
-0.4648858931253195,0.0,0.0,1.0079970368800915,0.0015497385673323273,1,,,,-0.8431831283033149
0.1648745704635458,0.0,0.0,0.6486462630659481,0.0015497385668999835,0,,,,0.3546084472128282
-0.5039127328585039,0.0,0.0,0.07696765422024265,0.08900423978798626,0,,,,-0.9174113826224756
0.4872994695408789,0.0,0.0,0.9710711621432789,0.0015497385659781423,1,,,,0.9678540384819534
-0.4536730240730152,0.0,0.0,0.9967841678277872,0.0015497385673338632,0,,,,-0.8218564797365291
-0.4589345989458544,0.0,0.0,1.0020457427006266,0.001549738567333393,1,,,,-0.8318638879830218
0.10215313192319536,0.0,0.0,0.5859248245255985,0.0015497385669481784,0,,,,0.2353135485465131
0.4130415938094979,0.0,0.0,0.8968132864118984,0.001549738566405199,1,,,,0.8266170712390555
0.3361230028210534,0.0,0.0,0.8198946954234544,0.0015497385666650917,0,,,,0.6803194777675816
0.4671775460444043,0.0,0.0,0.9509492386468045,0.0015497385662811205,0,,,,0.929582549811632
0.3934583437358403,0.0,0.0,0.8772300363382409,0.0015497385664224555,0,,,,0.7893701284478573
-0.11272875148372177,0.0,0.0,0.6558398952384971,0.0015497385672324604,0,,,,-0.1733874172287512
0.390402601551408,0.0,0.0,0.8741742941538088,0.00154973856642397,0,,,,0.7835581690488755
-0.5107858716791221,0.0,0.0,0.07009451539962441,0.0890042397879862,1,,,,-0.9304839526751808
0.5025276402702599,0.0,0.0,0.9862993328726598,0.00154973856593465,0,,,,0.9968177090595368
0.5143744098487933,0.0,0.0,0.9981461024511932,0.001549738565919556,0,,,,1.0193500235166604
0.29167968534036015,0.0,0.0,0.7754513779427613,0.001549738566709858,0,,,,0.5957891930891883
-0.3695002272639025,0.0,0.0,0.9126113710186753,0.0015497385673288978,0,,,,-0.6617615345393854
-0.29614519865024114,0.0,0.0,0.8392563424050147,0.0015497385673156811,0,,,,-0.5222417641262483
0.2818752512174542,0.0,0.0,0.7656469438198555,0.0015497385667200298,0,,,,0.5771413590727511
0.4446637585552089,0.0,0.0,0.9284354511576093,0.0015497385663520873,1,,,,0.8867617845418642
-0.4686835154415547,0.0,0.0,1.011794659196327,0.001549738567331944,0,,,,-0.8504061286032324
-0.19162659153312883,0.0,0.0,0.7347377352879031,0.0015497385672813497,0,,,,-0.3234495021031291
-0.311674037610537,0.0,0.0,0.8547851813653103,0.0015497385673175536,0,,,,-0.5517772995553705
-0.5793254920641888,0.0,0.0,0.08509960808679662,0.08900423978798191,1,,,,-1.060844914712174
0.4769967431586504,0.0,0.0,0.9607684357610505,0.0015497385661082694,1,,,,0.9482584627369228
-0.18692143841608327,0.0,0.0,0.7300325821708576,0.0015497385672795887,0,,,,-0.3145003967036038
-0.522249319918192,0.0,0.0,0.05863106716055455,0.08900423978798612,0,,,,-0.9522871977516886
-0.5330371062438026,0.0,0.0,0.047843280834943935,0.089004239787986,0,,,,-0.9728053476298942
-0.5537055749990998,0.0,0.0,0.05947969102170758,0.08900423978798296,1,,,,-1.012116354251097
0.4992062146559836,0.0,0.0,0.9829779072583834,0.0015497385659400862,0,,,,0.9905004251881234
-0.43013314568549993,0.0,0.0,0.9732442894402723,0.0015497385673343858,0,,,,-0.7770841104763848
0.5053526424413339,0.0,0.0,0.9891243350437339,0.0015497385659287528,0,,,,1.0021908056525557
-0.1345859585185984,0.0,0.0,0.6776971022733734,0.0015497385672457043,0,,,,-0.214959379846873
-0.372945896138474,0.0,0.0,0.9160570398932467,0.0015497385673290233,0,,,,-0.6683151265614377
-0.122092692423214,0.0,0.0,0.6652038361779892,0.0015497385672370509,1,,,,-0.1911974421817892
0.17868914286160983,0.0,0.0,0.6624608354640119,0.0015497385668716973,1,,,,0.380883482554776
-0.5473668167797308,0.0,0.0,0.05314093280233856,0.08900423978798394,1,,,,-1.000060165218324
-0.10762823516340203,0.0,0.0,0.6507393789181773,0.0015497385672233444,1,,,,-0.163686339068897
-0.5350142586248946,0.0,0.0,0.04586612845385196,0.08900423978798591,0,,,,-0.9765658511903872
-0.4681057057797144,0.0,0.0,1.0112168495344864,0.0015497385673320717,1,,,,-0.8493071463945684
0.20300300158226617,0.0,0.0,0.6867746941846681,0.0015497385668305102,0,,,,0.4271279466450219
0.48103923206834454,0.0,0.0,0.9648109246707447,0.0015497385660073835,1,,,,0.9559471943104408
0.142979933226407,0.0,0.0,0.6267516258288094,0.0015497385669261063,1,,,,0.3129652931123385
0.2644223747566659,0.0,0.0,0.7481940673590673,0.0015497385667376533,1,,,,0.5439463435042542
-0.44095474091613424,0.0,0.0,0.9840658846709064,0.0015497385673344302,1,,,,-0.7976665642033651
-0.466320162605683,0.0,0.0,1.009431306360455,0.0015497385673322072,1,,,,-0.8459110796434308
0.3164441438496887,0.0,0.0,0.8002158364520898,0.0015497385666933385,1,,,,0.6428906888001955
0.37269883255266495,0.0,0.0,0.8564705251550658,0.0015497385665281082,0,,,,0.7498859609830766
0.4484975352915165,0.0,0.0,0.9322692278939168,0.0015497385663470484,0,,,,0.8940535498124081
0.15933455872020988,0.0,0.0,0.6431062513226123,0.0015497385669052059,1,,,,0.3440714577095297
-0.5394412928666121,0.0,0.0,0.04521540888921993,0.08900423978798554,0,,,,-0.9849859801534409
0.1955364891211887,0.0,0.0,0.6793081817235905,0.001549738566839,1,,,,0.4129267920133087
-0.2629497468416115,0.0,0.0,0.8060608905963854,0.0015497385673104895,1,,,,-0.4591046908726525
-0.5101931010997363,0.0,0.0,0.0706872859790103,0.08900423978798622,1,,,,-0.9293565151060516
0.2750453939476804,0.0,0.0,0.7588170865500817,0.0015497385667249453,0,,,,0.5641511096482437
-0.4434534748972324,0.0,0.0,0.9865646186520046,0.0015497385673344547,0,,,,-0.8024191053441015
0.04557999023647953,0.0,0.0,0.5293516828388839,0.0015497385669817796,1,,,,0.1277125852744398
-0.14756145699360454,0.0,0.0,0.6906726007483796,0.0015497385672540358,0,,,,-0.2396385136764482
-0.5124139372417746,0.0,0.0,0.06846644983697192,0.08900423978798622,0,,,,-0.9335805002167968
0.5001568176834458,0.0,0.0,0.9839285102858458,0.0015497385659366749,1,,,,0.992308452785578
-0.5730709581553589,0.0,0.0,0.07884507417796671,0.0890042397879819,0,,,,-1.0489489186026637
0.4746319897981689,0.0,0.0,0.958403682400569,0.001549738566214623,0,,,,0.9437607500078375
-0.5697312696300931,0.0,0.0,0.07550538565270093,0.08900423978798182,1,,,,-1.0425968990465062
-0.34197648633919975,0.0,0.0,0.8850876300939728,0.001549738567326603,0,,,,-0.6094119398721968
-0.17870173981231652,0.0,0.0,0.7218128835670911,0.0015497385672740634,1,,,,-0.2988666973685163
0.052400888647055645,0.0,0.0,0.5361725812494597,0.0015497385669793582,0,,,,0.1406857951312168
-0.5540083766578746,0.0,0.0,0.05978249268048241,0.08900423978798298,0,,,,-1.012692276838974
0.17973290342562734,0.0,0.0,0.6635045960280294,0.001549738566873256,0,,,,0.3828686938894342
-0.5397816344278692,0.0,0.0,0.045555750450476995,0.08900423978798518,0,,,,-0.9856333028712702
-0.16444755462899968,0.0,0.0,0.7075586983837744,0.0015497385672636097,0,,,,-0.2717555274625404
0.47578824944515147,0.0,0.0,0.9595599420475515,0.001549738566191671,0,,,,0.9459599323070446
-0.5138817894186886,0.0,0.0,0.066998597660058,0.08900423978798623,0,,,,-0.9363723251617782
0.47493532211094386,0.0,0.0,0.958707014713344,0.0015497385661907403,1,,,,0.9443376818888152
-0.012337166990457352,0.0,0.0,0.5554483107452354,0.0015497385670503508,1,,,,0.017555331818214
-0.43000745185240685,0.0,0.0,0.9731185956071792,0.001549738567334428,0,,,,-0.7768450433658278
0.25508529720324924,0.0,0.0,0.7388569898056506,0.0015497385667425033,1,,,,0.5261874121644096
-0.2592921868705908,0.0,0.0,0.8024033306253647,0.0015497385673078725,0,,,,-0.4521480863007057
