claim_id,title,baseline_classification,baseline_status_text,baseline_source_page,audit_date,audit_confidence,current_evidence_assessment,crosswalk_evidence_state,evidence_provenance,interpretation,finding_ids,canonical_experiment_ids,historical_experiment_references,reproducibility,replication_status,controlled_or_physical_promotion,next_actions
CORE-001,Arithmetic-Cosmic Structural Correspondence,H / T,PROPOSED,8,2026-10-03,"Certain for inspected artifacts; absence of a verified chain is coverage-limited, not proof of universal absence",PROPOSED / CONTROLLED TEST NOT VERIFIED,N,EXPLORATORY / UNVERIFIED,The current audit found no fully linked controlled execution establishing this claim; the original hypothesis and required tests remain in force.,"[""E-LCL-005"", ""E-LCL-006"", ""E-LCL-014"", ""E-LCL-016"", ""E-DRV-004""]","[""EXP-CTRL-A03"", ""EXP-DATA-A01"", ""EXP-DATA-A02"", ""EXP-RANK-A01"", ""EXP-TOPO-A01""]","[""EXP-CORE-A01""]",PARTIAL / NOT ESTABLISHED for historical execution; exact inspected artifact hashes and locators retained,NO NEW INDEPENDENT REPLICATION PERFORMED,False,"[""Record estimated/proxy status explicitly; prevent3-Selmer exactness or cosmic-evidence promotion from these filenames/results."", ""Retain completed-run reports as historical computational evidence only; reconstruct identical mapping, filtration and survey/null comparisons before TOPO-001 promotion."", ""Keep repository CSV namespace as legacy, preserve original files, and document explicit semantic crosswalk/conflicts before migrating IDs into the canonical update."", ""Bind website displays to a synthetic/model provenance label; preserve model formulas and coefficients as construction choices. Keep COSMO-E002 downstream; displayed agreement with calibration anchors is not independent confirmation."", ""Keep proposal, observed output and interpretation separate; require machine run manifests for execution claims.""]"
RANK-001,Rank/Environment Correspondence,H / T,PROPOSED,9,2026-10-03,"Certain for inspected artifacts; absence of a verified chain is coverage-limited, not proof of universal absence",PROPOSED / CONTROLLED TEST NOT VERIFIED,N,EXPLORATORY / UNVERIFIED,The current audit found no fully linked controlled execution establishing this claim; the original hypothesis and required tests remain in force.,"[""E-LCL-004"", ""E-LCL-005""]","[""EXP-RANK-A01""]","[""EXP-RANK-A01""]",PARTIAL / NOT ESTABLISHED for historical execution; exact inspected artifact hashes and locators retained,NO NEW INDEPENDENT REPLICATION PERFORMED,False,"[""Retain partial lineage and missing-invariant diagnostics; bind exact upstream snapshot and preprocessing code to a registered dataset version before controlled testing."", ""Record estimated/proxy status explicitly; prevent3-Selmer exactness or cosmic-evidence promotion from these filenames/results.""]"
RANK-002,Rank/Topological Complexity,H / T,PROPOSED,10,2026-10-03,"Certain for inspected artifacts; absence of a verified chain is coverage-limited, not proof of universal absence",CANDIDATE/HISTORICAL EVIDENCE / RECONSTRUCTION REQUIRED,U + R + N,EXPLORATORY / HISTORICAL MODEL,Inspected implementations or synthetic demonstrations establish construction provenance. Linked diagnoses restrict interpretation; controlled independent evidence was not verified.,"[""E-LCL-007"", ""E-LCL-008"", ""E-LCL-009"", ""E-LCL-010""]","[""EXP-RANK-A02"", ""EXP-RANK-A01""]","[""EXP-RANK-A02""]",PARTIAL / NOT ESTABLISHED for historical execution; exact inspected artifact hashes and locators retained,NO NEW INDEPENDENT REPLICATION PERFORMED,False,"[""Keep both generation IDs and exact input hashes; register RTCH-E1 as a separate local simulation/control if desired, without silently substituting it for canonical EXP-RTCH-B01."", ""Retain both null/diagnostic generations. Rebuild adequate null counts, effect sizes, intervals, multiple-comparison controls, code binding and independent arithmetic/astronomical inputs before empirical promotion."", ""Exclude undefined-correlation p-values from support, preserve them as diagnostic failures, and require finite/constant-input checks before permutation reporting."", ""Set Leakage Status POTENTIAL LEAKAGE for rank generalization and CONFIRMED TARGET CONTAMINATION for Faltings-held-out interpretation; rebuild fold-local embeddings and remove target-defining inputs for independent prediction tests.""]"
RANK-003,Rank-Stratified Cosmic Structure,H / T,PROPOSED,11,2026-10-03,"Certain for inspected artifacts; absence of a verified chain is coverage-limited, not proof of universal absence",PROPOSED / CONTROLLED TEST NOT VERIFIED,N,EXPLORATORY / UNVERIFIED,The current audit found no fully linked controlled execution establishing this claim; the original hypothesis and required tests remain in force.,"[""E-LCL-005""]","[""EXP-RANK-A02"", ""EXP-RANK-A01""]","[""EXP-RANK-A03""]",PARTIAL / NOT ESTABLISHED for historical execution; exact inspected artifact hashes and locators retained,NO NEW INDEPENDENT REPLICATION PERFORMED,False,"[""Record estimated/proxy status explicitly; prevent3-Selmer exactness or cosmic-evidence promotion from these filenames/results.""]"
MAP-001,Arithmetic Projection,M,EXPLORATORY,11,2026-10-03,"Certain for inspected artifacts; absence of a verified chain is coverage-limited, not proof of universal absence",CANDIDATE/HISTORICAL EVIDENCE / RECONSTRUCTION REQUIRED,U + R + N,EXPLORATORY / HISTORICAL MODEL,Inspected implementations or synthetic demonstrations establish construction provenance. Linked diagnoses restrict interpretation; controlled independent evidence was not verified.,"[""E-LCL-003"", ""E-LCL-016""]","[""EXP-MAP-A01""]","[""EXP-MAP-A01""]",PARTIAL / NOT ESTABLISHED for historical execution; exact inspected artifact hashes and locators retained,NO NEW INDEPENDENT REPLICATION PERFORMED,False,"[""Preserve exact-path/hash revisions, flag copied manifests as inconsistent, and do not attribute working full-sample results to packaged subsets or blank outputs."", ""Bind website displays to a synthetic/model provenance label; preserve model formulas and coefficients as construction choices. Keep COSMO-E002 downstream; displayed agreement with calibration anchors is not independent confirmation.""]"
MAP-002,Extended Projection,M,HISTORICAL / EXPLORATORY,12,2026-10-03,"Certain for inspected artifacts; absence of a verified chain is coverage-limited, not proof of universal absence",CANDIDATE/HISTORICAL EVIDENCE / RECONSTRUCTION REQUIRED,U + R + N,EXPLORATORY / HISTORICAL MODEL,Inspected implementations or synthetic demonstrations establish construction provenance. Linked diagnoses restrict interpretation; controlled independent evidence was not verified.,"[""E-LCL-003"", ""E-LCL-004"", ""E-LCL-016""]","[""EXP-MAP-A01""]","[""EXP-MAP-A01""]",PARTIAL / NOT ESTABLISHED for historical execution; exact inspected artifact hashes and locators retained,NO NEW INDEPENDENT REPLICATION PERFORMED,False,"[""Preserve exact-path/hash revisions, flag copied manifests as inconsistent, and do not attribute working full-sample results to packaged subsets or blank outputs."", ""Retain partial lineage and missing-invariant diagnostics; bind exact upstream snapshot and preprocessing code to a registered dataset version before controlled testing."", ""Bind website displays to a synthetic/model provenance label; preserve model formulas and coefficients as construction choices. Keep COSMO-E002 downstream; displayed agreement with calibration anchors is not independent confirmation.""]"
MAP-003,Rank Elevation,M / H,HISTORICAL MODEL,12,2026-10-03,"Certain for inspected artifacts; absence of a verified chain is coverage-limited, not proof of universal absence",CANDIDATE/HISTORICAL EVIDENCE / RECONSTRUCTION REQUIRED,U + R + N,EXPLORATORY / HISTORICAL MODEL,Inspected implementations or synthetic demonstrations establish construction provenance. Linked diagnoses restrict interpretation; controlled independent evidence was not verified.,"[""E-LCL-003""]","[""EXP-MAP-A02"", ""EXP-MAP-A01""]","[""EXP-MAP-A02""]",PARTIAL / NOT ESTABLISHED for historical execution; exact inspected artifact hashes and locators retained,NO NEW INDEPENDENT REPLICATION PERFORMED,False,"[""Preserve exact-path/hash revisions, flag copied manifests as inconsistent, and do not attribute working full-sample results to packaged subsets or blank outputs.""]"
MAP-004,Mapping Non-Bijectivity,M / H,ACTIVE METHODOLOGICAL PRINCIPLE,13,2026-10-03,"Certain for inspected artifacts; absence of a verified chain is coverage-limited, not proof of universal absence",MODEL/METHODOLOGICAL REQUIREMENT RETAINED,U + N,THEORETICAL / EXPLORATORY,This remains a model construction or testing requirement; no new empirical result or independent replication is assigned.,[],"[""EXP-MAP-A01""]","[""EXP-MAP-A01""]",PARTIAL / NOT ESTABLISHED for historical execution; exact inspected artifact hashes and locators retained,NO NEW INDEPENDENT REPLICATION PERFORMED,False,"[""Follow the original registered test/derivation and charter controls; bind source releases, exact code, parameters, seeds, nulls and held-out results before promotion.""]"
MAP-005,Alternative Mapping Families,M / T,PROPOSED EXPERIMENTAL REQUIREMENT,13,2026-10-03,"Certain for inspected artifacts; absence of a verified chain is coverage-limited, not proof of universal absence",CANDIDATE/HISTORICAL EVIDENCE / RECONSTRUCTION REQUIRED,U + R + N,EXPLORATORY / HISTORICAL MODEL,Inspected implementations or synthetic demonstrations establish construction provenance. Linked diagnoses restrict interpretation; controlled independent evidence was not verified.,"[""E-LCL-006""]","[""EXP-MAP-A01""]","[""EXP-MAP-A01""]",PARTIAL / NOT ESTABLISHED for historical execution; exact inspected artifact hashes and locators retained,NO NEW INDEPENDENT REPLICATION PERFORMED,False,"[""Retain completed-run reports as historical computational evidence only; reconstruct identical mapping, filtration and survey/null comparisons before TOPO-001 promotion.""]"
ARITH-001,Fibonacci/Lucas Generators,M / H,EXPLORATORY,13,2026-10-03,"Certain for inspected artifacts; absence of a verified chain is coverage-limited, not proof of universal absence",PROPOSED / CONTROLLED TEST NOT VERIFIED,N,EXPLORATORY / UNVERIFIED,The current audit found no fully linked controlled execution establishing this claim; the original hypothesis and required tests remain in force.,[],"[""EXP-MAP-A03"", ""EXP-CTRL-A02""]","[""EXP-MAP-A03""]",PARTIAL / NOT ESTABLISHED for historical execution; exact inspected artifact hashes and locators retained,NO NEW INDEPENDENT REPLICATION PERFORMED,False,"[""Follow the original registered test/derivation and charter controls; bind source releases, exact code, parameters, seeds, nulls and held-out results before promotion.""]"
TOPO-001,Persistent Homology Correspondence,H / T,PROPOSED,14,2026-10-03,"Certain for inspected artifacts; absence of a verified chain is coverage-limited, not proof of universal absence",CANDIDATE/HISTORICAL EVIDENCE / RECONSTRUCTION REQUIRED,U + R + N,EXPLORATORY / HISTORICAL MODEL,Inspected implementations or synthetic demonstrations establish construction provenance. Linked diagnoses restrict interpretation; controlled independent evidence was not verified.,"[""E-LCL-003"", ""E-LCL-006"", ""E-LCL-007"", ""E-LCL-008"", ""E-LCL-009"", ""E-LCL-011""]","[""EXP-TOPO-A01"", ""EXP-RANK-A02""]","[""EXP-TOPO-A01""]",PARTIAL / NOT ESTABLISHED for historical execution; exact inspected artifact hashes and locators retained,NO NEW INDEPENDENT REPLICATION PERFORMED,False,"[""Preserve exact-path/hash revisions, flag copied manifests as inconsistent, and do not attribute working full-sample results to packaged subsets or blank outputs."", ""Retain completed-run reports as historical computational evidence only; reconstruct identical mapping, filtration and survey/null comparisons before TOPO-001 promotion."", ""Keep both generation IDs and exact input hashes; register RTCH-E1 as a separate local simulation/control if desired, without silently substituting it for canonical EXP-RTCH-B01."", ""Retain both null/diagnostic generations. Rebuild adequate null counts, effect sizes, intervals, multiple-comparison controls, code binding and independent arithmetic/astronomical inputs before empirical promotion."", ""Exclude undefined-correlation p-values from support, preserve them as diagnostic failures, and require finite/constant-input checks before permutation reporting."", ""Record CSV stability output separately from empty JSON summary and require genuine perturbation/subsampling before claiming robustness.""]"
TOPO-002,Void Structure,H / T,PROPOSED,15,2026-10-03,"Certain for inspected artifacts; absence of a verified chain is coverage-limited, not proof of universal absence",CANDIDATE/HISTORICAL EVIDENCE / RECONSTRUCTION REQUIRED,U + R + N,EXPLORATORY / HISTORICAL MODEL,Inspected implementations or synthetic demonstrations establish construction provenance. Linked diagnoses restrict interpretation; controlled independent evidence was not verified.,"[""E-LCL-006""]","[""EXP-RANK-A02"", ""EXP-TOPO-A01""]","[""EXP-TOPO-A02""]",PARTIAL / NOT ESTABLISHED for historical execution; exact inspected artifact hashes and locators retained,NO NEW INDEPENDENT REPLICATION PERFORMED,False,"[""Retain completed-run reports as historical computational evidence only; reconstruct identical mapping, filtration and survey/null comparisons before TOPO-001 promotion.""]"
TOPO-003,Connected Components,H / T,,15,2026-10-03,"Certain for inspected artifacts; absence of a verified chain is coverage-limited, not proof of universal absence",PROPOSED / CONTROLLED TEST NOT VERIFIED,N,EXPLORATORY / UNVERIFIED,The current audit found no fully linked controlled execution establishing this claim; the original hypothesis and required tests remain in force.,[],"[""EXP-TOPO-A01""]","[""EXP-TOPO-A03""]",PARTIAL / NOT ESTABLISHED for historical execution; exact inspected artifact hashes and locators retained,NO NEW INDEPENDENT REPLICATION PERFORMED,False,"[""Follow the original registered test/derivation and charter controls; bind source releases, exact code, parameters, seeds, nulls and held-out results before promotion.""]"
MATH-K001,Log-Normal Reciprocal Normalization,D / H,RECONSTRUCT,15,2026-10-03,"Certain for inspected artifacts; absence of a verified chain is coverage-limited, not proof of universal absence",THEORETICAL STATEMENT / INDEPENDENT DERIVATION AUDIT REQUIRED,U + D + R,THEORETICAL,Preserve the mathematical assumptions and original D/M/T classification. This source audit did not independently prove the complete derivation or its physical applicability.,"[""E-DRV-001""]","[""EXP-K001""]","[""EXP-K001""]",PARTIAL / NOT ESTABLISHED for historical execution; exact inspected artifact hashes and locators retained,NO NEW INDEPENDENT REPLICATION PERFORMED,False,"[""Reconstruct assumptions, exact masses/units, median definition, seeds and sample selection. Retain unstable results and separate the expectation argument from physical interpretation.""]"
MATH-K002,Historical K Simulation,E / SIMULATION,HISTORICAL MODEL RESULT,16,2026-10-03,"Certain for inspected artifacts; absence of a verified chain is coverage-limited, not proof of universal absence",UNVERIFIED HISTORICAL RESULT / RECONSTRUCTION REQUIRED,U + R,SIMULATION / HISTORICAL MODEL,Original reported numerical results and E classification remain historical; exact execution lineage and independent validation were not established.,"[""E-DRV-001""]","[""EXP-K001""]","[""EXP-K001""]",PARTIAL / NOT ESTABLISHED for historical execution; exact inspected artifact hashes and locators retained,NO NEW INDEPENDENT REPLICATION PERFORMED,False,"[""Reconstruct assumptions, exact masses/units, median definition, seeds and sample selection. Retain unstable results and separate the expectation argument from physical interpretation.""]"
MATH-K003,Small-Sample K Instability,E,NEGATIVE / DIAGNOSTIC,17,2026-10-03,"Certain for inspected artifacts; absence of a verified chain is coverage-limited, not proof of universal absence",NEGATIVE HISTORICAL REPORT RETAINED / NOT RERUN,U + X + R,HISTORICAL MODEL / NEGATIVE/NULL,Reported small-sample K instability is retained. This audit did not reproduce its exact inputs or infer cosmological significance.,"[""E-DRV-001""]",[],"[""EXP-K002""]",PARTIAL / NOT ESTABLISHED for historical execution; exact inspected artifact hashes and locators retained,NO NEW INDEPENDENT REPLICATION PERFORMED,False,"[""Reconstruct assumptions, exact masses/units, median definition, seeds and sample selection. Retain unstable results and separate the expectation argument from physical interpretation.""]"
COSMO-L001,Phenomenological L-cosmo,M / H,EXPLORATORY,17,2026-10-03,"Certain for inspected artifacts; absence of a verified chain is coverage-limited, not proof of universal absence",CANDIDATE/HISTORICAL EVIDENCE / RECONSTRUCTION REQUIRED,U + R + N,EXPLORATORY / HISTORICAL MODEL,Inspected implementations or synthetic demonstrations establish construction provenance. Linked diagnoses restrict interpretation; controlled independent evidence was not verified.,"[""E-LCL-012"", ""E-DRV-001"", ""E-DRV-003""]","[""EXP-L001"", ""EXP-CTRL-A03""]","[""EXP-L001""]",PARTIAL / NOT ESTABLISHED for historical execution; exact inspected artifact hashes and locators retained,NO NEW INDEPENDENT REPLICATION PERFORMED,False,"[""Retain M/H categories and R evidence state; set preprocessing leakage concern, rename/cross-reference cosmo_rank semantically, bind the actual input revision, and conduct fold-local incremental models before promotion."", ""Reconstruct assumptions, exact masses/units, median definition, seeds and sample selection. Retain unstable results and separate the expectation argument from physical interpretation."", ""Retain proposal/code provenance; validate an exact runnable variant, training-fold derived quantities, outcome definition and locked independent test.""]"
COSMO-L002,L-cosmo and SFR,H / T,PROPOSED,18,2026-10-03,"Certain for inspected artifacts; absence of a verified chain is coverage-limited, not proof of universal absence",CANDIDATE/HISTORICAL EVIDENCE / RECONSTRUCTION REQUIRED,U + R + N,EXPLORATORY / HISTORICAL MODEL,Inspected implementations or synthetic demonstrations establish construction provenance. Linked diagnoses restrict interpretation; controlled independent evidence was not verified.,"[""E-LCL-012"", ""E-DRV-002"", ""E-DRV-003""]","[""EXP-SFR-A01""]","[""EXP-SFR-A01""]",PARTIAL / NOT ESTABLISHED for historical execution; exact inspected artifact hashes and locators retained,NO NEW INDEPENDENT REPLICATION PERFORMED,False,"[""Retain M/H categories and R evidence state; set preprocessing leakage concern, rename/cross-reference cosmo_rank semantically, bind the actual input revision, and conduct fold-local incremental models before promotion."", ""Bind a precise executed code/data revision and reconstruct fold-local preprocessing before crediting reported predictive performance."", ""Retain proposal/code provenance; validate an exact runnable variant, training-fold derived quantities, outcome definition and locked independent test.""]"
COSMO-R001,Morphology/Redshift Composite Feature,M,HISTORICAL FEATURE ENGINEERING,18,2026-10-03,"Certain for inspected artifacts; absence of a verified chain is coverage-limited, not proof of universal absence",CONFIRMED ENGINEERED FEATURE IN INSPECTED SCRIPT,U + H,HISTORICAL MODEL,cosmo_rank is constructed from morphology/confidence/redshift in the inspected local script; it is not elliptic-curve rank.,"[""E-LCL-012""]",[],"[""CTRL-COSMO-001""]",PARTIAL / NOT ESTABLISHED for historical execution; exact inspected artifact hashes and locators retained,NO NEW INDEPENDENT REPLICATION PERFORMED,False,"[""Retain M/H categories and R evidence state; set preprocessing leakage concern, rename/cross-reference cosmo_rank semantically, bind the actual input revision, and conduct fold-local incremental models before promotion.""]"
SFR-A001,Arithmetic Incremental SFR Information,H / T,PROPOSED,19,2026-10-03,"Certain for inspected artifacts; absence of a verified chain is coverage-limited, not proof of universal absence",CANDIDATE/HISTORICAL EVIDENCE / RECONSTRUCTION REQUIRED,U + R + N,EXPLORATORY / HISTORICAL MODEL,Inspected implementations or synthetic demonstrations establish construction provenance. Linked diagnoses restrict interpretation; controlled independent evidence was not verified.,"[""E-LCL-012"", ""E-LCL-013"", ""E-DRV-002"", ""E-DRV-003""]","[""EXP-SFR-A01"", ""EXP-CTRL-A03"", ""EXP-CTRL-A02""]","[""EXP-SFR-A01""]",PARTIAL / NOT ESTABLISHED for historical execution; exact inspected artifact hashes and locators retained,NO NEW INDEPENDENT REPLICATION PERFORMED,False,"[""Retain M/H categories and R evidence state; set preprocessing leakage concern, rename/cross-reference cosmo_rank semantically, bind the actual input revision, and conduct fold-local incremental models before promotion."", ""Classify as historical random-feature stellar-mass baseline/control candidate, preserve absent-target diagnostic, and require exact input/schema plus explicit outcome exclusion and SFR-specific control reconstruction."", ""Bind a precise executed code/data revision and reconstruct fold-local preprocessing before crediting reported predictive performance."", ""Retain proposal/code provenance; validate an exact runnable variant, training-fold derived quantities, outcome definition and locked independent test.""]"
SFR-A002,Arithmetic-Only SFR Prediction,H / T,PROPOSED,20,2026-10-03,"Certain for inspected artifacts; absence of a verified chain is coverage-limited, not proof of universal absence",PROPOSED / CONTROLLED TEST NOT VERIFIED,N,EXPLORATORY / UNVERIFIED,The current audit found no fully linked controlled execution establishing this claim; the original hypothesis and required tests remain in force.,[],"[""EXP-SFR-A02""]","[""EXP-SFR-A02""]",PARTIAL / NOT ESTABLISHED for historical execution; exact inspected artifact hashes and locators retained,NO NEW INDEPENDENT REPLICATION PERFORMED,False,"[""Follow the original registered test/derivation and charter controls; bind source releases, exact code, parameters, seeds, nulls and held-out results before promotion.""]"
SFR-E001,Extreme-SFR Model Behavior,E,HISTORICAL OBSERVATION,21,2026-10-03,"Certain for inspected artifacts; absence of a verified chain is coverage-limited, not proof of universal absence",UNVERIFIED HISTORICAL RESULT / RECONSTRUCTION REQUIRED,U + R,HISTORICAL MODEL,Original reported numerical results and E classification remain historical; exact execution lineage and independent validation were not established.,"[""E-DRV-002""]","[""EXP-SFR-A03""]","[""EXP-SFR-A03""]",PARTIAL / NOT ESTABLISHED for historical execution; exact inspected artifact hashes and locators retained,NO NEW INDEPENDENT REPLICATION PERFORMED,False,"[""Bind a precise executed code/data revision and reconstruct fold-local preprocessing before crediting reported predictive performance.""]"
SFR-A003,Extreme-SFR Robustness,T,PROPOSED METHODOLOGICAL REQUIREMENT,21,2026-10-03,"Certain for inspected artifacts; absence of a verified chain is coverage-limited, not proof of universal absence",MODEL/METHODOLOGICAL REQUIREMENT RETAINED,U + N,THEORETICAL / EXPLORATORY,This remains a model construction or testing requirement; no new empirical result or independent replication is assigned.,"[""E-DRV-002""]","[""EXP-SFR-A03""]","[""EXP-SFR-A03""]",PARTIAL / NOT ESTABLISHED for historical execution; exact inspected artifact hashes and locators retained,NO NEW INDEPENDENT REPLICATION PERFORMED,False,"[""Bind a precise executed code/data revision and reconstruct fold-local preprocessing before crediting reported predictive performance.""]"
CTRL-RF001,Random Feature Baseline,E / M,CONTROL,22,2026-10-03,"Certain for inspected artifacts; absence of a verified chain is coverage-limited, not proof of universal absence",HISTORICAL CONTROL CANDIDATE / INPUT SCHEMA MISMATCH,U + C + X + R,HISTORICAL MODEL,"Inspected model5 targets stellar mass, not SFR; its named input lacks the target. Exact historical input/version and outcome exclusion must be reconstructed.","[""E-LCL-013"", ""E-LCL-014""]","[""EXP-CTRL-A01""]","[""EXP-CTRL-A01""]",PARTIAL / NOT ESTABLISHED for historical execution; exact inspected artifact hashes and locators retained,NO NEW INDEPENDENT REPLICATION PERFORMED,False,"[""Classify as historical random-feature stellar-mass baseline/control candidate, preserve absent-target diagnostic, and require exact input/schema plus explicit outcome exclusion and SFR-specific control reconstruction."", ""Keep repository CSV namespace as legacy, preserve original files, and document explicit semantic crosswalk/conflicts before migrating IDs into the canonical update.""]"
CTRL-A001,Arithmetic Permutation Control,T,PROPOSED CONTROL,22,2026-10-03,"Certain for inspected artifacts; absence of a verified chain is coverage-limited, not proof of universal absence",CONTROL REQUIRED / INVALID LOCAL SIGNIFICANCE RETAINED,N + X,NEGATIVE/NULL / EXPLORATORY,"No completed canonical arithmetic/astronomy permutation control was verified. The NaN-derived local p-value is invalid evidence, not a valid null result.","[""E-LCL-009"", ""E-LCL-014""]","[""EXP-CTRL-A02""]","[""EXP-CTRL-A02""]",PARTIAL / NOT ESTABLISHED for historical execution; exact inspected artifact hashes and locators retained,NO NEW INDEPENDENT REPLICATION PERFORMED,False,"[""Exclude undefined-correlation p-values from support, preserve them as diagnostic failures, and require finite/constant-input checks before permutation reporting."", ""Keep repository CSV namespace as legacy, preserve original files, and document explicit semantic crosswalk/conflicts before migrating IDs into the canonical update.""]"
CTRL-A002,Leakage-Controlled Reconstruction,T / M,REQUIRED VALIDATION CONTROL,22,2026-10-03,"Certain for inspected artifacts; absence of a verified chain is coverage-limited, not proof of universal absence",STATIC LEAKAGE ROUTES DIAGNOSED / CLEAN RERUN REQUIRED,X + R,HISTORICAL MODEL / NEGATIVE/NULL,Global population preprocessing and some target contamination are present in inspected variants. Performance effects were not measured by a rerun.,"[""E-LCL-012"", ""E-LCL-014"", ""E-DRV-002"", ""E-DRV-003""]","[""EXP-CTRL-A03""]","[""EXP-CTRL-A03""]",PARTIAL / NOT ESTABLISHED for historical execution; exact inspected artifact hashes and locators retained,NO NEW INDEPENDENT REPLICATION PERFORMED,False,"[""Retain M/H categories and R evidence state; set preprocessing leakage concern, rename/cross-reference cosmo_rank semantically, bind the actual input revision, and conduct fold-local incremental models before promotion."", ""Keep repository CSV namespace as legacy, preserve original files, and document explicit semantic crosswalk/conflicts before migrating IDs into the canonical update."", ""Bind a precise executed code/data revision and reconstruct fold-local preprocessing before crediting reported predictive performance."", ""Retain proposal/code provenance; validate an exact runnable variant, training-fold derived quantities, outcome definition and locked independent test.""]"
DATA-M001,Coordinate Matching,M / E,INFRASTRUCTURE,23,2026-10-03,"Certain for inspected artifacts; absence of a verified chain is coverage-limited, not proof of universal absence",FAILED AS-FOUND ASSOCIATIONS / RECONSTRUCTION REQUIRED,X + R,HISTORICAL MODEL / NEGATIVE/NULL,"The inspected match tables fail the stated 2-arcsecond tolerance; this rejects those associations, not the general matching method or original catalogs.","[""E-LCL-001"", ""E-LCL-002""]","[""EXP-DATA-A01""]","[""EXP-DATA-A01""]",PARTIAL / NOT ESTABLISHED for historical execution; exact inspected artifact hashes and locators retained,NO NEW INDEPENDENT REPLICATION PERFORMED,False,"[""Retain failed data-quality evidence; quarantine these tables from controlled analyses until matching is rebuilt from source catalogs with spherical distance, keyed joins, duplicate controls, tolerance sensitivity, and saved data/code hashes."", ""Record code variants separately and reconstruct EXP-DATA-A01 using a registered coordinate system, exact input IDs, spherical matching, and explicit identity crosswalks.""]"
DATA-M002,Multi-Survey Integration,E,DATA INFRASTRUCTURE,23,2026-10-03,"Certain for inspected artifacts; absence of a verified chain is coverage-limited, not proof of universal absence",PARTIAL LINEAGE / ARTIFACT CONFLICTS,U + X + R,EXPLORATORY / UNVERIFIED,"Data assets exist, but joins, releases, exact executed code, and several manifests are not fully bound. Existence is not theoretical evidence.","[""E-LCL-001"", ""E-LCL-002"", ""E-LCL-003"", ""E-LCL-004"", ""E-LCL-014"", ""E-LCL-015"", ""E-DRV-004""]","[""EXP-DATA-A02""]","[""DATA-PROV-001""]",PARTIAL / NOT ESTABLISHED for historical execution; exact inspected artifact hashes and locators retained,NO NEW INDEPENDENT REPLICATION PERFORMED,False,"[""Retain failed data-quality evidence; quarantine these tables from controlled analyses until matching is rebuilt from source catalogs with spherical distance, keyed joins, duplicate controls, tolerance sensitivity, and saved data/code hashes."", ""Record code variants separately and reconstruct EXP-DATA-A01 using a registered coordinate system, exact input IDs, spherical matching, and explicit identity crosswalks."", ""Preserve exact-path/hash revisions, flag copied manifests as inconsistent, and do not attribute working full-sample results to packaged subsets or blank outputs."", ""Retain partial lineage and missing-invariant diagnostics; bind exact upstream snapshot and preprocessing code to a registered dataset version before controlled testing."", ""Keep repository CSV namespace as legacy, preserve original files, and document explicit semantic crosswalk/conflicts before migrating IDs into the canonical update."", ""Preserve upstream identifiers as observed provenance fields; add exact release/query and processing/code bindings before declaring complete lineage."", ""Keep proposal, observed output and interpretation separate; require machine run manifests for execution claims.""]"
RTCH-M001,Variational RTCH Construction,D / M,DERIVATION AUDIT REQUIRED,24,2026-10-03,"Certain for inspected artifacts; absence of a verified chain is coverage-limited, not proof of universal absence",CANDIDATE/HISTORICAL EVIDENCE / RECONSTRUCTION REQUIRED,U + R + N,EXPLORATORY / HISTORICAL MODEL,Inspected implementations or synthetic demonstrations establish construction provenance. Linked diagnoses restrict interpretation; controlled independent evidence was not verified.,"[""E-LCL-007"", ""E-LCL-008"", ""E-LCL-010"", ""E-LCL-011""]","[""EXP-RTCH-B01""]","[""EXP-RTCH-B01""]",PARTIAL / NOT ESTABLISHED for historical execution; exact inspected artifact hashes and locators retained,NO NEW INDEPENDENT REPLICATION PERFORMED,False,"[""Keep both generation IDs and exact input hashes; register RTCH-E1 as a separate local simulation/control if desired, without silently substituting it for canonical EXP-RTCH-B01."", ""Retain both null/diagnostic generations. Rebuild adequate null counts, effect sizes, intervals, multiple-comparison controls, code binding and independent arithmetic/astronomical inputs before empirical promotion."", ""Set Leakage Status POTENTIAL LEAKAGE for rank generalization and CONFIRMED TARGET CONTAMINATION for Faltings-held-out interpretation; rebuild fold-local embeddings and remove target-defining inputs for independent prediction tests."", ""Record CSV stability output separately from empty JSON summary and require genuine perturbation/subsampling before claiming robustness.""]"
RTCH-M002,Closed Pullback Two-Form,D,DERIVATION,25,2026-10-03,"Certain for inspected artifacts; absence of a verified chain is coverage-limited, not proof of universal absence",THEORETICAL STATEMENT / INDEPENDENT DERIVATION AUDIT REQUIRED,U + D + R,THEORETICAL,Preserve the mathematical assumptions and original D/M/T classification. This source audit did not independently prove the complete derivation or its physical applicability.,[],"[""EXP-RTCH-B01""]","[""EXP-RTCH-B01""]",PARTIAL / NOT ESTABLISHED for historical execution; exact inspected artifact hashes and locators retained,NO NEW INDEPENDENT REPLICATION PERFORMED,False,"[""Follow the original registered test/derivation and charter controls; bind source releases, exact code, parameters, seeds, nulls and held-out results before promotion.""]"
RTCH-H001,Topological Coupling,H / T,PROPOSED,25,2026-10-03,"Certain for inspected artifacts; absence of a verified chain is coverage-limited, not proof of universal absence",PROPOSED / CONTROLLED TEST NOT VERIFIED,N,EXPLORATORY / UNVERIFIED,The current audit found no fully linked controlled execution establishing this claim; the original hypothesis and required tests remain in force.,[],"[""EXP-RTCH-B02""]","[""EXP-RTCH-B02""]",PARTIAL / NOT ESTABLISHED for historical execution; exact inspected artifact hashes and locators retained,NO NEW INDEPENDENT REPLICATION PERFORMED,False,"[""Follow the original registered test/derivation and charter controls; bind source releases, exact code, parameters, seeds, nulls and held-out results before promotion.""]"
RTCH-H002,Conformal Trace Coupling,D / T,DERIVATION + PHYSICAL TEST REQUIRED,26,2026-10-03,"Certain for inspected artifacts; absence of a verified chain is coverage-limited, not proof of universal absence",THEORETICAL STATEMENT / INDEPENDENT DERIVATION AUDIT REQUIRED,U + D + R,THEORETICAL,Preserve the mathematical assumptions and original D/M/T classification. This source audit did not independently prove the complete derivation or its physical applicability.,[],"[""EXP-RTCH-B03""]","[""EXP-RTCH-B03""]",PARTIAL / NOT ESTABLISHED for historical execution; exact inspected artifact hashes and locators retained,NO NEW INDEPENDENT REPLICATION PERFORMED,False,"[""Follow the original registered test/derivation and charter controls; bind source releases, exact code, parameters, seeds, nulls and held-out results before promotion.""]"
RTCH-H003,Fifth-Force Acceleration,D / T,DERIVATION AUDIT / OBSERVATIONAL CONSTRAINT,26,2026-10-03,"Certain for inspected artifacts; absence of a verified chain is coverage-limited, not proof of universal absence",THEORETICAL STATEMENT / INDEPENDENT DERIVATION AUDIT REQUIRED,U + D + R,THEORETICAL,Preserve the mathematical assumptions and original D/M/T classification. This source audit did not independently prove the complete derivation or its physical applicability.,[],"[""EXP-RTCH-B02""]","[""EXP-RTCH-B02""]",PARTIAL / NOT ESTABLISHED for historical execution; exact inspected artifact hashes and locators retained,NO NEW INDEPENDENT REPLICATION PERFORMED,False,"[""Follow the original registered test/derivation and charter controls; bind source releases, exact code, parameters, seeds, nulls and held-out results before promotion.""]"
RTCH-H004,Unified Matter Description,M,THEORETICAL ARCHITECTURE,27,2026-10-03,"Certain for inspected artifacts; absence of a verified chain is coverage-limited, not proof of universal absence",MODEL/METHODOLOGICAL REQUIREMENT RETAINED,U + N,THEORETICAL / EXPLORATORY,This remains a model construction or testing requirement; no new empirical result or independent replication is assigned.,[],"[""EXP-RTCH-B01""]","[""EXP-RTCH-B01""]",PARTIAL / NOT ESTABLISHED for historical execution; exact inspected artifact hashes and locators retained,NO NEW INDEPENDENT REPLICATION PERFORMED,False,"[""Follow the original registered test/derivation and charter controls; bind source releases, exact code, parameters, seeds, nulls and held-out results before promotion.""]"
FIELD-001,Arithmetic Topography,M / H,CANDIDATE CONSTRUCTION,27,2026-10-03,"Certain for inspected artifacts; absence of a verified chain is coverage-limited, not proof of universal absence",MODEL/METHODOLOGICAL REQUIREMENT RETAINED,U + N,THEORETICAL / EXPLORATORY,This remains a model construction or testing requirement; no new empirical result or independent replication is assigned.,[],"[""EXP-FIELD-B01""]","[""EXP-FIELD-B01""]",PARTIAL / NOT ESTABLISHED for historical execution; exact inspected artifact hashes and locators retained,NO NEW INDEPENDENT REPLICATION PERFORMED,False,"[""Follow the original registered test/derivation and charter controls; bind source releases, exact code, parameters, seeds, nulls and held-out results before promotion.""]"
FIELD-002,Arithmetic Field as Gravity,H / S,UNVALIDATED,28,2026-10-03,"Certain for inspected artifacts; absence of a verified chain is coverage-limited, not proof of universal absence",PROPOSED / CONTROLLED TEST NOT VERIFIED,N,EXPLORATORY / UNVERIFIED,The current audit found no fully linked controlled execution establishing this claim; the original hypothesis and required tests remain in force.,[],"[""EXP-FIELD-B02""]","[""EXP-FIELD-B02""]",PARTIAL / NOT ESTABLISHED for historical execution; exact inspected artifact hashes and locators retained,NO NEW INDEPENDENT REPLICATION PERFORMED,False,"[""Follow the original registered test/derivation and charter controls; bind source releases, exact code, parameters, seeds, nulls and held-out results before promotion.""]"
FIELD-003,Arithmetic Tensor / Einstein Equation Extension,H / S,FUTURE THEORY,28,2026-10-03,"Certain for inspected artifacts; absence of a verified chain is coverage-limited, not proof of universal absence",PROPOSED / CONTROLLED TEST NOT VERIFIED,N,EXPLORATORY / UNVERIFIED,The current audit found no fully linked controlled execution establishing this claim; the original hypothesis and required tests remain in force.,[],"[""EXP-FIELD-B02""]","[""EXP-FIELD-B03""]",PARTIAL / NOT ESTABLISHED for historical execution; exact inspected artifact hashes and locators retained,NO NEW INDEPENDENT REPLICATION PERFORMED,False,"[""Follow the original registered test/derivation and charter controls; bind source releases, exact code, parameters, seeds, nulls and held-out results before promotion.""]"
ECC-001,Entropy/Cohomology Structure,H / M,THEORETICAL CANDIDATE,28,2026-10-03,"Certain for inspected artifacts; absence of a verified chain is coverage-limited, not proof of universal absence",CANDIDATE/HISTORICAL EVIDENCE / RECONSTRUCTION REQUIRED,U + R + N,EXPLORATORY / HISTORICAL MODEL,Inspected implementations or synthetic demonstrations establish construction provenance. Linked diagnoses restrict interpretation; controlled independent evidence was not verified.,"[""E-LCL-007"", ""E-LCL-008"", ""E-LCL-010"", ""E-LCL-011"", ""E-DRV-004""]","[""EXP-ECC-B01""]","[""EXP-ECC-B01""]",PARTIAL / NOT ESTABLISHED for historical execution; exact inspected artifact hashes and locators retained,NO NEW INDEPENDENT REPLICATION PERFORMED,False,"[""Keep both generation IDs and exact input hashes; register RTCH-E1 as a separate local simulation/control if desired, without silently substituting it for canonical EXP-RTCH-B01."", ""Retain both null/diagnostic generations. Rebuild adequate null counts, effect sizes, intervals, multiple-comparison controls, code binding and independent arithmetic/astronomical inputs before empirical promotion."", ""Set Leakage Status POTENTIAL LEAKAGE for rank generalization and CONFIRMED TARGET CONTAMINATION for Faltings-held-out interpretation; rebuild fold-local embeddings and remove target-defining inputs for independent prediction tests."", ""Record CSV stability output separately from empty JSON summary and require genuine perturbation/subsampling before claiming robustness."", ""Keep proposal, observed output and interpretation separate; require machine run manifests for execution claims.""]"
ECC-002,Closed Non-Exact Requirement,D / M,DERIVATION / MODEL REQUIREMENT,29,2026-10-03,"Certain for inspected artifacts; absence of a verified chain is coverage-limited, not proof of universal absence",THEORETICAL STATEMENT / INDEPENDENT DERIVATION AUDIT REQUIRED,U + D + R,THEORETICAL,Preserve the mathematical assumptions and original D/M/T classification. This source audit did not independently prove the complete derivation or its physical applicability.,"[""E-LCL-007""]","[""EXP-ECC-B01""]","[""EXP-ECC-B01""]",PARTIAL / NOT ESTABLISHED for historical execution; exact inspected artifact hashes and locators retained,NO NEW INDEPENDENT REPLICATION PERFORMED,False,"[""Keep both generation IDs and exact input hashes; register RTCH-E1 as a separate local simulation/control if desired, without silently substituting it for canonical EXP-RTCH-B01.""]"
ECC-003,Entropy-Energy Relation,H / T,FUTURE EXPERIMENTAL/THEORETICAL CLAIM,29,2026-10-03,"Certain for inspected artifacts; absence of a verified chain is coverage-limited, not proof of universal absence",PROPOSED / CONTROLLED TEST NOT VERIFIED,N,EXPLORATORY / UNVERIFIED,The current audit found no fully linked controlled execution establishing this claim; the original hypothesis and required tests remain in force.,[],"[""EXP-ENERGY-B01""]","[""EXP-ECC-B02""]",PARTIAL / NOT ESTABLISHED for historical execution; exact inspected artifact hashes and locators retained,NO NEW INDEPENDENT REPLICATION PERFORMED,False,"[""Follow the original registered test/derivation and charter controls; bind source releases, exact code, parameters, seeds, nulls and held-out results before promotion.""]"
ENERGY-001,Generalized Mass-Energy Relation,H / T,FUTURE THEORY,30,2026-10-03,"Certain for inspected artifacts; absence of a verified chain is coverage-limited, not proof of universal absence",PROPOSED / CONTROLLED TEST NOT VERIFIED,N,EXPLORATORY / UNVERIFIED,The current audit found no fully linked controlled execution establishing this claim; the original hypothesis and required tests remain in force.,[],"[""EXP-ENERGY-B01""]","[""EXP-ENERGY-B01""]",PARTIAL / NOT ESTABLISHED for historical execution; exact inspected artifact hashes and locators retained,NO NEW INDEPENDENT REPLICATION PERFORMED,False,"[""Follow the original registered test/derivation and charter controls; bind source releases, exact code, parameters, seeds, nulls and held-out results before promotion.""]"
COSMO-E001,Arithmetic/Topological Redshift Evolution,H / T,PROPOSED,30,2026-10-03,"Certain for inspected artifacts; absence of a verified chain is coverage-limited, not proof of universal absence",PROPOSED / CONTROLLED TEST NOT VERIFIED,N,EXPLORATORY / UNVERIFIED,The current audit found no fully linked controlled execution establishing this claim; the original hypothesis and required tests remain in force.,[],"[""EXP-COSMO-B01""]","[""EXP-COSMO-B01""]",PARTIAL / NOT ESTABLISHED for historical execution; exact inspected artifact hashes and locators retained,NO NEW INDEPENDENT REPLICATION PERFORMED,False,"[""Follow the original registered test/derivation and charter controls; bind source releases, exact code, parameters, seeds, nulls and held-out results before promotion.""]"
COSMO-E002,Hubble-Planck Tension Application,H / S,DOWNSTREAM / FUTURE,31,2026-10-03,"Certain for inspected artifacts; absence of a verified chain is coverage-limited, not proof of universal absence",DOWNSTREAM / UNVALIDATED; ILLUSTRATION IS CALIBRATED,N + H,EXPLORATORY / HISTORICAL MODEL,The reviewed STAR map largely uses synthetic illustrative data and hardcoded expansion calibration anchors; it does not independently test a Hubble mechanism.,"[""E-LCL-016""]","[""EXP-COSMO-C01""]","[""EXP-COSMO-B02""]",PARTIAL / NOT ESTABLISHED for historical execution; exact inspected artifact hashes and locators retained,NO NEW INDEPENDENT REPLICATION PERFORMED,False,"[""Bind website displays to a synthetic/model provenance label; preserve model formulas and coefficients as construction choices. Keep COSMO-E002 downstream; displayed agreement with calibration anchors is not independent confirmation.""]"
HIST-001,Retained historical assertion 001,,S / HISTORICAL,31,2026-10-03,"Certain for inspected artifacts; absence of a verified chain is coverage-limited, not proof of universal absence",HISTORICAL ONLY / RECONSTRUCTION AND NEW CONTROLLED TEST REQUIRED,H + R,HISTORICAL MODEL / UNVERIFIED,"No physical or fidelity assertion is promoted. Preserve the original wording; reconstruct data generation, normalization, nulls and independent comparison before support.","[""E-LCL-006"", ""E-LCL-008"", ""E-LCL-016""]","[""EXP-RANK-A01"", ""EXP-TOPO-A01"", ""EXP-MAP-A01""]",[],PARTIAL / NOT ESTABLISHED for historical execution; exact inspected artifact hashes and locators retained,NO NEW INDEPENDENT REPLICATION PERFORMED,False,"[""Retain completed-run reports as historical computational evidence only; reconstruct identical mapping, filtration and survey/null comparisons before TOPO-001 promotion."", ""Retain both null/diagnostic generations. Rebuild adequate null counts, effect sizes, intervals, multiple-comparison controls, code binding and independent arithmetic/astronomical inputs before empirical promotion."", ""Bind website displays to a synthetic/model provenance label; preserve model formulas and coefficients as construction choices. Keep COSMO-E002 downstream; displayed agreement with calibration anchors is not independent confirmation.""]"
HIST-002,Retained historical assertion 002,,H / HISTORICAL,31,2026-10-03,"Certain for inspected artifacts; absence of a verified chain is coverage-limited, not proof of universal absence",HISTORICAL ONLY / RECONSTRUCTION AND NEW CONTROLLED TEST REQUIRED,H + R,HISTORICAL MODEL / UNVERIFIED,"No physical or fidelity assertion is promoted. Preserve the original wording; reconstruct data generation, normalization, nulls and independent comparison before support.","[""E-LCL-005"", ""E-LCL-008""]","[""EXP-RANK-A01"", ""EXP-RANK-A02""]",[],PARTIAL / NOT ESTABLISHED for historical execution; exact inspected artifact hashes and locators retained,NO NEW INDEPENDENT REPLICATION PERFORMED,False,"[""Record estimated/proxy status explicitly; prevent3-Selmer exactness or cosmic-evidence promotion from these filenames/results."", ""Retain both null/diagnostic generations. Rebuild adequate null counts, effect sizes, intervals, multiple-comparison controls, code binding and independent arithmetic/astronomical inputs before empirical promotion.""]"
HIST-003,Retained historical assertion 003,,H / T,32,2026-10-03,"Certain for inspected artifacts; absence of a verified chain is coverage-limited, not proof of universal absence",HISTORICAL ONLY / RECONSTRUCTION AND NEW CONTROLLED TEST REQUIRED,H + R,HISTORICAL MODEL / UNVERIFIED,"No physical or fidelity assertion is promoted. Preserve the original wording; reconstruct data generation, normalization, nulls and independent comparison before support.","[""E-LCL-005"", ""E-LCL-008""]","[""EXP-RANK-A01"", ""EXP-RANK-A02""]",[],PARTIAL / NOT ESTABLISHED for historical execution; exact inspected artifact hashes and locators retained,NO NEW INDEPENDENT REPLICATION PERFORMED,False,"[""Record estimated/proxy status explicitly; prevent3-Selmer exactness or cosmic-evidence promotion from these filenames/results."", ""Retain both null/diagnostic generations. Rebuild adequate null counts, effect sizes, intervals, multiple-comparison controls, code binding and independent arithmetic/astronomical inputs before empirical promotion.""]"
HIST-004,Retained historical assertion 004,,H / T,32,2026-10-03,"Certain for inspected artifacts; absence of a verified chain is coverage-limited, not proof of universal absence",HISTORICAL ONLY / RECONSTRUCTION AND NEW CONTROLLED TEST REQUIRED,H + R,HISTORICAL MODEL / UNVERIFIED,"No physical or fidelity assertion is promoted. Preserve the original wording; reconstruct data generation, normalization, nulls and independent comparison before support.","[""E-LCL-005"", ""E-LCL-008""]","[""EXP-RANK-A01"", ""EXP-RANK-A02""]",[],PARTIAL / NOT ESTABLISHED for historical execution; exact inspected artifact hashes and locators retained,NO NEW INDEPENDENT REPLICATION PERFORMED,False,"[""Record estimated/proxy status explicitly; prevent3-Selmer exactness or cosmic-evidence promotion from these filenames/results."", ""Retain both null/diagnostic generations. Rebuild adequate null counts, effect sizes, intervals, multiple-comparison controls, code binding and independent arithmetic/astronomical inputs before empirical promotion.""]"
HIST-005,Retained historical assertion 005,,H / T,32,2026-10-03,"Certain for inspected artifacts; absence of a verified chain is coverage-limited, not proof of universal absence",HISTORICAL ONLY / RECONSTRUCTION AND NEW CONTROLLED TEST REQUIRED,H + R,HISTORICAL MODEL / UNVERIFIED,"No physical or fidelity assertion is promoted. Preserve the original wording; reconstruct data generation, normalization, nulls and independent comparison before support.","[""E-LCL-005"", ""E-LCL-008""]","[""EXP-RANK-A01"", ""EXP-RANK-A02""]",[],PARTIAL / NOT ESTABLISHED for historical execution; exact inspected artifact hashes and locators retained,NO NEW INDEPENDENT REPLICATION PERFORMED,False,"[""Record estimated/proxy status explicitly; prevent3-Selmer exactness or cosmic-evidence promotion from these filenames/results."", ""Retain both null/diagnostic generations. Rebuild adequate null counts, effect sizes, intervals, multiple-comparison controls, code binding and independent arithmetic/astronomical inputs before empirical promotion.""]"
HIST-006,Retained historical assertion 006,,H / T,32,2026-10-03,"Certain for inspected artifacts; absence of a verified chain is coverage-limited, not proof of universal absence",HISTORICAL ONLY / RECONSTRUCTION AND NEW CONTROLLED TEST REQUIRED,H + R,HISTORICAL MODEL / UNVERIFIED,"No physical or fidelity assertion is promoted. Preserve the original wording; reconstruct data generation, normalization, nulls and independent comparison before support.","[""E-LCL-005"", ""E-LCL-008""]","[""EXP-RANK-A01"", ""EXP-RANK-A02""]",[],PARTIAL / NOT ESTABLISHED for historical execution; exact inspected artifact hashes and locators retained,NO NEW INDEPENDENT REPLICATION PERFORMED,False,"[""Record estimated/proxy status explicitly; prevent3-Selmer exactness or cosmic-evidence promotion from these filenames/results."", ""Retain both null/diagnostic generations. Rebuild adequate null counts, effect sizes, intervals, multiple-comparison controls, code binding and independent arithmetic/astronomical inputs before empirical promotion.""]"
HIST-007,Retained historical assertion 007,,EXPLORATORY / HISTORICAL,32,2026-10-03,"Certain for inspected artifacts; absence of a verified chain is coverage-limited, not proof of universal absence",HISTORICAL ONLY / RECONSTRUCTION AND NEW CONTROLLED TEST REQUIRED,H + R,HISTORICAL MODEL / UNVERIFIED,"No physical or fidelity assertion is promoted. Preserve the original wording; reconstruct data generation, normalization, nulls and independent comparison before support.","[""E-LCL-006"", ""E-LCL-008"", ""E-LCL-016""]","[""EXP-TOPO-A01""]",[],PARTIAL / NOT ESTABLISHED for historical execution; exact inspected artifact hashes and locators retained,NO NEW INDEPENDENT REPLICATION PERFORMED,False,"[""Retain completed-run reports as historical computational evidence only; reconstruct identical mapping, filtration and survey/null comparisons before TOPO-001 promotion."", ""Retain both null/diagnostic generations. Rebuild adequate null counts, effect sizes, intervals, multiple-comparison controls, code binding and independent arithmetic/astronomical inputs before empirical promotion."", ""Bind website displays to a synthetic/model provenance label; preserve model formulas and coefficients as construction choices. Keep COSMO-E002 downstream; displayed agreement with calibration anchors is not independent confirmation.""]"
HIST-008,Retained historical assertion 008,,HISTORICAL MODEL RESULT,32,2026-10-03,"Certain for inspected artifacts; absence of a verified chain is coverage-limited, not proof of universal absence",HISTORICAL ONLY / RECONSTRUCTION AND NEW CONTROLLED TEST REQUIRED,H + R,HISTORICAL MODEL / UNVERIFIED,"No physical or fidelity assertion is promoted. Preserve the original wording; reconstruct data generation, normalization, nulls and independent comparison before support.","[""E-LCL-006"", ""E-LCL-008"", ""E-LCL-016""]","[""EXP-DATA-A02"", ""EXP-TOPO-A01"", ""EXP-MAP-A01""]",[],PARTIAL / NOT ESTABLISHED for historical execution; exact inspected artifact hashes and locators retained,NO NEW INDEPENDENT REPLICATION PERFORMED,False,"[""Retain completed-run reports as historical computational evidence only; reconstruct identical mapping, filtration and survey/null comparisons before TOPO-001 promotion."", ""Retain both null/diagnostic generations. Rebuild adequate null counts, effect sizes, intervals, multiple-comparison controls, code binding and independent arithmetic/astronomical inputs before empirical promotion."", ""Bind website displays to a synthetic/model provenance label; preserve model formulas and coefficients as construction choices. Keep COSMO-E002 downstream; displayed agreement with calibration anchors is not independent confirmation.""]"
