experiment_id,title,baseline_source_page,baseline_evidence_state,audit_date,current_status,associated_claim_ids,finding_ids,results_classification,canonical_protocol_completed,evidence_promotion,reproducibility,replication_status,required_manifest_fields,next_actions
EXP-CTRL-A03,Leakage and Contamination Audit,7,R,2026-10-03,STATIC AUDIT FINDINGS RECORDED / CONTROLLED COMPARATIVE RERUN NOT PERFORMED,"[""CORE-001"", ""COSMO-L001"", ""SFR-A001"", ""CTRL-A002""]","[""E-LCL-009"", ""E-LCL-010"", ""E-LCL-012"", ""E-LCL-013"", ""E-LCL-014"", ""E-DRV-002"", ""E-DRV-003""]","NOT ASSIGNED: no controlled historical reproduction, new execution or independent replication was performed",False,False,PARTIAL / EXECUTION CHAIN NOT ESTABLISHED,NO NEW INDEPENDENT REPLICATION PERFORMED,"[""source dataset identifier/release/acquisition"", ""source and derived checksums"", ""preprocessing and experiment code revision"", ""environment/packages"", ""locked parameters and mapping"", ""random seeds and split IDs"", ""target/outcome definition"", ""null generation and count"", ""effect/uncertainty/multiple comparisons"", ""output metrics/plots"", ""independent dataset/implementation binding""]","[""Exclude undefined-correlation p-values from support, preserve them as diagnostic failures, and require finite/constant-input checks before permutation reporting."", ""Set Leakage Status POTENTIAL LEAKAGE for rank generalization and CONFIRMED TARGET CONTAMINATION for Faltings-held-out interpretation; rebuild fold-local embeddings and remove target-defining inputs for independent prediction tests."", ""Retain M/H categories and R evidence state; set preprocessing leakage concern, rename/cross-reference cosmo_rank semantically, bind the actual input revision, and conduct fold-local incremental models before promotion."", ""Classify as historical random-feature stellar-mass baseline/control candidate, preserve absent-target diagnostic, and require exact input/schema plus explicit outcome exclusion and SFR-specific control reconstruction."", ""Keep repository CSV namespace as legacy, preserve original files, and document explicit semantic crosswalk/conflicts before migrating IDs into the canonical update."", ""Bind a precise executed code/data revision and reconstruct fold-local preprocessing before crediting reported predictive performance."", ""Retain proposal/code provenance; validate an exact runnable variant, training-fold derived quantities, outcome definition and locked independent test.""]"
EXP-CTRL-A01,Random-Feature Baseline,8,C/R,2026-10-03,HISTORICAL/DIAGNOSTIC ARTIFACTS LINKED / RECONSTRUCTION REQUIRED,"[""CTRL-RF001""]","[""E-LCL-013"", ""E-LCL-014""]","NOT ASSIGNED: no controlled historical reproduction, new execution or independent replication was performed",False,False,PARTIAL / EXECUTION CHAIN NOT ESTABLISHED,NO NEW INDEPENDENT REPLICATION PERFORMED,"[""source dataset identifier/release/acquisition"", ""source and derived checksums"", ""preprocessing and experiment code revision"", ""environment/packages"", ""locked parameters and mapping"", ""random seeds and split IDs"", ""target/outcome definition"", ""null generation and count"", ""effect/uncertainty/multiple comparisons"", ""output metrics/plots"", ""independent dataset/implementation binding""]","[""Classify as historical random-feature stellar-mass baseline/control candidate, preserve absent-target diagnostic, and require exact input/schema plus explicit outcome exclusion and SFR-specific control reconstruction."", ""Keep repository CSV namespace as legacy, preserve original files, and document explicit semantic crosswalk/conflicts before migrating IDs into the canonical update.""]"
EXP-CTRL-A02,Arithmetic Permutation Control,10,N,2026-10-03,HISTORICAL/DIAGNOSTIC ARTIFACTS LINKED / RECONSTRUCTION REQUIRED,"[""ARITH-001"", ""SFR-A001"", ""CTRL-A001""]","[""E-LCL-009"", ""E-LCL-014""]","NOT ASSIGNED: no controlled historical reproduction, new execution or independent replication was performed",False,False,PARTIAL / EXECUTION CHAIN NOT ESTABLISHED,NO NEW INDEPENDENT REPLICATION PERFORMED,"[""source dataset identifier/release/acquisition"", ""source and derived checksums"", ""preprocessing and experiment code revision"", ""environment/packages"", ""locked parameters and mapping"", ""random seeds and split IDs"", ""target/outcome definition"", ""null generation and count"", ""effect/uncertainty/multiple comparisons"", ""output metrics/plots"", ""independent dataset/implementation binding""]","[""Exclude undefined-correlation p-values from support, preserve them as diagnostic failures, and require finite/constant-input checks before permutation reporting."", ""Keep repository CSV namespace as legacy, preserve original files, and document explicit semantic crosswalk/conflicts before migrating IDs into the canonical update.""]"
EXP-K001,Log-Normal Reciprocal-Normalization Test,11,R,2026-10-03,HISTORICAL/DIAGNOSTIC ARTIFACTS LINKED / RECONSTRUCTION REQUIRED,"[""MATH-K001"", ""MATH-K002""]","[""E-DRV-001""]","NOT ASSIGNED: no controlled historical reproduction, new execution or independent replication was performed",False,False,PARTIAL / EXECUTION CHAIN NOT ESTABLISHED,NO NEW INDEPENDENT REPLICATION PERFORMED,"[""source dataset identifier/release/acquisition"", ""source and derived checksums"", ""preprocessing and experiment code revision"", ""environment/packages"", ""locked parameters and mapping"", ""random seeds and split IDs"", ""target/outcome definition"", ""null generation and count"", ""effect/uncertainty/multiple comparisons"", ""output metrics/plots"", ""independent dataset/implementation binding""]","[""Reconstruct assumptions, exact masses/units, median definition, seeds and sample selection. Retain unstable results and separate the expectation argument from physical interpretation.""]"
EXP-L001,(L_{\rm cosmo}(s)) Model Validation,13,R,2026-10-03,HISTORICAL/DIAGNOSTIC ARTIFACTS LINKED / RECONSTRUCTION REQUIRED,"[""COSMO-L001""]","[""E-LCL-012"", ""E-DRV-003""]","NOT ASSIGNED: no controlled historical reproduction, new execution or independent replication was performed",False,False,PARTIAL / EXECUTION CHAIN NOT ESTABLISHED,NO NEW INDEPENDENT REPLICATION PERFORMED,"[""source dataset identifier/release/acquisition"", ""source and derived checksums"", ""preprocessing and experiment code revision"", ""environment/packages"", ""locked parameters and mapping"", ""random seeds and split IDs"", ""target/outcome definition"", ""null generation and count"", ""effect/uncertainty/multiple comparisons"", ""output metrics/plots"", ""independent dataset/implementation binding""]","[""Retain M/H categories and R evidence state; set preprocessing leakage concern, rename/cross-reference cosmo_rank semantically, bind the actual input revision, and conduct fold-local incremental models before promotion."", ""Retain proposal/code provenance; validate an exact runnable variant, training-fold derived quantities, outcome definition and locked independent test.""]"
EXP-SFR-A01,Arithmetic Incremental SFR Prediction,15,N/R,2026-10-03,HISTORICAL/DIAGNOSTIC ARTIFACTS LINKED / RECONSTRUCTION REQUIRED,"[""COSMO-L002"", ""SFR-A001""]","[""E-LCL-012"", ""E-DRV-002"", ""E-DRV-003""]","NOT ASSIGNED: no controlled historical reproduction, new execution or independent replication was performed",False,False,PARTIAL / EXECUTION CHAIN NOT ESTABLISHED,NO NEW INDEPENDENT REPLICATION PERFORMED,"[""source dataset identifier/release/acquisition"", ""source and derived checksums"", ""preprocessing and experiment code revision"", ""environment/packages"", ""locked parameters and mapping"", ""random seeds and split IDs"", ""target/outcome definition"", ""null generation and count"", ""effect/uncertainty/multiple comparisons"", ""output metrics/plots"", ""independent dataset/implementation binding""]","[""Retain M/H categories and R evidence state; set preprocessing leakage concern, rename/cross-reference cosmo_rank semantically, bind the actual input revision, and conduct fold-local incremental models before promotion."", ""Bind a precise executed code/data revision and reconstruct fold-local preprocessing before crediting reported predictive performance."", ""Retain proposal/code provenance; validate an exact runnable variant, training-fold derived quantities, outcome definition and locked independent test.""]"
EXP-SFR-A02,Arithmetic-Only SFR Prediction,16,N,2026-10-03,PLANNED CONTROLLED EXPERIMENT / COMPLETED EXECUTION NOT VERIFIED,"[""SFR-A002""]",[],"NOT ASSIGNED: no controlled historical reproduction, new execution or independent replication was performed",False,False,PARTIAL / EXECUTION CHAIN NOT ESTABLISHED,NO NEW INDEPENDENT REPLICATION PERFORMED,"[""source dataset identifier/release/acquisition"", ""source and derived checksums"", ""preprocessing and experiment code revision"", ""environment/packages"", ""locked parameters and mapping"", ""random seeds and split IDs"", ""target/outcome definition"", ""null generation and count"", ""effect/uncertainty/multiple comparisons"", ""output metrics/plots"", ""independent dataset/implementation binding""]","[""Execute the original registered protocol after its data, mathematical and control dependencies are resolved; do not substitute illustrative code or document prose for execution.""]"
EXP-SFR-A03,Extreme-SFR Robustness,17,R/N,2026-10-03,HISTORICAL/DIAGNOSTIC ARTIFACTS LINKED / RECONSTRUCTION REQUIRED,"[""SFR-E001"", ""SFR-A003""]","[""E-DRV-002""]","NOT ASSIGNED: no controlled historical reproduction, new execution or independent replication was performed",False,False,PARTIAL / EXECUTION CHAIN NOT ESTABLISHED,NO NEW INDEPENDENT REPLICATION PERFORMED,"[""source dataset identifier/release/acquisition"", ""source and derived checksums"", ""preprocessing and experiment code revision"", ""environment/packages"", ""locked parameters and mapping"", ""random seeds and split IDs"", ""target/outcome definition"", ""null generation and count"", ""effect/uncertainty/multiple comparisons"", ""output metrics/plots"", ""independent dataset/implementation binding""]","[""Bind a precise executed code/data revision and reconstruct fold-local preprocessing before crediting reported predictive performance.""]"
EXP-RANK-A01,Rank and Cosmic Environment,18,N,2026-10-03,HISTORICAL/DIAGNOSTIC ARTIFACTS LINKED / RECONSTRUCTION REQUIRED,"[""CORE-001"", ""RANK-001"", ""RANK-002"", ""RANK-003"", ""HIST-001"", ""HIST-002"", ""HIST-003"", ""HIST-004"", ""HIST-005"", ""HIST-006""]","[""E-LCL-004"", ""E-LCL-005""]","NOT ASSIGNED: no controlled historical reproduction, new execution or independent replication was performed",False,False,PARTIAL / EXECUTION CHAIN NOT ESTABLISHED,NO NEW INDEPENDENT REPLICATION PERFORMED,"[""source dataset identifier/release/acquisition"", ""source and derived checksums"", ""preprocessing and experiment code revision"", ""environment/packages"", ""locked parameters and mapping"", ""random seeds and split IDs"", ""target/outcome definition"", ""null generation and count"", ""effect/uncertainty/multiple comparisons"", ""output metrics/plots"", ""independent dataset/implementation binding""]","[""Retain partial lineage and missing-invariant diagnostics; bind exact upstream snapshot and preprocessing code to a registered dataset version before controlled testing."", ""Record estimated/proxy status explicitly; prevent3-Selmer exactness or cosmic-evidence promotion from these filenames/results.""]"
EXP-RANK-A02,Rank-Weighted Cosmic Topology,20,N/R,2026-10-03,PLANNED CONTROLLED EXPERIMENT / COMPLETED EXECUTION NOT VERIFIED,"[""RANK-002"", ""RANK-003"", ""TOPO-001"", ""TOPO-002"", ""HIST-002"", ""HIST-003"", ""HIST-004"", ""HIST-005"", ""HIST-006""]",[],"NOT ASSIGNED: no controlled historical reproduction, new execution or independent replication was performed",False,False,PARTIAL / EXECUTION CHAIN NOT ESTABLISHED,NO NEW INDEPENDENT REPLICATION PERFORMED,"[""source dataset identifier/release/acquisition"", ""source and derived checksums"", ""preprocessing and experiment code revision"", ""environment/packages"", ""locked parameters and mapping"", ""random seeds and split IDs"", ""target/outcome definition"", ""null generation and count"", ""effect/uncertainty/multiple comparisons"", ""output metrics/plots"", ""independent dataset/implementation binding""]","[""Execute the original registered protocol after its data, mathematical and control dependencies are resolved; do not substitute illustrative code or document prose for execution.""]"
EXP-TOPO-A01,Null-Calibrated Persistent Homology,22,R/N,2026-10-03,HISTORICAL/DIAGNOSTIC ARTIFACTS LINKED / RECONSTRUCTION REQUIRED,"[""CORE-001"", ""TOPO-001"", ""TOPO-002"", ""TOPO-003"", ""HIST-001"", ""HIST-007"", ""HIST-008""]","[""E-LCL-003"", ""E-LCL-006"", ""E-LCL-007"", ""E-LCL-008""]","NOT ASSIGNED: no controlled historical reproduction, new execution or independent replication was performed",False,False,PARTIAL / EXECUTION CHAIN NOT ESTABLISHED,NO NEW INDEPENDENT REPLICATION PERFORMED,"[""source dataset identifier/release/acquisition"", ""source and derived checksums"", ""preprocessing and experiment code revision"", ""environment/packages"", ""locked parameters and mapping"", ""random seeds and split IDs"", ""target/outcome definition"", ""null generation and count"", ""effect/uncertainty/multiple comparisons"", ""output metrics/plots"", ""independent dataset/implementation binding""]","[""Preserve exact-path/hash revisions, flag copied manifests as inconsistent, and do not attribute working full-sample results to packaged subsets or blank outputs."", ""Retain completed-run reports as historical computational evidence only; reconstruct identical mapping, filtration and survey/null comparisons before TOPO-001 promotion."", ""Keep both generation IDs and exact input hashes; register RTCH-E1 as a separate local simulation/control if desired, without silently substituting it for canonical EXP-RTCH-B01."", ""Retain both null/diagnostic generations. Rebuild adequate null counts, effect sizes, intervals, multiple-comparison controls, code binding and independent arithmetic/astronomical inputs before empirical promotion.""]"
EXP-MAP-A01,Mapping-Family Comparison,23,R/N,2026-10-03,HISTORICAL/DIAGNOSTIC ARTIFACTS LINKED / RECONSTRUCTION REQUIRED,"[""MAP-001"", ""MAP-002"", ""MAP-003"", ""MAP-004"", ""MAP-005"", ""HIST-001"", ""HIST-008""]","[""E-LCL-003"", ""E-LCL-004"", ""E-LCL-006"", ""E-LCL-016""]","NOT ASSIGNED: no controlled historical reproduction, new execution or independent replication was performed",False,False,PARTIAL / EXECUTION CHAIN NOT ESTABLISHED,NO NEW INDEPENDENT REPLICATION PERFORMED,"[""source dataset identifier/release/acquisition"", ""source and derived checksums"", ""preprocessing and experiment code revision"", ""environment/packages"", ""locked parameters and mapping"", ""random seeds and split IDs"", ""target/outcome definition"", ""null generation and count"", ""effect/uncertainty/multiple comparisons"", ""output metrics/plots"", ""independent dataset/implementation binding""]","[""Preserve exact-path/hash revisions, flag copied manifests as inconsistent, and do not attribute working full-sample results to packaged subsets or blank outputs."", ""Retain partial lineage and missing-invariant diagnostics; bind exact upstream snapshot and preprocessing code to a registered dataset version before controlled testing."", ""Retain completed-run reports as historical computational evidence only; reconstruct identical mapping, filtration and survey/null comparisons before TOPO-001 promotion."", ""Bind website displays to a synthetic/model provenance label; preserve model formulas and coefficients as construction choices. Keep COSMO-E002 downstream; displayed agreement with calibration anchors is not independent confirmation.""]"
EXP-MAP-A02,Rank-Scale Sensitivity,24,N,2026-10-03,PLANNED CONTROLLED EXPERIMENT / COMPLETED EXECUTION NOT VERIFIED,"[""MAP-003""]",[],"NOT ASSIGNED: no controlled historical reproduction, new execution or independent replication was performed",False,False,PARTIAL / EXECUTION CHAIN NOT ESTABLISHED,NO NEW INDEPENDENT REPLICATION PERFORMED,"[""source dataset identifier/release/acquisition"", ""source and derived checksums"", ""preprocessing and experiment code revision"", ""environment/packages"", ""locked parameters and mapping"", ""random seeds and split IDs"", ""target/outcome definition"", ""null generation and count"", ""effect/uncertainty/multiple comparisons"", ""output metrics/plots"", ""independent dataset/implementation binding""]","[""Execute the original registered protocol after its data, mathematical and control dependencies are resolved; do not substitute illustrative code or document prose for execution.""]"
EXP-MAP-A03,Arithmetic Generator Controls,25,N/R,2026-10-03,PLANNED CONTROLLED EXPERIMENT / COMPLETED EXECUTION NOT VERIFIED,"[""ARITH-001""]",[],"NOT ASSIGNED: no controlled historical reproduction, new execution or independent replication was performed",False,False,PARTIAL / EXECUTION CHAIN NOT ESTABLISHED,NO NEW INDEPENDENT REPLICATION PERFORMED,"[""source dataset identifier/release/acquisition"", ""source and derived checksums"", ""preprocessing and experiment code revision"", ""environment/packages"", ""locked parameters and mapping"", ""random seeds and split IDs"", ""target/outcome definition"", ""null generation and count"", ""effect/uncertainty/multiple comparisons"", ""output metrics/plots"", ""independent dataset/implementation binding""]","[""Execute the original registered protocol after its data, mathematical and control dependencies are resolved; do not substitute illustrative code or document prose for execution.""]"
EXP-DATA-A01,Cross-Survey Matching Validation,26,U/R,2026-10-03,INSPECTED ASSOCIATIONS FAILED / MATCH REBUILD REQUIRED,"[""CORE-001"", ""DATA-M001""]","[""E-LCL-001"", ""E-LCL-002"", ""E-LCL-015""]","NOT ASSIGNED: no controlled historical reproduction, new execution or independent replication was performed",False,False,PARTIAL / EXECUTION CHAIN NOT ESTABLISHED,NO NEW INDEPENDENT REPLICATION PERFORMED,"[""source dataset identifier/release/acquisition"", ""source and derived checksums"", ""preprocessing and experiment code revision"", ""environment/packages"", ""locked parameters and mapping"", ""random seeds and split IDs"", ""target/outcome definition"", ""null generation and count"", ""effect/uncertainty/multiple comparisons"", ""output metrics/plots"", ""independent dataset/implementation binding""]","[""Retain failed data-quality evidence; quarantine these tables from controlled analyses until matching is rebuilt from source catalogs with spherical distance, keyed joins, duplicate controls, tolerance sensitivity, and saved data/code hashes."", ""Record code variants separately and reconstruct EXP-DATA-A01 using a registered coordinate system, exact input IDs, spherical matching, and explicit identity crosswalks."", ""Preserve upstream identifiers as observed provenance fields; add exact release/query and processing/code bindings before declaring complete lineage.""]"
EXP-DATA-A02,Data-Lineage Reconstruction,27,R,2026-10-03,PROVENANCE AUDIT PARTIALLY COMPLETED / LINEAGE GAPS REMAIN,"[""CORE-001"", ""DATA-M002"", ""HIST-008""]","[""E-DRV-004"", ""E-LCL-003"", ""E-LCL-004"", ""E-LCL-014"", ""E-LCL-015""]","NOT ASSIGNED: no controlled historical reproduction, new execution or independent replication was performed",False,False,PARTIAL / EXECUTION CHAIN NOT ESTABLISHED,NO NEW INDEPENDENT REPLICATION PERFORMED,"[""source dataset identifier/release/acquisition"", ""source and derived checksums"", ""preprocessing and experiment code revision"", ""environment/packages"", ""locked parameters and mapping"", ""random seeds and split IDs"", ""target/outcome definition"", ""null generation and count"", ""effect/uncertainty/multiple comparisons"", ""output metrics/plots"", ""independent dataset/implementation binding""]","[""Keep proposal, observed output and interpretation separate; require machine run manifests for execution claims."", ""Preserve exact-path/hash revisions, flag copied manifests as inconsistent, and do not attribute working full-sample results to packaged subsets or blank outputs."", ""Retain partial lineage and missing-invariant diagnostics; bind exact upstream snapshot and preprocessing code to a registered dataset version before controlled testing."", ""Keep repository CSV namespace as legacy, preserve original files, and document explicit semantic crosswalk/conflicts before migrating IDs into the canonical update."", ""Preserve upstream identifiers as observed provenance fields; add exact release/query and processing/code bindings before declaring complete lineage.""]"
EXP-RTCH-B01,RTCH Mathematical Consistency,28,D,2026-10-03,THEORETICAL/PHYSICAL AUDIT OR TEST REQUIRED / NOT VERIFIED COMPLETE,"[""RTCH-M001"", ""RTCH-M002"", ""RTCH-H004""]","[""E-LCL-007""]","NOT ASSIGNED: no controlled historical reproduction, new execution or independent replication was performed",False,False,PARTIAL / EXECUTION CHAIN NOT ESTABLISHED,NO NEW INDEPENDENT REPLICATION PERFORMED,"[""source dataset identifier/release/acquisition"", ""source and derived checksums"", ""preprocessing and experiment code revision"", ""environment/packages"", ""locked parameters and mapping"", ""random seeds and split IDs"", ""target/outcome definition"", ""null generation and count"", ""effect/uncertainty/multiple comparisons"", ""output metrics/plots"", ""independent dataset/implementation binding""]","[""Keep both generation IDs and exact input hashes; register RTCH-E1 as a separate local simulation/control if desired, without silently substituting it for canonical EXP-RTCH-B01.""]"
EXP-RTCH-B02,RTCH Fifth-Force Constraint,30,N,2026-10-03,PLANNED CONTROLLED EXPERIMENT / COMPLETED EXECUTION NOT VERIFIED,"[""RTCH-H001"", ""RTCH-H003""]",[],"NOT ASSIGNED: no controlled historical reproduction, new execution or independent replication was performed",False,False,PARTIAL / EXECUTION CHAIN NOT ESTABLISHED,NO NEW INDEPENDENT REPLICATION PERFORMED,"[""source dataset identifier/release/acquisition"", ""source and derived checksums"", ""preprocessing and experiment code revision"", ""environment/packages"", ""locked parameters and mapping"", ""random seeds and split IDs"", ""target/outcome definition"", ""null generation and count"", ""effect/uncertainty/multiple comparisons"", ""output metrics/plots"", ""independent dataset/implementation binding""]","[""Execute the original registered protocol after its data, mathematical and control dependencies are resolved; do not substitute illustrative code or document prose for execution.""]"
EXP-RTCH-B03,Trace-Free Radiation Control,31,D/N,2026-10-03,THEORETICAL/PHYSICAL AUDIT OR TEST REQUIRED / NOT VERIFIED COMPLETE,"[""RTCH-H002""]",[],"NOT ASSIGNED: no controlled historical reproduction, new execution or independent replication was performed",False,False,PARTIAL / EXECUTION CHAIN NOT ESTABLISHED,NO NEW INDEPENDENT REPLICATION PERFORMED,"[""source dataset identifier/release/acquisition"", ""source and derived checksums"", ""preprocessing and experiment code revision"", ""environment/packages"", ""locked parameters and mapping"", ""random seeds and split IDs"", ""target/outcome definition"", ""null generation and count"", ""effect/uncertainty/multiple comparisons"", ""output metrics/plots"", ""independent dataset/implementation binding""]","[""Execute the original registered protocol after its data, mathematical and control dependencies are resolved; do not substitute illustrative code or document prose for execution.""]"
EXP-FIELD-B01,Arithmetic Field Construction,32,N,2026-10-03,THEORETICAL/PHYSICAL AUDIT OR TEST REQUIRED / NOT VERIFIED COMPLETE,"[""FIELD-001""]",[],"NOT ASSIGNED: no controlled historical reproduction, new execution or independent replication was performed",False,False,PARTIAL / EXECUTION CHAIN NOT ESTABLISHED,NO NEW INDEPENDENT REPLICATION PERFORMED,"[""source dataset identifier/release/acquisition"", ""source and derived checksums"", ""preprocessing and experiment code revision"", ""environment/packages"", ""locked parameters and mapping"", ""random seeds and split IDs"", ""target/outcome definition"", ""null generation and count"", ""effect/uncertainty/multiple comparisons"", ""output metrics/plots"", ""independent dataset/implementation binding""]","[""Execute the original registered protocol after its data, mathematical and control dependencies are resolved; do not substitute illustrative code or document prose for execution.""]"
EXP-FIELD-B02,Arithmetic Field vs Einstein Tensor,33,N,2026-10-03,THEORETICAL/PHYSICAL AUDIT OR TEST REQUIRED / NOT VERIFIED COMPLETE,"[""FIELD-002"", ""FIELD-003""]",[],"NOT ASSIGNED: no controlled historical reproduction, new execution or independent replication was performed",False,False,PARTIAL / EXECUTION CHAIN NOT ESTABLISHED,NO NEW INDEPENDENT REPLICATION PERFORMED,"[""source dataset identifier/release/acquisition"", ""source and derived checksums"", ""preprocessing and experiment code revision"", ""environment/packages"", ""locked parameters and mapping"", ""random seeds and split IDs"", ""target/outcome definition"", ""null generation and count"", ""effect/uncertainty/multiple comparisons"", ""output metrics/plots"", ""independent dataset/implementation binding""]","[""Execute the original registered protocol after its data, mathematical and control dependencies are resolved; do not substitute illustrative code or document prose for execution.""]"
EXP-ECC-B01,Entropy/Cohomology Consistency,34,D/R,2026-10-03,THEORETICAL/PHYSICAL AUDIT OR TEST REQUIRED / NOT VERIFIED COMPLETE,"[""ECC-001"", ""ECC-002""]","[""E-LCL-007"", ""E-DRV-004""]","NOT ASSIGNED: no controlled historical reproduction, new execution or independent replication was performed",False,False,PARTIAL / EXECUTION CHAIN NOT ESTABLISHED,NO NEW INDEPENDENT REPLICATION PERFORMED,"[""source dataset identifier/release/acquisition"", ""source and derived checksums"", ""preprocessing and experiment code revision"", ""environment/packages"", ""locked parameters and mapping"", ""random seeds and split IDs"", ""target/outcome definition"", ""null generation and count"", ""effect/uncertainty/multiple comparisons"", ""output metrics/plots"", ""independent dataset/implementation binding""]","[""Keep both generation IDs and exact input hashes; register RTCH-E1 as a separate local simulation/control if desired, without silently substituting it for canonical EXP-RTCH-B01."", ""Keep proposal, observed output and interpretation separate; require machine run manifests for execution claims.""]"
EXP-ENERGY-B01,Generalized Mass-Energy Relation,35,N,2026-10-03,THEORETICAL/PHYSICAL AUDIT OR TEST REQUIRED / NOT VERIFIED COMPLETE,"[""ECC-003"", ""ENERGY-001""]",[],"NOT ASSIGNED: no controlled historical reproduction, new execution or independent replication was performed",False,False,PARTIAL / EXECUTION CHAIN NOT ESTABLISHED,NO NEW INDEPENDENT REPLICATION PERFORMED,"[""source dataset identifier/release/acquisition"", ""source and derived checksums"", ""preprocessing and experiment code revision"", ""environment/packages"", ""locked parameters and mapping"", ""random seeds and split IDs"", ""target/outcome definition"", ""null generation and count"", ""effect/uncertainty/multiple comparisons"", ""output metrics/plots"", ""independent dataset/implementation binding""]","[""Execute the original registered protocol after its data, mathematical and control dependencies are resolved; do not substitute illustrative code or document prose for execution.""]"
EXP-COSMO-B01,Arithmetic/Topological Evolution,36,N,2026-10-03,PLANNED CONTROLLED EXPERIMENT / COMPLETED EXECUTION NOT VERIFIED,"[""COSMO-E001""]",[],"NOT ASSIGNED: no controlled historical reproduction, new execution or independent replication was performed",False,False,PARTIAL / EXECUTION CHAIN NOT ESTABLISHED,NO NEW INDEPENDENT REPLICATION PERFORMED,"[""source dataset identifier/release/acquisition"", ""source and derived checksums"", ""preprocessing and experiment code revision"", ""environment/packages"", ""locked parameters and mapping"", ""random seeds and split IDs"", ""target/outcome definition"", ""null generation and count"", ""effect/uncertainty/multiple comparisons"", ""output metrics/plots"", ""independent dataset/implementation binding""]","[""Execute the original registered protocol after its data, mathematical and control dependencies are resolved; do not substitute illustrative code or document prose for execution.""]"
EXP-COSMO-C01,Hubble–Planck Tension Application,36,N,2026-10-03,DEFERRED / PREREQUISITES UNVERIFIED; CALIBRATED DEMO INSUFFICIENT,"[""COSMO-E002""]","[""E-LCL-016""]","NOT ASSIGNED: no controlled historical reproduction, new execution or independent replication was performed",False,False,PARTIAL / EXECUTION CHAIN NOT ESTABLISHED,NO NEW INDEPENDENT REPLICATION PERFORMED,"[""source dataset identifier/release/acquisition"", ""source and derived checksums"", ""preprocessing and experiment code revision"", ""environment/packages"", ""locked parameters and mapping"", ""random seeds and split IDs"", ""target/outcome definition"", ""null generation and count"", ""effect/uncertainty/multiple comparisons"", ""output metrics/plots"", ""independent dataset/implementation binding""]","[""Bind website displays to a synthetic/model provenance label; preserve model formulas and coefficients as construction choices. Keep COSMO-E002 downstream; displayed agreement with calibration anchors is not independent confirmation.""]"
